﻿<?xml version="1.0" encoding="utf-8" standalone="yes"?>
<Events><Event xmlns='http://schemas.microsoft.com/win/2004/08/events/event'><System><Provider Name='Microsoft-Windows-Sysmon' Guid='{5770385f-c22a-43e0-bf4c-06f5698ffbd9}'/><EventID>13</EventID><Version>2</Version><Level>4</Level><Task>13</Task><Opcode>0</Opcode><Keywords>0x8000000000000000</Keywords><TimeCreated SystemTime='2023-03-26T05:45:50.963644500Z'/><EventRecordID>36918</EventRecordID><Correlation/><Execution ProcessID='2616' ThreadID='3528'/><Channel>Microsoft-Windows-Sysmon/Operational</Channel><Computer>AttackDefense</Computer><Security UserID='S-1-5-18'/></System><EventData><Data Name='RuleName'>T1060,RunKey</Data><Data Name='EventType'>SetValue</Data><Data Name='UtcTime'>2023-03-26 05:45:50.954</Data><Data Name='ProcessGuid'>{221ce7aa-d9ba-641f-0901-00000000df00}</Data><Data Name='ProcessId'>4576</Data><Data Name='Image'>C:\Windows\regedit.exe</Data><Data Name='TargetObject'>HKLM\SOFTWARE\Microsoft\Windows\CurrentVersion\RunOnce\(Default)</Data><Data Name='Details'>0</Data><Data Name='User'>ATTACKDEFENSE\Administrator</Data></EventData></Event><Event xmlns='http://schemas.microsoft.com/win/2004/08/events/event'><System><Provider Name='Microsoft-Windows-Sysmon' Guid='{5770385f-c22a-43e0-bf4c-06f5698ffbd9}'/><EventID>13</EventID><Version>2</Version><Level>4</Level><Task>13</Task><Opcode>0</Opcode><Keywords>0x8000000000000000</Keywords><TimeCreated SystemTime='2023-03-26T05:45:43.919529700Z'/><EventRecordID>36917</EventRecordID><Correlation/><Execution ProcessID='2616' ThreadID='3528'/><Channel>Microsoft-Windows-Sysmon/Operational</Channel><Computer>AttackDefense</Computer><Security UserID='S-1-5-18'/></System><EventData><Data Name='RuleName'>T1060,RunKey</Data><Data Name='EventType'>SetValue</Data><Data Name='UtcTime'>2023-03-26 05:45:43.910</Data><Data Name='ProcessGuid'>{221ce7aa-d9ba-641f-0901-00000000df00}</Data><Data Name='ProcessId'>4576</Data><Data Name='Image'>C:\Windows\regedit.exe</Data><Data Name='TargetObject'>HKLM\SOFTWARE\Microsoft\Windows\CurrentVersion\Run\(Default)</Data><Data Name='Details'>0</Data><Data Name='User'>ATTACKDEFENSE\Administrator</Data></EventData></Event><Event xmlns='http://schemas.microsoft.com/win/2004/08/events/event'><System><Provider Name='Microsoft-Windows-Sysmon' Guid='{5770385f-c22a-43e0-bf4c-06f5698ffbd9}'/><EventID>13</EventID><Version>2</Version><Level>4</Level><Task>13</Task><Opcode>0</Opcode><Keywords>0x8000000000000000</Keywords><TimeCreated SystemTime='2023-03-26T05:41:54.570574400Z'/><EventRecordID>36916</EventRecordID><Correlation/><Execution ProcessID='2616' ThreadID='3528'/><Channel>Microsoft-Windows-Sysmon/Operational</Channel><Computer>AttackDefense</Computer><Security UserID='S-1-5-18'/></System><EventData><Data Name='RuleName'>Suspicious,ImageBeginWithBackslash</Data><Data Name='EventType'>SetValue</Data><Data Name='UtcTime'>2023-03-26 05:41:54.565</Data><Data Name='ProcessGuid'>{221ce7aa-d9ba-641f-0901-00000000df00}</Data><Data Name='ProcessId'>4576</Data><Data Name='Image'>C:\Windows\regedit.exe</Data><Data Name='TargetObject'>HKLM\SOFTWARE\Microsoft\Windows NT\(Default)</Data><Data Name='Details'>0</Data><Data Name='User'>ATTACKDEFENSE\Administrator</Data></EventData></Event><Event xmlns='http://schemas.microsoft.com/win/2004/08/events/event'><System><Provider Name='Microsoft-Windows-Sysmon' Guid='{5770385f-c22a-43e0-bf4c-06f5698ffbd9}'/><EventID>1</EventID><Version>5</Version><Level>4</Level><Task>1</Task><Opcode>0</Opcode><Keywords>0x8000000000000000</Keywords><TimeCreated SystemTime='2023-03-26T05:40:52.650147500Z'/><EventRecordID>36915</EventRecordID><Correlation/><Execution ProcessID='2616' ThreadID='3528'/><Channel>Microsoft-Windows-Sysmon/Operational</Channel><Computer>AttackDefense</Computer><Security UserID='S-1-5-18'/></System><EventData><Data Name='RuleName'>-</Data><Data Name='UtcTime'>2023-03-26 05:40:52.649</Data><Data Name='ProcessGuid'>{221ce7aa-dae4-641f-0a01-00000000df00}</Data><Data Name='ProcessId'>3476</Data><Data Name='Image'>C:\Windows\System32\rundll32.exe</Data><Data Name='FileVersion'>10.0.17763.1 (WinBuild.160101.0800)</Data><Data Name='Description'>Windows host process (Rundll32)</Data><Data Name='Product'>Microsoft® Windows® Operating System</Data><Data Name='Company'>Microsoft Corporation</Data><Data Name='OriginalFileName'>RUNDLL32.EXE</Data><Data Name='CommandLine'>C:\Windows\system32\rundll32.exe /d acproxy.dll,PerformAutochkOperations</Data><Data Name='CurrentDirectory'>C:\Windows\system32\</Data><Data Name='User'>NT AUTHORITY\SYSTEM</Data><Data Name='LogonGuid'>{221ce7aa-cfe8-641f-e703-000000000000}</Data><Data Name='LogonId'>0x3e7</Data><Data Name='TerminalSessionId'>0</Data><Data Name='IntegrityLevel'>System</Data><Data Name='Hashes'>MD5=C73BA51880F5A7FB20C84185A23212EF,SHA256=01B407AF0200B66A34D9B1FA6D9EAAB758EFA36A36BB99B554384F59F8690B1A,IMPHASH=F27A7FC3A53E74F45BE370131953896A</Data><Data Name='ParentProcessGuid'>{00000000-0000-0000-0000-000000000000}</Data><Data Name='ParentProcessId'>1524</Data><Data Name='ParentImage'>-</Data><Data Name='ParentCommandLine'>-</Data><Data Name='ParentUser'>-</Data></EventData></Event><Event xmlns='http://schemas.microsoft.com/win/2004/08/events/event'><System><Provider Name='Microsoft-Windows-Sysmon' Guid='{5770385f-c22a-43e0-bf4c-06f5698ffbd9}'/><EventID>12</EventID><Version>2</Version><Level>4</Level><Task>12</Task><Opcode>0</Opcode><Keywords>0x8000000000000000</Keywords><TimeCreated SystemTime='2023-03-26T05:37:28.376070300Z'/><EventRecordID>36914</EventRecordID><Correlation/><Execution ProcessID='2616' ThreadID='3528'/><Channel>Microsoft-Windows-Sysmon/Operational</Channel><Computer>AttackDefense</Computer><Security UserID='S-1-5-18'/></System><EventData><Data Name='RuleName'>Suspicious,ImageBeginWithBackslash</Data><Data Name='EventType'>DeleteValue</Data><Data Name='UtcTime'>2023-03-26 05:37:28.373</Data><Data Name='ProcessGuid'>{221ce7aa-d9ba-641f-0901-00000000df00}</Data><Data Name='ProcessId'>4576</Data><Data Name='Image'>C:\Windows\regedit.exe</Data><Data Name='TargetObject'>HKU\S-1-5-21-3688751335-3073641799-161370460-500\Control Panel\Desktop\WallPaper</Data><Data Name='User'>ATTACKDEFENSE\Administrator</Data></EventData></Event><Event xmlns='http://schemas.microsoft.com/win/2004/08/events/event'><System><Provider Name='Microsoft-Windows-Sysmon' Guid='{5770385f-c22a-43e0-bf4c-06f5698ffbd9}'/><EventID>13</EventID><Version>2</Version><Level>4</Level><Task>13</Task><Opcode>0</Opcode><Keywords>0x8000000000000000</Keywords><TimeCreated SystemTime='2023-03-26T05:37:28.375506500Z'/><EventRecordID>36913</EventRecordID><Correlation/><Execution ProcessID='2616' ThreadID='3528'/><Channel>Microsoft-Windows-Sysmon/Operational</Channel><Computer>AttackDefense</Computer><Security UserID='S-1-5-18'/></System><EventData><Data Name='RuleName'>Suspicious,ImageBeginWithBackslash</Data><Data Name='EventType'>SetValue</Data><Data Name='UtcTime'>2023-03-26 05:37:28.373</Data><Data Name='ProcessGuid'>{221ce7aa-d9ba-641f-0901-00000000df00}</Data><Data Name='ProcessId'>4576</Data><Data Name='Image'>C:\Windows\regedit.exe</Data><Data Name='TargetObject'>HKU\S-1-5-21-3688751335-3073641799-161370460-500\Control Panel\Desktop\WallPaper2</Data><Data Name='Details'>C:\Users\Administrator\Pictures\wallpaper.jpg</Data><Data Name='User'>ATTACKDEFENSE\Administrator</Data></EventData></Event><Event xmlns='http://schemas.microsoft.com/win/2004/08/events/event'><System><Provider Name='Microsoft-Windows-Sysmon' Guid='{5770385f-c22a-43e0-bf4c-06f5698ffbd9}'/><EventID>13</EventID><Version>2</Version><Level>4</Level><Task>13</Task><Opcode>0</Opcode><Keywords>0x8000000000000000</Keywords><TimeCreated SystemTime='2023-03-26T05:37:22.857704600Z'/><EventRecordID>36912</EventRecordID><Correlation/><Execution ProcessID='2616' ThreadID='3528'/><Channel>Microsoft-Windows-Sysmon/Operational</Channel><Computer>AttackDefense</Computer><Security UserID='S-1-5-18'/></System><EventData><Data Name='RuleName'>Suspicious,ImageBeginWithBackslash</Data><Data Name='EventType'>SetValue</Data><Data Name='UtcTime'>2023-03-26 05:37:22.850</Data><Data Name='ProcessGuid'>{221ce7aa-d9ba-641f-0901-00000000df00}</Data><Data Name='ProcessId'>4576</Data><Data Name='Image'>C:\Windows\regedit.exe</Data><Data Name='TargetObject'>HKU\S-1-5-21-3688751335-3073641799-161370460-500\Control Panel\Desktop\WallPaper</Data><Data Name='Details'>C:\Users\Administrator\Pictures\wallpaper.jpg</Data><Data Name='User'>ATTACKDEFENSE\Administrator</Data></EventData></Event><Event xmlns='http://schemas.microsoft.com/win/2004/08/events/event'><System><Provider Name='Microsoft-Windows-Sysmon' Guid='{5770385f-c22a-43e0-bf4c-06f5698ffbd9}'/><EventID>13</EventID><Version>2</Version><Level>4</Level><Task>13</Task><Opcode>0</Opcode><Keywords>0x8000000000000000</Keywords><TimeCreated SystemTime='2023-03-26T05:36:37.349915400Z'/><EventRecordID>36911</EventRecordID><Correlation/><Execution ProcessID='2616' ThreadID='3528'/><Channel>Microsoft-Windows-Sysmon/Operational</Channel><Computer>AttackDefense</Computer><Security UserID='S-1-5-18'/></System><EventData><Data Name='RuleName'>Suspicious,ImageBeginWithBackslash</Data><Data Name='EventType'>SetValue</Data><Data Name='UtcTime'>2023-03-26 05:36:37.334</Data><Data Name='ProcessGuid'>{221ce7aa-d9ba-641f-0901-00000000df00}</Data><Data Name='ProcessId'>4576</Data><Data Name='Image'>C:\Windows\regedit.exe</Data><Data Name='TargetObject'>HKU\S-1-5-21-3688751335-3073641799-161370460-500\Control Panel\Desktop\SCRNSAVE.EXE</Data><Data Name='Details'>c:\Windows\System32\Bubbles</Data><Data Name='User'>ATTACKDEFENSE\Administrator</Data></EventData></Event><Event xmlns='http://schemas.microsoft.com/win/2004/08/events/event'><System><Provider Name='Microsoft-Windows-Sysmon' Guid='{5770385f-c22a-43e0-bf4c-06f5698ffbd9}'/><EventID>1</EventID><Version>5</Version><Level>4</Level><Task>1</Task><Opcode>0</Opcode><Keywords>0x8000000000000000</Keywords><TimeCreated SystemTime='2023-03-26T05:35:54.835747300Z'/><EventRecordID>36910</EventRecordID><Correlation/><Execution ProcessID='2616' ThreadID='3528'/><Channel>Microsoft-Windows-Sysmon/Operational</Channel><Computer>AttackDefense</Computer><Security UserID='S-1-5-18'/></System><EventData><Data Name='RuleName'>-</Data><Data Name='UtcTime'>2023-03-26 05:35:54.823</Data><Data Name='ProcessGuid'>{221ce7aa-d9ba-641f-0901-00000000df00}</Data><Data Name='ProcessId'>4576</Data><Data Name='Image'>C:\Windows\regedit.exe</Data><Data Name='FileVersion'>10.0.17763.168 (WinBuild.160101.0800)</Data><Data Name='Description'>Registry Editor</Data><Data Name='Product'>Microsoft® Windows® Operating System</Data><Data Name='Company'>Microsoft Corporation</Data><Data Name='OriginalFileName'>REGEDIT.EXE</Data><Data Name='CommandLine'>"C:\Windows\regedit.exe" </Data><Data Name='CurrentDirectory'>C:\Windows\</Data><Data Name='User'>ATTACKDEFENSE\Administrator</Data><Data Name='LogonGuid'>{221ce7aa-d026-641f-9015-030000000000}</Data><Data Name='LogonId'>0x31590</Data><Data Name='TerminalSessionId'>2</Data><Data Name='IntegrityLevel'>High</Data><Data Name='Hashes'>MD5=A3668018735B59050AD123A5A8CDC184,SHA256=FF3B56204F0CEA172AEFB178E05A32C3C3C0BE93F29DD4C2DF46A6DE07BB5152,IMPHASH=7FEBF576192E34BDF7D07877CBACC413</Data><Data Name='ParentProcessGuid'>{221ce7aa-d027-641f-6d00-00000000df00}</Data><Data Name='ParentProcessId'>288</Data><Data Name='ParentImage'>C:\Windows\explorer.exe</Data><Data Name='ParentCommandLine'>C:\Windows\Explorer.EXE</Data><Data Name='ParentUser'>ATTACKDEFENSE\Administrator</Data></EventData></Event><Event xmlns='http://schemas.microsoft.com/win/2004/08/events/event'><System><Provider Name='Microsoft-Windows-Sysmon' Guid='{5770385f-c22a-43e0-bf4c-06f5698ffbd9}'/><EventID>1</EventID><Version>5</Version><Level>4</Level><Task>1</Task><Opcode>0</Opcode><Keywords>0x8000000000000000</Keywords><TimeCreated SystemTime='2023-03-26T05:31:18.089617400Z'/><EventRecordID>36909</EventRecordID><Correlation/><Execution ProcessID='2616' ThreadID='3528'/><Channel>Microsoft-Windows-Sysmon/Operational</Channel><Computer>AttackDefense</Computer><Security UserID='S-1-5-18'/></System><EventData><Data Name='RuleName'>-</Data><Data Name='UtcTime'>2023-03-26 05:31:18.087</Data><Data Name='ProcessGuid'>{221ce7aa-d8a6-641f-0701-00000000df00}</Data><Data Name='ProcessId'>3836</Data><Data Name='Image'>C:\Windows\System32\reg.exe</Data><Data Name='FileVersion'>10.0.17763.1 (WinBuild.160101.0800)</Data><Data Name='Description'>Registry Console Tool</Data><Data Name='Product'>Microsoft® Windows® Operating System</Data><Data Name='Company'>Microsoft Corporation</Data><Data Name='OriginalFileName'>reg.exe</Data><Data Name='CommandLine'>reg  add "hkcu\control panel\desktop" /v SCRNSAVE.EXE /d c:\Windows\System32\Bubbles.scr</Data><Data Name='CurrentDirectory'>C:\Users\Administrator\</Data><Data Name='User'>ATTACKDEFENSE\Administrator</Data><Data Name='LogonGuid'>{221ce7aa-d026-641f-9015-030000000000}</Data><Data Name='LogonId'>0x31590</Data><Data Name='TerminalSessionId'>2</Data><Data Name='IntegrityLevel'>High</Data><Data Name='Hashes'>MD5=8A93ACAC33151793F8D52000071C0B06,SHA256=19316D4266D0B776D9B2A05D5903D8CBC8F0EA1520E9C2A7E6D5960B6FA4DCAF,IMPHASH=BE482BE427FE212CFEF2CDA0E61F19AC</Data><Data Name='ParentProcessGuid'>{221ce7aa-d880-641f-0401-00000000df00}</Data><Data Name='ParentProcessId'>1988</Data><Data Name='ParentImage'>C:\Windows\System32\cmd.exe</Data><Data Name='ParentCommandLine'>"C:\Windows\system32\cmd.exe" </Data><Data Name='ParentUser'>ATTACKDEFENSE\Administrator</Data></EventData></Event><Event xmlns='http://schemas.microsoft.com/win/2004/08/events/event'><System><Provider Name='Microsoft-Windows-Sysmon' Guid='{5770385f-c22a-43e0-bf4c-06f5698ffbd9}'/><EventID>1</EventID><Version>5</Version><Level>4</Level><Task>1</Task><Opcode>0</Opcode><Keywords>0x8000000000000000</Keywords><TimeCreated SystemTime='2023-03-26T05:30:40.602807300Z'/><EventRecordID>36908</EventRecordID><Correlation/><Execution ProcessID='2616' ThreadID='3528'/><Channel>Microsoft-Windows-Sysmon/Operational</Channel><Computer>AttackDefense</Computer><Security UserID='S-1-5-18'/></System><EventData><Data Name='RuleName'>-</Data><Data Name='UtcTime'>2023-03-26 05:30:40.600</Data><Data Name='ProcessGuid'>{221ce7aa-d880-641f-0401-00000000df00}</Data><Data Name='ProcessId'>1988</Data><Data Name='Image'>C:\Windows\System32\cmd.exe</Data><Data Name='FileVersion'>10.0.17763.592 (WinBuild.160101.0800)</Data><Data Name='Description'>Windows Command Processor</Data><Data Name='Product'>Microsoft® Windows® Operating System</Data><Data Name='Company'>Microsoft Corporation</Data><Data Name='OriginalFileName'>Cmd.Exe</Data><Data Name='CommandLine'>"C:\Windows\system32\cmd.exe" </Data><Data Name='CurrentDirectory'>C:\Users\Administrator\</Data><Data Name='User'>ATTACKDEFENSE\Administrator</Data><Data Name='LogonGuid'>{221ce7aa-d026-641f-9015-030000000000}</Data><Data Name='LogonId'>0x31590</Data><Data Name='TerminalSessionId'>2</Data><Data Name='IntegrityLevel'>High</Data><Data Name='Hashes'>MD5=975B45B669930B0CC773EAF2B414206F,SHA256=3656F37A1C6951EC4496FABB8EE957D3A6E3C276D5A3785476B482C9C0D32EA2,IMPHASH=272245E2988E1E430500B852C4FB5E18</Data><Data Name='ParentProcessGuid'>{221ce7aa-d027-641f-6d00-00000000df00}</Data><Data Name='ParentProcessId'>288</Data><Data Name='ParentImage'>C:\Windows\explorer.exe</Data><Data Name='ParentCommandLine'>C:\Windows\Explorer.EXE</Data><Data Name='ParentUser'>ATTACKDEFENSE\Administrator</Data></EventData></Event><Event xmlns='http://schemas.microsoft.com/win/2004/08/events/event'><System><Provider Name='Microsoft-Windows-Sysmon' Guid='{5770385f-c22a-43e0-bf4c-06f5698ffbd9}'/><EventID>12</EventID><Version>2</Version><Level>4</Level><Task>12</Task><Opcode>0</Opcode><Keywords>0x8000000000000000</Keywords><TimeCreated SystemTime='2023-03-26T05:28:06.452864700Z'/><EventRecordID>36907</EventRecordID><Correlation/><Execution ProcessID='2616' ThreadID='3528'/><Channel>Microsoft-Windows-Sysmon/Operational</Channel><Computer>AttackDefense</Computer><Security UserID='S-1-5-18'/></System><EventData><Data Name='RuleName'>-</Data><Data Name='EventType'>DeleteKey</Data><Data Name='UtcTime'>2023-03-26 05:28:06.451</Data><Data Name='ProcessGuid'>{221ce7aa-d7e6-641f-0001-00000000df00}</Data><Data Name='ProcessId'>4244</Data><Data Name='Image'>C:\Windows\system32\wevtutil.exe</Data><Data Name='TargetObject'>HKLM\SOFTWARE\Microsoft\Windows\CurrentVersion\WINEVT\Channels\Microsoft-Windows-Sysmon/Operational</Data><Data Name='User'>ATTACKDEFENSE\Administrator</Data></EventData></Event><Event xmlns='http://schemas.microsoft.com/win/2004/08/events/event'><System><Provider Name='Microsoft-Windows-Sysmon' Guid='{5770385f-c22a-43e0-bf4c-06f5698ffbd9}'/><EventID>1</EventID><Version>5</Version><Level>4</Level><Task>1</Task><Opcode>0</Opcode><Keywords>0x8000000000000000</Keywords><TimeCreated SystemTime='2023-03-26T05:28:06.410900500Z'/><EventRecordID>36906</EventRecordID><Correlation/><Execution ProcessID='2616' ThreadID='3528'/><Channel>Microsoft-Windows-Sysmon/Operational</Channel><Computer>AttackDefense</Computer><Security UserID='S-1-5-18'/></System><EventData><Data Name='RuleName'>-</Data><Data Name='UtcTime'>2023-03-26 05:28:06.403</Data><Data Name='ProcessGuid'>{221ce7aa-d7e6-641f-0001-00000000df00}</Data><Data Name='ProcessId'>4244</Data><Data Name='Image'>C:\Windows\System32\wevtutil.exe</Data><Data Name='FileVersion'>10.0.17763.1 (WinBuild.160101.0800)</Data><Data Name='Description'>Eventing Command Line Utility</Data><Data Name='Product'>Microsoft® Windows® Operating System</Data><Data Name='Company'>Microsoft Corporation</Data><Data Name='OriginalFileName'>wevtutil.exe</Data><Data Name='CommandLine'>"C:\Windows\system32\wevtutil.exe" um "C:\Users\ADMINI~1\AppData\Local\Temp\2\MAN4A8F.tmp"</Data><Data Name='CurrentDirectory'>C:\Users\Administrator\Downloads\</Data><Data Name='User'>ATTACKDEFENSE\Administrator</Data><Data Name='LogonGuid'>{221ce7aa-d026-641f-9015-030000000000}</Data><Data Name='LogonId'>0x31590</Data><Data Name='TerminalSessionId'>2</Data><Data Name='IntegrityLevel'>High</Data><Data Name='Hashes'>MD5=3D2AA064E7017000B1219BBA83D03DC6,SHA256=CCFFE548D686EB10FD825171D9C6D1C20AA59E639130AC8A9098776369E77B99,IMPHASH=05EF63632ADCBF76EE5EE8705934B349</Data><Data Name='ParentProcessGuid'>{221ce7aa-d7e6-641f-ff00-00000000df00}</Data><Data Name='ParentProcessId'>5064</Data><Data Name='ParentImage'>C:\Windows\Sysmon64.exe</Data><Data Name='ParentCommandLine'>"C:\Windows\Sysmon64.exe" -m</Data><Data Name='ParentUser'>ATTACKDEFENSE\Administrator</Data></EventData></Event><Event xmlns='http://schemas.microsoft.com/win/2004/08/events/event'><System><Provider Name='Microsoft-Windows-Sysmon' Guid='{5770385f-c22a-43e0-bf4c-06f5698ffbd9}'/><EventID>1</EventID><Version>5</Version><Level>4</Level><Task>1</Task><Opcode>0</Opcode><Keywords>0x8000000000000000</Keywords><TimeCreated SystemTime='2023-03-26T05:28:06.377758800Z'/><EventRecordID>36905</EventRecordID><Correlation/><Execution ProcessID='2616' ThreadID='3528'/><Channel>Microsoft-Windows-Sysmon/Operational</Channel><Computer>AttackDefense</Computer><Security UserID='S-1-5-18'/></System><EventData><Data Name='RuleName'>-</Data><Data Name='UtcTime'>2023-03-26 05:28:06.374</Data><Data Name='ProcessGuid'>{221ce7aa-d7e6-641f-ff00-00000000df00}</Data><Data Name='ProcessId'>5064</Data><Data Name='Image'>C:\Windows\Sysmon64.exe</Data><Data Name='FileVersion'>14.0</Data><Data Name='Description'>System activity monitor</Data><Data Name='Product'>Sysinternals Sysmon</Data><Data Name='Company'>Sysinternals - www.sysinternals.com</Data><Data Name='OriginalFileName'>-</Data><Data Name='CommandLine'>"C:\Windows\Sysmon64.exe" -m</Data><Data Name='CurrentDirectory'>C:\Users\Administrator\Downloads\</Data><Data Name='User'>ATTACKDEFENSE\Administrator</Data><Data Name='LogonGuid'>{221ce7aa-d026-641f-9015-030000000000}</Data><Data Name='LogonId'>0x31590</Data><Data Name='TerminalSessionId'>2</Data><Data Name='IntegrityLevel'>High</Data><Data Name='Hashes'>MD5=B92732DD99D5C20C95488D4DEFAB20EF,SHA256=0DE73169E57FD126442C5A5997A14385CE2FBDC989FFB4C281CA85FAE239E727,IMPHASH=874CB8980C235ACBABEF14707F2AF0D6</Data><Data Name='ParentProcessGuid'>{221ce7aa-d18c-641f-ad00-00000000df00}</Data><Data Name='ParentProcessId'>3948</Data><Data Name='ParentImage'>C:\Windows\System32\WindowsPowerShell\v1.0\powershell.exe</Data><Data Name='ParentCommandLine'>"C:\Windows\System32\WindowsPowerShell\v1.0\powershell.exe" </Data><Data Name='ParentUser'>ATTACKDEFENSE\Administrator</Data></EventData></Event><Event xmlns='http://schemas.microsoft.com/win/2004/08/events/event'><System><Provider Name='Microsoft-Windows-Sysmon' Guid='{5770385f-c22a-43e0-bf4c-06f5698ffbd9}'/><EventID>22</EventID><Version>5</Version><Level>4</Level><Task>22</Task><Opcode>0</Opcode><Keywords>0x8000000000000000</Keywords><TimeCreated SystemTime='2023-03-26T05:24:05.220918500Z'/><EventRecordID>36904</EventRecordID><Correlation/><Execution ProcessID='2616' ThreadID='3544'/><Channel>Microsoft-Windows-Sysmon/Operational</Channel><Computer>AttackDefense</Computer><Security UserID='S-1-5-18'/></System><EventData><Data Name='RuleName'>-</Data><Data Name='UtcTime'>2023-03-26 05:24:02.763</Data><Data Name='ProcessGuid'>{221ce7aa-cfe9-641f-2900-00000000df00}</Data><Data Name='ProcessId'>1636</Data><Data Name='QueryName'>AttackDefense</Data><Data Name='QueryStatus'>0</Data><Data Name='QueryResults'>fe80::b844:629f:16f8:4111;172.31.41.2;</Data><Data Name='Image'>C:\Windows\system32\svchost.exe</Data><Data Name='User'>NT AUTHORITY\NETWORK SERVICE</Data></EventData></Event><Event xmlns='http://schemas.microsoft.com/win/2004/08/events/event'><System><Provider Name='Microsoft-Windows-Sysmon' Guid='{5770385f-c22a-43e0-bf4c-06f5698ffbd9}'/><EventID>1</EventID><Version>5</Version><Level>4</Level><Task>1</Task><Opcode>0</Opcode><Keywords>0x8000000000000000</Keywords><TimeCreated SystemTime='2023-03-26T05:23:45.026339300Z'/><EventRecordID>36903</EventRecordID><Correlation/><Execution ProcessID='2616' ThreadID='3528'/><Channel>Microsoft-Windows-Sysmon/Operational</Channel><Computer>AttackDefense</Computer><Security UserID='S-1-5-18'/></System><EventData><Data Name='RuleName'>-</Data><Data Name='UtcTime'>2023-03-26 05:23:45.007</Data><Data Name='ProcessGuid'>{221ce7aa-d6e1-641f-fe00-00000000df00}</Data><Data Name='ProcessId'>1204</Data><Data Name='Image'>C:\Windows\System32\rundll32.exe</Data><Data Name='FileVersion'>10.0.17763.1 (WinBuild.160101.0800)</Data><Data Name='Description'>Windows host process (Rundll32)</Data><Data Name='Product'>Microsoft® Windows® Operating System</Data><Data Name='Company'>Microsoft Corporation</Data><Data Name='OriginalFileName'>RUNDLL32.EXE</Data><Data Name='CommandLine'>C:\Windows\System32\rundll32.exe C:\Windows\System32\shell32.dll,SHCreateLocalServerRunDll {9aa46009-3ce0-458a-a354-715610a075e6} -Embedding</Data><Data Name='CurrentDirectory'>C:\Windows\system32\</Data><Data Name='User'>ATTACKDEFENSE\Administrator</Data><Data Name='LogonGuid'>{221ce7aa-d026-641f-9015-030000000000}</Data><Data Name='LogonId'>0x31590</Data><Data Name='TerminalSessionId'>2</Data><Data Name='IntegrityLevel'>High</Data><Data Name='Hashes'>MD5=C73BA51880F5A7FB20C84185A23212EF,SHA256=01B407AF0200B66A34D9B1FA6D9EAAB758EFA36A36BB99B554384F59F8690B1A,IMPHASH=F27A7FC3A53E74F45BE370131953896A</Data><Data Name='ParentProcessGuid'>{00000000-0000-0000-0000-000000000000}</Data><Data Name='ParentProcessId'>720</Data><Data Name='ParentImage'>-</Data><Data Name='ParentCommandLine'>-</Data><Data Name='ParentUser'>-</Data></EventData></Event></Events>