﻿<?xml version="1.0" encoding="utf-8" standalone="yes"?>
<Events><Event xmlns='http://schemas.microsoft.com/win/2004/08/events/event'><System><Provider Name='Microsoft-Windows-Sysmon' Guid='{5770385f-c22a-43e0-bf4c-06f5698ffbd9}'/><EventID>13</EventID><Version>2</Version><Level>4</Level><Task>13</Task><Opcode>0</Opcode><Keywords>0x8000000000000000</Keywords><TimeCreated SystemTime='2023-04-12T11:56:12.190062300Z'/><EventRecordID>13389</EventRecordID><Correlation/><Execution ProcessID='2772' ThreadID='3468'/><Channel>Microsoft-Windows-Sysmon/Operational</Channel><Computer>AttackDefense</Computer><Security UserID='S-1-5-18'/></System><EventData><Data Name='RuleName'>technique_id=T1543,technique_name=Service Creation</Data><Data Name='EventType'>SetValue</Data><Data Name='UtcTime'>2023-04-12 11:56:12.189</Data><Data Name='ProcessGuid'>{221ce7aa-e2d6-6434-4800-00000000df00}</Data><Data Name='ProcessId'>2852</Data><Data Name='Image'>C:\Windows\system32\svchost.exe</Data><Data Name='TargetObject'>HKLM\System\CurrentControlSet\Services\W32Time\Config\LastKnownGoodTime</Data><Data Name='Details'>QWORD (0x01d96d35-0xc6e7895f)</Data><Data Name='User'>NT AUTHORITY\LOCAL SERVICE</Data></EventData></Event><Event xmlns='http://schemas.microsoft.com/win/2004/08/events/event'><System><Provider Name='Microsoft-Windows-Sysmon' Guid='{5770385f-c22a-43e0-bf4c-06f5698ffbd9}'/><EventID>11</EventID><Version>2</Version><Level>4</Level><Task>11</Task><Opcode>0</Opcode><Keywords>0x8000000000000000</Keywords><TimeCreated SystemTime='2023-04-12T11:55:35.941716100Z'/><EventRecordID>13388</EventRecordID><Correlation/><Execution ProcessID='2772' ThreadID='3468'/><Channel>Microsoft-Windows-Sysmon/Operational</Channel><Computer>AttackDefense</Computer><Security UserID='S-1-5-18'/></System><EventData><Data Name='RuleName'>technique_id=T1047,technique_name=File System Permissions Weakness</Data><Data Name='UtcTime'>2023-04-12 11:55:35.940</Data><Data Name='ProcessGuid'>{221ce7aa-e2d3-6434-1b00-00000000df00}</Data><Data Name='ProcessId'>1196</Data><Data Name='Image'>C:\Windows\System32\svchost.exe</Data><Data Name='TargetFilename'>C:\Windows\ServiceState\EventLog\Data\lastalive1.dat</Data><Data Name='CreationUtcTime'>2023-04-11 04:33:19.717</Data><Data Name='User'>NT AUTHORITY\LOCAL SERVICE</Data></EventData></Event><Event xmlns='http://schemas.microsoft.com/win/2004/08/events/event'><System><Provider Name='Microsoft-Windows-Sysmon' Guid='{5770385f-c22a-43e0-bf4c-06f5698ffbd9}'/><EventID>11</EventID><Version>2</Version><Level>4</Level><Task>11</Task><Opcode>0</Opcode><Keywords>0x8000000000000000</Keywords><TimeCreated SystemTime='2023-04-12T11:54:35.922303500Z'/><EventRecordID>13387</EventRecordID><Correlation/><Execution ProcessID='2772' ThreadID='3468'/><Channel>Microsoft-Windows-Sysmon/Operational</Channel><Computer>AttackDefense</Computer><Security UserID='S-1-5-18'/></System><EventData><Data Name='RuleName'>technique_id=T1047,technique_name=File System Permissions Weakness</Data><Data Name='UtcTime'>2023-04-12 11:54:35.921</Data><Data Name='ProcessGuid'>{221ce7aa-e2d3-6434-1b00-00000000df00}</Data><Data Name='ProcessId'>1196</Data><Data Name='Image'>C:\Windows\System32\svchost.exe</Data><Data Name='TargetFilename'>C:\Windows\ServiceState\EventLog\Data\lastalive0.dat</Data><Data Name='CreationUtcTime'>2023-04-11 04:32:19.713</Data><Data Name='User'>NT AUTHORITY\LOCAL SERVICE</Data></EventData></Event><Event xmlns='http://schemas.microsoft.com/win/2004/08/events/event'><System><Provider Name='Microsoft-Windows-Sysmon' Guid='{5770385f-c22a-43e0-bf4c-06f5698ffbd9}'/><EventID>11</EventID><Version>2</Version><Level>4</Level><Task>11</Task><Opcode>0</Opcode><Keywords>0x8000000000000000</Keywords><TimeCreated SystemTime='2023-04-12T11:53:35.915081000Z'/><EventRecordID>13386</EventRecordID><Correlation/><Execution ProcessID='2772' ThreadID='3468'/><Channel>Microsoft-Windows-Sysmon/Operational</Channel><Computer>AttackDefense</Computer><Security UserID='S-1-5-18'/></System><EventData><Data Name='RuleName'>technique_id=T1047,technique_name=File System Permissions Weakness</Data><Data Name='UtcTime'>2023-04-12 11:53:35.914</Data><Data Name='ProcessGuid'>{221ce7aa-e2d3-6434-1b00-00000000df00}</Data><Data Name='ProcessId'>1196</Data><Data Name='Image'>C:\Windows\System32\svchost.exe</Data><Data Name='TargetFilename'>C:\Windows\ServiceState\EventLog\Data\lastalive1.dat</Data><Data Name='CreationUtcTime'>2023-04-11 04:33:19.717</Data><Data Name='User'>NT AUTHORITY\LOCAL SERVICE</Data></EventData></Event><Event xmlns='http://schemas.microsoft.com/win/2004/08/events/event'><System><Provider Name='Microsoft-Windows-Sysmon' Guid='{5770385f-c22a-43e0-bf4c-06f5698ffbd9}'/><EventID>13</EventID><Version>2</Version><Level>4</Level><Task>13</Task><Opcode>0</Opcode><Keywords>0x8000000000000000</Keywords><TimeCreated SystemTime='2023-04-12T11:53:30.729540600Z'/><EventRecordID>13385</EventRecordID><Correlation/><Execution ProcessID='2772' ThreadID='3468'/><Channel>Microsoft-Windows-Sysmon/Operational</Channel><Computer>AttackDefense</Computer><Security UserID='S-1-5-18'/></System><EventData><Data Name='RuleName'>technique_id=T1543,technique_name=Service Creation</Data><Data Name='EventType'>SetValue</Data><Data Name='UtcTime'>2023-04-12 11:53:30.720</Data><Data Name='ProcessGuid'>{221ce7aa-e2d2-6434-1000-00000000df00}</Data><Data Name='ProcessId'>732</Data><Data Name='Image'>C:\Windows\system32\svchost.exe</Data><Data Name='TargetObject'>HKLM\System\CurrentControlSet\Services\bam\State\UserSettings\S-1-5-21-3688751335-3073641799-161370460-500\Microsoft.Windows.Cortana_cw5n1h2txyewy</Data><Data Name='Details'>Binary Data</Data><Data Name='User'>NT AUTHORITY\SYSTEM</Data></EventData></Event><Event xmlns='http://schemas.microsoft.com/win/2004/08/events/event'><System><Provider Name='Microsoft-Windows-Sysmon' Guid='{5770385f-c22a-43e0-bf4c-06f5698ffbd9}'/><EventID>1</EventID><Version>5</Version><Level>4</Level><Task>1</Task><Opcode>0</Opcode><Keywords>0x8000000000000000</Keywords><TimeCreated SystemTime='2023-04-12T11:53:27.611439300Z'/><EventRecordID>13384</EventRecordID><Correlation/><Execution ProcessID='2772' ThreadID='3468'/><Channel>Microsoft-Windows-Sysmon/Operational</Channel><Computer>AttackDefense</Computer><Security UserID='S-1-5-18'/></System><EventData><Data Name='RuleName'>technique_id=T1204,technique_name=User Execution</Data><Data Name='UtcTime'>2023-04-12 11:53:27.602</Data><Data Name='ProcessGuid'>{221ce7aa-9bb7-6436-fc02-00000000df00}</Data><Data Name='ProcessId'>7004</Data><Data Name='Image'>C:\Windows\regedit.exe</Data><Data Name='FileVersion'>10.0.17763.168 (WinBuild.160101.0800)</Data><Data Name='Description'>Registry Editor</Data><Data Name='Product'>Microsoft® Windows® Operating System</Data><Data Name='Company'>Microsoft Corporation</Data><Data Name='OriginalFileName'>REGEDIT.EXE</Data><Data Name='CommandLine'>"C:\Windows\regedit.exe" </Data><Data Name='CurrentDirectory'>C:\Windows\</Data><Data Name='User'>ATTACKDEFENSE\Administrator</Data><Data Name='LogonGuid'>{221ce7aa-e2ed-6434-6a5c-050000000000}</Data><Data Name='LogonId'>0x55c6a</Data><Data Name='TerminalSessionId'>2</Data><Data Name='IntegrityLevel'>High</Data><Data Name='Hashes'>SHA1=1D72449F04F2287A31A91024FC3E3ADA33322E72,MD5=A3668018735B59050AD123A5A8CDC184,SHA256=FF3B56204F0CEA172AEFB178E05A32C3C3C0BE93F29DD4C2DF46A6DE07BB5152,IMPHASH=7FEBF576192E34BDF7D07877CBACC413</Data><Data Name='ParentProcessGuid'>{221ce7aa-e2f0-6434-6800-00000000df00}</Data><Data Name='ParentProcessId'>4468</Data><Data Name='ParentImage'>C:\Windows\explorer.exe</Data><Data Name='ParentCommandLine'>C:\Windows\Explorer.EXE</Data><Data Name='ParentUser'>ATTACKDEFENSE\Administrator</Data></EventData></Event><Event xmlns='http://schemas.microsoft.com/win/2004/08/events/event'><System><Provider Name='Microsoft-Windows-Sysmon' Guid='{5770385f-c22a-43e0-bf4c-06f5698ffbd9}'/><EventID>10</EventID><Version>3</Version><Level>4</Level><Task>10</Task><Opcode>0</Opcode><Keywords>0x8000000000000000</Keywords><TimeCreated SystemTime='2023-04-12T11:52:44.489966700Z'/><EventRecordID>13383</EventRecordID><Correlation/><Execution ProcessID='2772' ThreadID='3468'/><Channel>Microsoft-Windows-Sysmon/Operational</Channel><Computer>AttackDefense</Computer><Security UserID='S-1-5-18'/></System><EventData><Data Name='RuleName'>technique_id=T1055.001,technique_name=Dynamic-link Library Injection</Data><Data Name='UtcTime'>2023-04-12 11:52:44.485</Data><Data Name='SourceProcessGUID'>{221ce7aa-7c44-6436-d602-00000000df00}</Data><Data Name='SourceProcessId'>6884</Data><Data Name='SourceThreadId'>6688</Data><Data Name='SourceImage'>C:\Windows\System32\WindowsPowerShell\v1.0\powershell.exe</Data><Data Name='TargetProcessGUID'>{221ce7aa-9b8c-6436-fa02-00000000df00}</Data><Data Name='TargetProcessId'>1504</Data><Data Name='TargetImage'>C:\Windows\system32\sc.exe</Data><Data Name='GrantedAccess'>0x1fffff</Data><Data Name='CallTrace'>C:\Windows\SYSTEM32\ntdll.dll+a0fb4|C:\Windows\System32\KERNELBASE.dll+485d2|C:\Windows\System32\KERNELBASE.dll+45fc6|C:\Windows\System32\KERNEL32.DLL+1c2e3|C:\Windows\assembly\NativeImages_v4.0.30319_64\System\bc85b1a0fc836c6a32410f69432e7e4d\System.ni.dll+3332f6|C:\Windows\assembly\NativeImages_v4.0.30319_64\System\bc85b1a0fc836c6a32410f69432e7e4d\System.ni.dll+2b5560|C:\Windows\assembly\NativeImages_v4.0.30319_64\System\bc85b1a0fc836c6a32410f69432e7e4d\System.ni.dll+2b4f07|C:\Windows\assembly\NativeImages_v4.0.30319_64\System.Manaa57fc8cc#\56cd355397d2c49e20e8b7f9b594a067\System.Management.Automation.ni.dll+f7fb9b|C:\Windows\assembly\NativeImages_v4.0.30319_64\System.Manaa57fc8cc#\56cd355397d2c49e20e8b7f9b594a067\System.Management.Automation.ni.dll+ed9f4d|C:\Windows\assembly\NativeImages_v4.0.30319_64\System.Manaa57fc8cc#\56cd355397d2c49e20e8b7f9b594a067\System.Management.Automation.ni.dll+f5cabe|C:\Windows\assembly\NativeImages_v4.0.30319_64\System.Manaa57fc8cc#\56cd355397d2c49e20e8b7f9b594a067\System.Management.Automation.ni.dll+f5c79b|C:\Windows\assembly\NativeImages_v4.0.30319_64\System.Manaa57fc8cc#\56cd355397d2c49e20e8b7f9b594a067\System.Management.Automation.ni.dll+104fbe4|UNKNOWN(00007FFDC4B03211)</Data><Data Name='SourceUser'>ATTACKDEFENSE\Administrator</Data><Data Name='TargetUser'>ATTACKDEFENSE\Administrator</Data></EventData></Event><Event xmlns='http://schemas.microsoft.com/win/2004/08/events/event'><System><Provider Name='Microsoft-Windows-Sysmon' Guid='{5770385f-c22a-43e0-bf4c-06f5698ffbd9}'/><EventID>1</EventID><Version>5</Version><Level>4</Level><Task>1</Task><Opcode>0</Opcode><Keywords>0x8000000000000000</Keywords><TimeCreated SystemTime='2023-04-12T11:52:44.489633800Z'/><EventRecordID>13382</EventRecordID><Correlation/><Execution ProcessID='2772' ThreadID='3468'/><Channel>Microsoft-Windows-Sysmon/Operational</Channel><Computer>AttackDefense</Computer><Security UserID='S-1-5-18'/></System><EventData><Data Name='RuleName'>technique_id=T1086,technique_name=PowerShell</Data><Data Name='UtcTime'>2023-04-12 11:52:44.488</Data><Data Name='ProcessGuid'>{221ce7aa-9b8c-6436-fa02-00000000df00}</Data><Data Name='ProcessId'>1504</Data><Data Name='Image'>C:\Windows\System32\sc.exe</Data><Data Name='FileVersion'>10.0.17763.1 (WinBuild.160101.0800)</Data><Data Name='Description'>Service Control Manager Configuration Tool</Data><Data Name='Product'>Microsoft® Windows® Operating System</Data><Data Name='Company'>Microsoft Corporation</Data><Data Name='OriginalFileName'>sc.exe</Data><Data Name='CommandLine'>"C:\Windows\system32\sc.exe" start EvilSvc</Data><Data Name='CurrentDirectory'>C:\Users\Administrator\Documents\</Data><Data Name='User'>ATTACKDEFENSE\Administrator</Data><Data Name='LogonGuid'>{221ce7aa-e2ed-6434-6a5c-050000000000}</Data><Data Name='LogonId'>0x55c6a</Data><Data Name='TerminalSessionId'>2</Data><Data Name='IntegrityLevel'>High</Data><Data Name='Hashes'>SHA1=622FA2729408E5F467A592223219DA7C547E7CC7,MD5=ABB56882148DE65D53ABFC55544A49A8,SHA256=78097C7CD0E57902536C60B7FA17528C313DB20869E5F944223A0BA4C801D39B,IMPHASH=35A7FFDE18D444A92D32C8B2879450FF</Data><Data Name='ParentProcessGuid'>{221ce7aa-7c44-6436-d602-00000000df00}</Data><Data Name='ParentProcessId'>6884</Data><Data Name='ParentImage'>C:\Windows\System32\WindowsPowerShell\v1.0\powershell.exe</Data><Data Name='ParentCommandLine'>"C:\Windows\System32\WindowsPowerShell\v1.0\powershell.exe" </Data><Data Name='ParentUser'>ATTACKDEFENSE\Administrator</Data></EventData></Event><Event xmlns='http://schemas.microsoft.com/win/2004/08/events/event'><System><Provider Name='Microsoft-Windows-Sysmon' Guid='{5770385f-c22a-43e0-bf4c-06f5698ffbd9}'/><EventID>11</EventID><Version>2</Version><Level>4</Level><Task>11</Task><Opcode>0</Opcode><Keywords>0x8000000000000000</Keywords><TimeCreated SystemTime='2023-04-12T11:52:35.905667400Z'/><EventRecordID>13381</EventRecordID><Correlation/><Execution ProcessID='2772' ThreadID='3468'/><Channel>Microsoft-Windows-Sysmon/Operational</Channel><Computer>AttackDefense</Computer><Security UserID='S-1-5-18'/></System><EventData><Data Name='RuleName'>technique_id=T1047,technique_name=File System Permissions Weakness</Data><Data Name='UtcTime'>2023-04-12 11:52:35.904</Data><Data Name='ProcessGuid'>{221ce7aa-e2d3-6434-1b00-00000000df00}</Data><Data Name='ProcessId'>1196</Data><Data Name='Image'>C:\Windows\System32\svchost.exe</Data><Data Name='TargetFilename'>C:\Windows\ServiceState\EventLog\Data\lastalive0.dat</Data><Data Name='CreationUtcTime'>2023-04-11 04:32:19.713</Data><Data Name='User'>NT AUTHORITY\LOCAL SERVICE</Data></EventData></Event><Event xmlns='http://schemas.microsoft.com/win/2004/08/events/event'><System><Provider Name='Microsoft-Windows-Sysmon' Guid='{5770385f-c22a-43e0-bf4c-06f5698ffbd9}'/><EventID>11</EventID><Version>2</Version><Level>4</Level><Task>11</Task><Opcode>0</Opcode><Keywords>0x8000000000000000</Keywords><TimeCreated SystemTime='2023-04-12T11:52:30.805467400Z'/><EventRecordID>13380</EventRecordID><Correlation/><Execution ProcessID='2772' ThreadID='3468'/><Channel>Microsoft-Windows-Sysmon/Operational</Channel><Computer>AttackDefense</Computer><Security UserID='S-1-5-18'/></System><EventData><Data Name='RuleName'>technique_id=T1059.007,technique_name=JavaScript</Data><Data Name='UtcTime'>2023-04-12 11:52:30.804</Data><Data Name='ProcessGuid'>{221ce7aa-e334-6434-8300-00000000df00}</Data><Data Name='ProcessId'>5812</Data><Data Name='Image'>C:\Program Files\Mozilla Firefox\firefox.exe</Data><Data Name='TargetFilename'>C:\Users\Administrator\AppData\Roaming\Mozilla\Firefox\Profiles\xkgnv7wl.default-release\prefs-1.js</Data><Data Name='CreationUtcTime'>2023-04-12 11:52:30.804</Data><Data Name='User'>ATTACKDEFENSE\Administrator</Data></EventData></Event><Event xmlns='http://schemas.microsoft.com/win/2004/08/events/event'><System><Provider Name='Microsoft-Windows-Sysmon' Guid='{5770385f-c22a-43e0-bf4c-06f5698ffbd9}'/><EventID>11</EventID><Version>2</Version><Level>4</Level><Task>11</Task><Opcode>0</Opcode><Keywords>0x8000000000000000</Keywords><TimeCreated SystemTime='2023-04-12T11:52:30.805006100Z'/><EventRecordID>13379</EventRecordID><Correlation/><Execution ProcessID='2772' ThreadID='3468'/><Channel>Microsoft-Windows-Sysmon/Operational</Channel><Computer>AttackDefense</Computer><Security UserID='S-1-5-18'/></System><EventData><Data Name='RuleName'>technique_id=T1059.007,technique_name=JavaScript</Data><Data Name='UtcTime'>2023-04-12 11:52:30.804</Data><Data Name='ProcessGuid'>{221ce7aa-e334-6434-8300-00000000df00}</Data><Data Name='ProcessId'>5812</Data><Data Name='Image'>C:\Program Files\Mozilla Firefox\firefox.exe</Data><Data Name='TargetFilename'>C:\Users\Administrator\AppData\Roaming\Mozilla\Firefox\Profiles\xkgnv7wl.default-release\prefs-1.js</Data><Data Name='CreationUtcTime'>2023-04-12 11:52:30.804</Data><Data Name='User'>ATTACKDEFENSE\Administrator</Data></EventData></Event><Event xmlns='http://schemas.microsoft.com/win/2004/08/events/event'><System><Provider Name='Microsoft-Windows-Sysmon' Guid='{5770385f-c22a-43e0-bf4c-06f5698ffbd9}'/><EventID>13</EventID><Version>2</Version><Level>4</Level><Task>13</Task><Opcode>0</Opcode><Keywords>0x8000000000000000</Keywords><TimeCreated SystemTime='2023-04-12T11:52:17.384404700Z'/><EventRecordID>13378</EventRecordID><Correlation/><Execution ProcessID='2772' ThreadID='3468'/><Channel>Microsoft-Windows-Sysmon/Operational</Channel><Computer>AttackDefense</Computer><Security UserID='S-1-5-18'/></System><EventData><Data Name='RuleName'>-</Data><Data Name='EventType'>SetValue</Data><Data Name='UtcTime'>2023-04-12 11:52:17.378</Data><Data Name='ProcessGuid'>{221ce7aa-9b71-6436-f902-00000000df00}</Data><Data Name='ProcessId'>3024</Data><Data Name='Image'>C:\Windows\system32\reg.exe</Data><Data Name='TargetObject'>HKLM\System\CurrentControlSet\Services\EvilSvc\Parameters\ServiceDll</Data><Data Name='Details'>C:\Windows\system32\EvilSvc.dll</Data><Data Name='User'>ATTACKDEFENSE\Administrator</Data></EventData></Event><Event xmlns='http://schemas.microsoft.com/win/2004/08/events/event'><System><Provider Name='Microsoft-Windows-Sysmon' Guid='{5770385f-c22a-43e0-bf4c-06f5698ffbd9}'/><EventID>12</EventID><Version>2</Version><Level>4</Level><Task>12</Task><Opcode>0</Opcode><Keywords>0x8000000000000000</Keywords><TimeCreated SystemTime='2023-04-12T11:52:17.384331800Z'/><EventRecordID>13377</EventRecordID><Correlation/><Execution ProcessID='2772' ThreadID='3468'/><Channel>Microsoft-Windows-Sysmon/Operational</Channel><Computer>AttackDefense</Computer><Security UserID='S-1-5-18'/></System><EventData><Data Name='RuleName'>technique_id=T1543,technique_name=Service Creation</Data><Data Name='EventType'>CreateKey</Data><Data Name='UtcTime'>2023-04-12 11:52:17.378</Data><Data Name='ProcessGuid'>{221ce7aa-9b71-6436-f902-00000000df00}</Data><Data Name='ProcessId'>3024</Data><Data Name='Image'>C:\Windows\system32\reg.exe</Data><Data Name='TargetObject'>HKLM\System\CurrentControlSet\Services\EvilSvc\Parameters</Data><Data Name='User'>ATTACKDEFENSE\Administrator</Data></EventData></Event><Event xmlns='http://schemas.microsoft.com/win/2004/08/events/event'><System><Provider Name='Microsoft-Windows-Sysmon' Guid='{5770385f-c22a-43e0-bf4c-06f5698ffbd9}'/><EventID>10</EventID><Version>3</Version><Level>4</Level><Task>10</Task><Opcode>0</Opcode><Keywords>0x8000000000000000</Keywords><TimeCreated SystemTime='2023-04-12T11:52:17.369753000Z'/><EventRecordID>13376</EventRecordID><Correlation/><Execution ProcessID='2772' ThreadID='3468'/><Channel>Microsoft-Windows-Sysmon/Operational</Channel><Computer>AttackDefense</Computer><Security UserID='S-1-5-18'/></System><EventData><Data Name='RuleName'>technique_id=T1055.001,technique_name=Dynamic-link Library Injection</Data><Data Name='UtcTime'>2023-04-12 11:52:17.355</Data><Data Name='SourceProcessGUID'>{221ce7aa-7c44-6436-d602-00000000df00}</Data><Data Name='SourceProcessId'>6884</Data><Data Name='SourceThreadId'>6688</Data><Data Name='SourceImage'>C:\Windows\System32\WindowsPowerShell\v1.0\powershell.exe</Data><Data Name='TargetProcessGUID'>{221ce7aa-9b71-6436-f902-00000000df00}</Data><Data Name='TargetProcessId'>3024</Data><Data Name='TargetImage'>C:\Windows\system32\reg.exe</Data><Data Name='GrantedAccess'>0x1fffff</Data><Data Name='CallTrace'>C:\Windows\SYSTEM32\ntdll.dll+a0fb4|C:\Windows\System32\KERNELBASE.dll+485d2|C:\Windows\System32\KERNELBASE.dll+45fc6|C:\Windows\System32\KERNEL32.DLL+1c2e3|C:\Windows\assembly\NativeImages_v4.0.30319_64\System\bc85b1a0fc836c6a32410f69432e7e4d\System.ni.dll+3332f6|C:\Windows\assembly\NativeImages_v4.0.30319_64\System\bc85b1a0fc836c6a32410f69432e7e4d\System.ni.dll+2b5560|C:\Windows\assembly\NativeImages_v4.0.30319_64\System\bc85b1a0fc836c6a32410f69432e7e4d\System.ni.dll+2b4f07|C:\Windows\assembly\NativeImages_v4.0.30319_64\System.Manaa57fc8cc#\56cd355397d2c49e20e8b7f9b594a067\System.Management.Automation.ni.dll+f7fb9b|C:\Windows\assembly\NativeImages_v4.0.30319_64\System.Manaa57fc8cc#\56cd355397d2c49e20e8b7f9b594a067\System.Management.Automation.ni.dll+ed9f4d|C:\Windows\assembly\NativeImages_v4.0.30319_64\System.Manaa57fc8cc#\56cd355397d2c49e20e8b7f9b594a067\System.Management.Automation.ni.dll+f5cabe|C:\Windows\assembly\NativeImages_v4.0.30319_64\System.Manaa57fc8cc#\56cd355397d2c49e20e8b7f9b594a067\System.Management.Automation.ni.dll+f5c79b|C:\Windows\assembly\NativeImages_v4.0.30319_64\System.Manaa57fc8cc#\56cd355397d2c49e20e8b7f9b594a067\System.Management.Automation.ni.dll+104fbe4|UNKNOWN(00007FFDC4B03211)</Data><Data Name='SourceUser'>ATTACKDEFENSE\Administrator</Data><Data Name='TargetUser'>ATTACKDEFENSE\Administrator</Data></EventData></Event><Event xmlns='http://schemas.microsoft.com/win/2004/08/events/event'><System><Provider Name='Microsoft-Windows-Sysmon' Guid='{5770385f-c22a-43e0-bf4c-06f5698ffbd9}'/><EventID>1</EventID><Version>5</Version><Level>4</Level><Task>1</Task><Opcode>0</Opcode><Keywords>0x8000000000000000</Keywords><TimeCreated SystemTime='2023-04-12T11:52:17.369471800Z'/><EventRecordID>13375</EventRecordID><Correlation/><Execution ProcessID='2772' ThreadID='3468'/><Channel>Microsoft-Windows-Sysmon/Operational</Channel><Computer>AttackDefense</Computer><Security UserID='S-1-5-18'/></System><EventData><Data Name='RuleName'>technique_id=T1112,technique_name=Modify Registry</Data><Data Name='UtcTime'>2023-04-12 11:52:17.368</Data><Data Name='ProcessGuid'>{221ce7aa-9b71-6436-f902-00000000df00}</Data><Data Name='ProcessId'>3024</Data><Data Name='Image'>C:\Windows\System32\reg.exe</Data><Data Name='FileVersion'>10.0.17763.1 (WinBuild.160101.0800)</Data><Data Name='Description'>Registry Console Tool</Data><Data Name='Product'>Microsoft® Windows® Operating System</Data><Data Name='Company'>Microsoft Corporation</Data><Data Name='OriginalFileName'>reg.exe</Data><Data Name='CommandLine'>"C:\Windows\system32\reg.exe" add HKLM\SYSTEM\CurrentControlSet\services\EvilSvc\Parameters /v ServiceDll /t REG_EXPAND_SZ /d C:\Windows\system32\EvilSvc.dll /f</Data><Data Name='CurrentDirectory'>C:\Users\Administrator\Documents\</Data><Data Name='User'>ATTACKDEFENSE\Administrator</Data><Data Name='LogonGuid'>{221ce7aa-e2ed-6434-6a5c-050000000000}</Data><Data Name='LogonId'>0x55c6a</Data><Data Name='TerminalSessionId'>2</Data><Data Name='IntegrityLevel'>High</Data><Data Name='Hashes'>SHA1=429DF8371B437209D79DC97978C33157D1A71C4B,MD5=8A93ACAC33151793F8D52000071C0B06,SHA256=19316D4266D0B776D9B2A05D5903D8CBC8F0EA1520E9C2A7E6D5960B6FA4DCAF,IMPHASH=BE482BE427FE212CFEF2CDA0E61F19AC</Data><Data Name='ParentProcessGuid'>{221ce7aa-7c44-6436-d602-00000000df00}</Data><Data Name='ParentProcessId'>6884</Data><Data Name='ParentImage'>C:\Windows\System32\WindowsPowerShell\v1.0\powershell.exe</Data><Data Name='ParentCommandLine'>"C:\Windows\System32\WindowsPowerShell\v1.0\powershell.exe" </Data><Data Name='ParentUser'>ATTACKDEFENSE\Administrator</Data></EventData></Event><Event xmlns='http://schemas.microsoft.com/win/2004/08/events/event'><System><Provider Name='Microsoft-Windows-Sysmon' Guid='{5770385f-c22a-43e0-bf4c-06f5698ffbd9}'/><EventID>10</EventID><Version>3</Version><Level>4</Level><Task>10</Task><Opcode>0</Opcode><Keywords>0x8000000000000000</Keywords><TimeCreated SystemTime='2023-04-12T11:52:15.310372600Z'/><EventRecordID>13374</EventRecordID><Correlation/><Execution ProcessID='2772' ThreadID='3468'/><Channel>Microsoft-Windows-Sysmon/Operational</Channel><Computer>AttackDefense</Computer><Security UserID='S-1-5-18'/></System><EventData><Data Name='RuleName'>technique_id=T1055.001,technique_name=Dynamic-link Library Injection</Data><Data Name='UtcTime'>2023-04-12 11:52:15.308</Data><Data Name='SourceProcessGUID'>{221ce7aa-7c44-6436-d602-00000000df00}</Data><Data Name='SourceProcessId'>6884</Data><Data Name='SourceThreadId'>6688</Data><Data Name='SourceImage'>C:\Windows\System32\WindowsPowerShell\v1.0\powershell.exe</Data><Data Name='TargetProcessGUID'>{221ce7aa-9b6f-6436-f802-00000000df00}</Data><Data Name='TargetProcessId'>6212</Data><Data Name='TargetImage'>C:\Windows\system32\sc.exe</Data><Data Name='GrantedAccess'>0x1fffff</Data><Data Name='CallTrace'>C:\Windows\SYSTEM32\ntdll.dll+a0fb4|C:\Windows\System32\KERNELBASE.dll+485d2|C:\Windows\System32\KERNELBASE.dll+45fc6|C:\Windows\System32\KERNEL32.DLL+1c2e3|C:\Windows\assembly\NativeImages_v4.0.30319_64\System\bc85b1a0fc836c6a32410f69432e7e4d\System.ni.dll+3332f6|C:\Windows\assembly\NativeImages_v4.0.30319_64\System\bc85b1a0fc836c6a32410f69432e7e4d\System.ni.dll+2b5560|C:\Windows\assembly\NativeImages_v4.0.30319_64\System\bc85b1a0fc836c6a32410f69432e7e4d\System.ni.dll+2b4f07|C:\Windows\assembly\NativeImages_v4.0.30319_64\System.Manaa57fc8cc#\56cd355397d2c49e20e8b7f9b594a067\System.Management.Automation.ni.dll+f7fb9b|C:\Windows\assembly\NativeImages_v4.0.30319_64\System.Manaa57fc8cc#\56cd355397d2c49e20e8b7f9b594a067\System.Management.Automation.ni.dll+ed9f4d|C:\Windows\assembly\NativeImages_v4.0.30319_64\System.Manaa57fc8cc#\56cd355397d2c49e20e8b7f9b594a067\System.Management.Automation.ni.dll+f5cabe|C:\Windows\assembly\NativeImages_v4.0.30319_64\System.Manaa57fc8cc#\56cd355397d2c49e20e8b7f9b594a067\System.Management.Automation.ni.dll+f5c79b|C:\Windows\assembly\NativeImages_v4.0.30319_64\System.Manaa57fc8cc#\56cd355397d2c49e20e8b7f9b594a067\System.Management.Automation.ni.dll+104fbe4|UNKNOWN(00007FFDC4B03211)</Data><Data Name='SourceUser'>ATTACKDEFENSE\Administrator</Data><Data Name='TargetUser'>ATTACKDEFENSE\Administrator</Data></EventData></Event><Event xmlns='http://schemas.microsoft.com/win/2004/08/events/event'><System><Provider Name='Microsoft-Windows-Sysmon' Guid='{5770385f-c22a-43e0-bf4c-06f5698ffbd9}'/><EventID>1</EventID><Version>5</Version><Level>4</Level><Task>1</Task><Opcode>0</Opcode><Keywords>0x8000000000000000</Keywords><TimeCreated SystemTime='2023-04-12T11:52:15.310082700Z'/><EventRecordID>13373</EventRecordID><Correlation/><Execution ProcessID='2772' ThreadID='3468'/><Channel>Microsoft-Windows-Sysmon/Operational</Channel><Computer>AttackDefense</Computer><Security UserID='S-1-5-18'/></System><EventData><Data Name='RuleName'>technique_id=T1086,technique_name=PowerShell</Data><Data Name='UtcTime'>2023-04-12 11:52:15.309</Data><Data Name='ProcessGuid'>{221ce7aa-9b6f-6436-f802-00000000df00}</Data><Data Name='ProcessId'>6212</Data><Data Name='Image'>C:\Windows\System32\sc.exe</Data><Data Name='FileVersion'>10.0.17763.1 (WinBuild.160101.0800)</Data><Data Name='Description'>Service Control Manager Configuration Tool</Data><Data Name='Product'>Microsoft® Windows® Operating System</Data><Data Name='Company'>Microsoft Corporation</Data><Data Name='OriginalFileName'>sc.exe</Data><Data Name='CommandLine'>"C:\Windows\system32\sc.exe" create EvilSvc binPath= "c:\windows\System32\svchost.exe -k DcomLaunch" type= share start= auto</Data><Data Name='CurrentDirectory'>C:\Users\Administrator\Documents\</Data><Data Name='User'>ATTACKDEFENSE\Administrator</Data><Data Name='LogonGuid'>{221ce7aa-e2ed-6434-6a5c-050000000000}</Data><Data Name='LogonId'>0x55c6a</Data><Data Name='TerminalSessionId'>2</Data><Data Name='IntegrityLevel'>High</Data><Data Name='Hashes'>SHA1=622FA2729408E5F467A592223219DA7C547E7CC7,MD5=ABB56882148DE65D53ABFC55544A49A8,SHA256=78097C7CD0E57902536C60B7FA17528C313DB20869E5F944223A0BA4C801D39B,IMPHASH=35A7FFDE18D444A92D32C8B2879450FF</Data><Data Name='ParentProcessGuid'>{221ce7aa-7c44-6436-d602-00000000df00}</Data><Data Name='ParentProcessId'>6884</Data><Data Name='ParentImage'>C:\Windows\System32\WindowsPowerShell\v1.0\powershell.exe</Data><Data Name='ParentCommandLine'>"C:\Windows\System32\WindowsPowerShell\v1.0\powershell.exe" </Data><Data Name='ParentUser'>ATTACKDEFENSE\Administrator</Data></EventData></Event><Event xmlns='http://schemas.microsoft.com/win/2004/08/events/event'><System><Provider Name='Microsoft-Windows-Sysmon' Guid='{5770385f-c22a-43e0-bf4c-06f5698ffbd9}'/><EventID>13</EventID><Version>2</Version><Level>4</Level><Task>13</Task><Opcode>0</Opcode><Keywords>0x8000000000000000</Keywords><TimeCreated SystemTime='2023-04-12T11:52:12.555662100Z'/><EventRecordID>13372</EventRecordID><Correlation/><Execution ProcessID='2772' ThreadID='3468'/><Channel>Microsoft-Windows-Sysmon/Operational</Channel><Computer>AttackDefense</Computer><Security UserID='S-1-5-18'/></System><EventData><Data Name='RuleName'>-</Data><Data Name='EventType'>SetValue</Data><Data Name='UtcTime'>2023-04-12 11:52:12.553</Data><Data Name='ProcessGuid'>{221ce7aa-9b6c-6436-f702-00000000df00}</Data><Data Name='ProcessId'>6276</Data><Data Name='Image'>C:\Windows\system32\reg.exe</Data><Data Name='TargetObject'>HKLM\System\CurrentControlSet\Services\EvilSvc\Parameters\ServiceDll</Data><Data Name='Details'>C:\Windows\system32\EvilSvc.dll</Data><Data Name='User'>ATTACKDEFENSE\Administrator</Data></EventData></Event><Event xmlns='http://schemas.microsoft.com/win/2004/08/events/event'><System><Provider Name='Microsoft-Windows-Sysmon' Guid='{5770385f-c22a-43e0-bf4c-06f5698ffbd9}'/><EventID>12</EventID><Version>2</Version><Level>4</Level><Task>12</Task><Opcode>0</Opcode><Keywords>0x8000000000000000</Keywords><TimeCreated SystemTime='2023-04-12T11:52:12.553393400Z'/><EventRecordID>13371</EventRecordID><Correlation/><Execution ProcessID='2772' ThreadID='3468'/><Channel>Microsoft-Windows-Sysmon/Operational</Channel><Computer>AttackDefense</Computer><Security UserID='S-1-5-18'/></System><EventData><Data Name='RuleName'>technique_id=T1543,technique_name=Service Creation</Data><Data Name='EventType'>CreateKey</Data><Data Name='UtcTime'>2023-04-12 11:52:12.538</Data><Data Name='ProcessGuid'>{221ce7aa-9b6c-6436-f702-00000000df00}</Data><Data Name='ProcessId'>6276</Data><Data Name='Image'>C:\Windows\system32\reg.exe</Data><Data Name='TargetObject'>HKLM\System\CurrentControlSet\Services\EvilSvc\Parameters</Data><Data Name='User'>ATTACKDEFENSE\Administrator</Data></EventData></Event><Event xmlns='http://schemas.microsoft.com/win/2004/08/events/event'><System><Provider Name='Microsoft-Windows-Sysmon' Guid='{5770385f-c22a-43e0-bf4c-06f5698ffbd9}'/><EventID>10</EventID><Version>3</Version><Level>4</Level><Task>10</Task><Opcode>0</Opcode><Keywords>0x8000000000000000</Keywords><TimeCreated SystemTime='2023-04-12T11:52:12.546135400Z'/><EventRecordID>13370</EventRecordID><Correlation/><Execution ProcessID='2772' ThreadID='3468'/><Channel>Microsoft-Windows-Sysmon/Operational</Channel><Computer>AttackDefense</Computer><Security UserID='S-1-5-18'/></System><EventData><Data Name='RuleName'>technique_id=T1055.001,technique_name=Dynamic-link Library Injection</Data><Data Name='UtcTime'>2023-04-12 11:52:12.538</Data><Data Name='SourceProcessGUID'>{221ce7aa-7c44-6436-d602-00000000df00}</Data><Data Name='SourceProcessId'>6884</Data><Data Name='SourceThreadId'>6688</Data><Data Name='SourceImage'>C:\Windows\System32\WindowsPowerShell\v1.0\powershell.exe</Data><Data Name='TargetProcessGUID'>{221ce7aa-9b6c-6436-f702-00000000df00}</Data><Data Name='TargetProcessId'>6276</Data><Data Name='TargetImage'>C:\Windows\system32\reg.exe</Data><Data Name='GrantedAccess'>0x1fffff</Data><Data Name='CallTrace'>C:\Windows\SYSTEM32\ntdll.dll+a0fb4|C:\Windows\System32\KERNELBASE.dll+485d2|C:\Windows\System32\KERNELBASE.dll+45fc6|C:\Windows\System32\KERNEL32.DLL+1c2e3|C:\Windows\assembly\NativeImages_v4.0.30319_64\System\bc85b1a0fc836c6a32410f69432e7e4d\System.ni.dll+3332f6|C:\Windows\assembly\NativeImages_v4.0.30319_64\System\bc85b1a0fc836c6a32410f69432e7e4d\System.ni.dll+2b5560|C:\Windows\assembly\NativeImages_v4.0.30319_64\System\bc85b1a0fc836c6a32410f69432e7e4d\System.ni.dll+2b4f07|C:\Windows\assembly\NativeImages_v4.0.30319_64\System.Manaa57fc8cc#\56cd355397d2c49e20e8b7f9b594a067\System.Management.Automation.ni.dll+f7fb9b|C:\Windows\assembly\NativeImages_v4.0.30319_64\System.Manaa57fc8cc#\56cd355397d2c49e20e8b7f9b594a067\System.Management.Automation.ni.dll+ed9f4d|C:\Windows\assembly\NativeImages_v4.0.30319_64\System.Manaa57fc8cc#\56cd355397d2c49e20e8b7f9b594a067\System.Management.Automation.ni.dll+f5cabe|C:\Windows\assembly\NativeImages_v4.0.30319_64\System.Manaa57fc8cc#\56cd355397d2c49e20e8b7f9b594a067\System.Management.Automation.ni.dll+f5c79b|C:\Windows\assembly\NativeImages_v4.0.30319_64\System.Manaa57fc8cc#\56cd355397d2c49e20e8b7f9b594a067\System.Management.Automation.ni.dll+104fbe4|UNKNOWN(00007FFDC4B03211)</Data><Data Name='SourceUser'>ATTACKDEFENSE\Administrator</Data><Data Name='TargetUser'>ATTACKDEFENSE\Administrator</Data></EventData></Event><Event xmlns='http://schemas.microsoft.com/win/2004/08/events/event'><System><Provider Name='Microsoft-Windows-Sysmon' Guid='{5770385f-c22a-43e0-bf4c-06f5698ffbd9}'/><EventID>1</EventID><Version>5</Version><Level>4</Level><Task>1</Task><Opcode>0</Opcode><Keywords>0x8000000000000000</Keywords><TimeCreated SystemTime='2023-04-12T11:52:12.544927200Z'/><EventRecordID>13369</EventRecordID><Correlation/><Execution ProcessID='2772' ThreadID='3468'/><Channel>Microsoft-Windows-Sysmon/Operational</Channel><Computer>AttackDefense</Computer><Security UserID='S-1-5-18'/></System><EventData><Data Name='RuleName'>technique_id=T1112,technique_name=Modify Registry</Data><Data Name='UtcTime'>2023-04-12 11:52:12.543</Data><Data Name='ProcessGuid'>{221ce7aa-9b6c-6436-f702-00000000df00}</Data><Data Name='ProcessId'>6276</Data><Data Name='Image'>C:\Windows\System32\reg.exe</Data><Data Name='FileVersion'>10.0.17763.1 (WinBuild.160101.0800)</Data><Data Name='Description'>Registry Console Tool</Data><Data Name='Product'>Microsoft® Windows® Operating System</Data><Data Name='Company'>Microsoft Corporation</Data><Data Name='OriginalFileName'>reg.exe</Data><Data Name='CommandLine'>"C:\Windows\system32\reg.exe" add HKLM\SYSTEM\CurrentControlSet\services\EvilSvc\Parameters /v ServiceDll /t REG_EXPAND_SZ /d C:\Windows\system32\EvilSvc.dll /f</Data><Data Name='CurrentDirectory'>C:\Users\Administrator\Documents\</Data><Data Name='User'>ATTACKDEFENSE\Administrator</Data><Data Name='LogonGuid'>{221ce7aa-e2ed-6434-6a5c-050000000000}</Data><Data Name='LogonId'>0x55c6a</Data><Data Name='TerminalSessionId'>2</Data><Data Name='IntegrityLevel'>High</Data><Data Name='Hashes'>SHA1=429DF8371B437209D79DC97978C33157D1A71C4B,MD5=8A93ACAC33151793F8D52000071C0B06,SHA256=19316D4266D0B776D9B2A05D5903D8CBC8F0EA1520E9C2A7E6D5960B6FA4DCAF,IMPHASH=BE482BE427FE212CFEF2CDA0E61F19AC</Data><Data Name='ParentProcessGuid'>{221ce7aa-7c44-6436-d602-00000000df00}</Data><Data Name='ParentProcessId'>6884</Data><Data Name='ParentImage'>C:\Windows\System32\WindowsPowerShell\v1.0\powershell.exe</Data><Data Name='ParentCommandLine'>"C:\Windows\System32\WindowsPowerShell\v1.0\powershell.exe" </Data><Data Name='ParentUser'>ATTACKDEFENSE\Administrator</Data></EventData></Event><Event xmlns='http://schemas.microsoft.com/win/2004/08/events/event'><System><Provider Name='Microsoft-Windows-Sysmon' Guid='{5770385f-c22a-43e0-bf4c-06f5698ffbd9}'/><EventID>11</EventID><Version>2</Version><Level>4</Level><Task>11</Task><Opcode>0</Opcode><Keywords>0x8000000000000000</Keywords><TimeCreated SystemTime='2023-04-12T11:52:04.639849800Z'/><EventRecordID>13368</EventRecordID><Correlation/><Execution ProcessID='2772' ThreadID='3468'/><Channel>Microsoft-Windows-Sysmon/Operational</Channel><Computer>AttackDefense</Computer><Security UserID='S-1-5-18'/></System><EventData><Data Name='RuleName'>technique_id=T1047,technique_name=File System Permissions Weakness</Data><Data Name='UtcTime'>2023-04-12 11:52:04.632</Data><Data Name='ProcessGuid'>{221ce7aa-e2f0-6434-6800-00000000df00}</Data><Data Name='ProcessId'>4468</Data><Data Name='Image'>C:\Windows\Explorer.EXE</Data><Data Name='TargetFilename'>C:\Windows\System32\evilsvc.dll</Data><Data Name='CreationUtcTime'>2023-04-12 11:52:04.632</Data><Data Name='User'>ATTACKDEFENSE\Administrator</Data></EventData></Event><Event xmlns='http://schemas.microsoft.com/win/2004/08/events/event'><System><Provider Name='Microsoft-Windows-Sysmon' Guid='{5770385f-c22a-43e0-bf4c-06f5698ffbd9}'/><EventID>11</EventID><Version>2</Version><Level>4</Level><Task>11</Task><Opcode>0</Opcode><Keywords>0x8000000000000000</Keywords><TimeCreated SystemTime='2023-04-12T11:51:35.898041000Z'/><EventRecordID>13367</EventRecordID><Correlation/><Execution ProcessID='2772' ThreadID='3468'/><Channel>Microsoft-Windows-Sysmon/Operational</Channel><Computer>AttackDefense</Computer><Security UserID='S-1-5-18'/></System><EventData><Data Name='RuleName'>technique_id=T1047,technique_name=File System Permissions Weakness</Data><Data Name='UtcTime'>2023-04-12 11:51:35.897</Data><Data Name='ProcessGuid'>{221ce7aa-e2d3-6434-1b00-00000000df00}</Data><Data Name='ProcessId'>1196</Data><Data Name='Image'>C:\Windows\System32\svchost.exe</Data><Data Name='TargetFilename'>C:\Windows\ServiceState\EventLog\Data\lastalive1.dat</Data><Data Name='CreationUtcTime'>2023-04-11 04:33:19.717</Data><Data Name='User'>NT AUTHORITY\LOCAL SERVICE</Data></EventData></Event><Event xmlns='http://schemas.microsoft.com/win/2004/08/events/event'><System><Provider Name='Microsoft-Windows-Sysmon' Guid='{5770385f-c22a-43e0-bf4c-06f5698ffbd9}'/><EventID>13</EventID><Version>2</Version><Level>4</Level><Task>13</Task><Opcode>0</Opcode><Keywords>0x8000000000000000</Keywords><TimeCreated SystemTime='2023-04-12T11:51:22.296235100Z'/><EventRecordID>13366</EventRecordID><Correlation/><Execution ProcessID='2772' ThreadID='3468'/><Channel>Microsoft-Windows-Sysmon/Operational</Channel><Computer>AttackDefense</Computer><Security UserID='S-1-5-18'/></System><EventData><Data Name='RuleName'>-</Data><Data Name='EventType'>SetValue</Data><Data Name='UtcTime'>2023-04-12 11:51:22.289</Data><Data Name='ProcessGuid'>{221ce7aa-9b3a-6436-f602-00000000df00}</Data><Data Name='ProcessId'>4500</Data><Data Name='Image'>C:\Windows\system32\reg.exe</Data><Data Name='TargetObject'>HKLM\System\CurrentControlSet\Services\EvilSvc\Parameters\ServiceDll</Data><Data Name='Details'>C:\Windows\system32\EvilSvc.dll</Data><Data Name='User'>ATTACKDEFENSE\Administrator</Data></EventData></Event><Event xmlns='http://schemas.microsoft.com/win/2004/08/events/event'><System><Provider Name='Microsoft-Windows-Sysmon' Guid='{5770385f-c22a-43e0-bf4c-06f5698ffbd9}'/><EventID>12</EventID><Version>2</Version><Level>4</Level><Task>12</Task><Opcode>0</Opcode><Keywords>0x8000000000000000</Keywords><TimeCreated SystemTime='2023-04-12T11:51:22.296175700Z'/><EventRecordID>13365</EventRecordID><Correlation/><Execution ProcessID='2772' ThreadID='3468'/><Channel>Microsoft-Windows-Sysmon/Operational</Channel><Computer>AttackDefense</Computer><Security UserID='S-1-5-18'/></System><EventData><Data Name='RuleName'>technique_id=T1543,technique_name=Service Creation</Data><Data Name='EventType'>CreateKey</Data><Data Name='UtcTime'>2023-04-12 11:51:22.289</Data><Data Name='ProcessGuid'>{221ce7aa-9b3a-6436-f602-00000000df00}</Data><Data Name='ProcessId'>4500</Data><Data Name='Image'>C:\Windows\system32\reg.exe</Data><Data Name='TargetObject'>HKLM\System\CurrentControlSet\Services\EvilSvc\Parameters</Data><Data Name='User'>ATTACKDEFENSE\Administrator</Data></EventData></Event><Event xmlns='http://schemas.microsoft.com/win/2004/08/events/event'><System><Provider Name='Microsoft-Windows-Sysmon' Guid='{5770385f-c22a-43e0-bf4c-06f5698ffbd9}'/><EventID>10</EventID><Version>3</Version><Level>4</Level><Task>10</Task><Opcode>0</Opcode><Keywords>0x8000000000000000</Keywords><TimeCreated SystemTime='2023-04-12T11:51:22.280404900Z'/><EventRecordID>13364</EventRecordID><Correlation/><Execution ProcessID='2772' ThreadID='3468'/><Channel>Microsoft-Windows-Sysmon/Operational</Channel><Computer>AttackDefense</Computer><Security UserID='S-1-5-18'/></System><EventData><Data Name='RuleName'>technique_id=T1055.001,technique_name=Dynamic-link Library Injection</Data><Data Name='UtcTime'>2023-04-12 11:51:22.274</Data><Data Name='SourceProcessGUID'>{221ce7aa-7c44-6436-d602-00000000df00}</Data><Data Name='SourceProcessId'>6884</Data><Data Name='SourceThreadId'>6688</Data><Data Name='SourceImage'>C:\Windows\System32\WindowsPowerShell\v1.0\powershell.exe</Data><Data Name='TargetProcessGUID'>{221ce7aa-9b3a-6436-f602-00000000df00}</Data><Data Name='TargetProcessId'>4500</Data><Data Name='TargetImage'>C:\Windows\system32\reg.exe</Data><Data Name='GrantedAccess'>0x1fffff</Data><Data Name='CallTrace'>C:\Windows\SYSTEM32\ntdll.dll+a0fb4|C:\Windows\System32\KERNELBASE.dll+485d2|C:\Windows\System32\KERNELBASE.dll+45fc6|C:\Windows\System32\KERNEL32.DLL+1c2e3|C:\Windows\assembly\NativeImages_v4.0.30319_64\System\bc85b1a0fc836c6a32410f69432e7e4d\System.ni.dll+3332f6|C:\Windows\assembly\NativeImages_v4.0.30319_64\System\bc85b1a0fc836c6a32410f69432e7e4d\System.ni.dll+2b5560|C:\Windows\assembly\NativeImages_v4.0.30319_64\System\bc85b1a0fc836c6a32410f69432e7e4d\System.ni.dll+2b4f07|C:\Windows\assembly\NativeImages_v4.0.30319_64\System.Manaa57fc8cc#\56cd355397d2c49e20e8b7f9b594a067\System.Management.Automation.ni.dll+f7fb9b|C:\Windows\assembly\NativeImages_v4.0.30319_64\System.Manaa57fc8cc#\56cd355397d2c49e20e8b7f9b594a067\System.Management.Automation.ni.dll+ed9f4d|C:\Windows\assembly\NativeImages_v4.0.30319_64\System.Manaa57fc8cc#\56cd355397d2c49e20e8b7f9b594a067\System.Management.Automation.ni.dll+f5cabe|C:\Windows\assembly\NativeImages_v4.0.30319_64\System.Manaa57fc8cc#\56cd355397d2c49e20e8b7f9b594a067\System.Management.Automation.ni.dll+f5c79b|C:\Windows\assembly\NativeImages_v4.0.30319_64\System.Manaa57fc8cc#\56cd355397d2c49e20e8b7f9b594a067\System.Management.Automation.ni.dll+104fbe4|UNKNOWN(00007FFDC4B03211)</Data><Data Name='SourceUser'>ATTACKDEFENSE\Administrator</Data><Data Name='TargetUser'>ATTACKDEFENSE\Administrator</Data></EventData></Event><Event xmlns='http://schemas.microsoft.com/win/2004/08/events/event'><System><Provider Name='Microsoft-Windows-Sysmon' Guid='{5770385f-c22a-43e0-bf4c-06f5698ffbd9}'/><EventID>1</EventID><Version>5</Version><Level>4</Level><Task>1</Task><Opcode>0</Opcode><Keywords>0x8000000000000000</Keywords><TimeCreated SystemTime='2023-04-12T11:51:22.279907000Z'/><EventRecordID>13363</EventRecordID><Correlation/><Execution ProcessID='2772' ThreadID='3468'/><Channel>Microsoft-Windows-Sysmon/Operational</Channel><Computer>AttackDefense</Computer><Security UserID='S-1-5-18'/></System><EventData><Data Name='RuleName'>technique_id=T1112,technique_name=Modify Registry</Data><Data Name='UtcTime'>2023-04-12 11:51:22.277</Data><Data Name='ProcessGuid'>{221ce7aa-9b3a-6436-f602-00000000df00}</Data><Data Name='ProcessId'>4500</Data><Data Name='Image'>C:\Windows\System32\reg.exe</Data><Data Name='FileVersion'>10.0.17763.1 (WinBuild.160101.0800)</Data><Data Name='Description'>Registry Console Tool</Data><Data Name='Product'>Microsoft® Windows® Operating System</Data><Data Name='Company'>Microsoft Corporation</Data><Data Name='OriginalFileName'>reg.exe</Data><Data Name='CommandLine'>"C:\Windows\system32\reg.exe" add HKLM\SYSTEM\CurrentControlSet\services\EvilSvc\Parameters /v ServiceDll /t REG_EXPAND_SZ /d C:\Windows\system32\EvilSvc.dll /f</Data><Data Name='CurrentDirectory'>C:\Users\Administrator\Documents\</Data><Data Name='User'>ATTACKDEFENSE\Administrator</Data><Data Name='LogonGuid'>{221ce7aa-e2ed-6434-6a5c-050000000000}</Data><Data Name='LogonId'>0x55c6a</Data><Data Name='TerminalSessionId'>2</Data><Data Name='IntegrityLevel'>High</Data><Data Name='Hashes'>SHA1=429DF8371B437209D79DC97978C33157D1A71C4B,MD5=8A93ACAC33151793F8D52000071C0B06,SHA256=19316D4266D0B776D9B2A05D5903D8CBC8F0EA1520E9C2A7E6D5960B6FA4DCAF,IMPHASH=BE482BE427FE212CFEF2CDA0E61F19AC</Data><Data Name='ParentProcessGuid'>{221ce7aa-7c44-6436-d602-00000000df00}</Data><Data Name='ParentProcessId'>6884</Data><Data Name='ParentImage'>C:\Windows\System32\WindowsPowerShell\v1.0\powershell.exe</Data><Data Name='ParentCommandLine'>"C:\Windows\System32\WindowsPowerShell\v1.0\powershell.exe" </Data><Data Name='ParentUser'>ATTACKDEFENSE\Administrator</Data></EventData></Event><Event xmlns='http://schemas.microsoft.com/win/2004/08/events/event'><System><Provider Name='Microsoft-Windows-Sysmon' Guid='{5770385f-c22a-43e0-bf4c-06f5698ffbd9}'/><EventID>13</EventID><Version>2</Version><Level>4</Level><Task>13</Task><Opcode>0</Opcode><Keywords>0x8000000000000000</Keywords><TimeCreated SystemTime='2023-04-12T11:51:10.795636700Z'/><EventRecordID>13362</EventRecordID><Correlation/><Execution ProcessID='2772' ThreadID='3468'/><Channel>Microsoft-Windows-Sysmon/Operational</Channel><Computer>AttackDefense</Computer><Security UserID='S-1-5-18'/></System><EventData><Data Name='RuleName'>technique_id=T1543,technique_name=Service Creation</Data><Data Name='EventType'>SetValue</Data><Data Name='UtcTime'>2023-04-12 11:51:10.785</Data><Data Name='ProcessGuid'>{221ce7aa-e2d1-6434-0b00-00000000df00}</Data><Data Name='ProcessId'>564</Data><Data Name='Image'>C:\Windows\system32\services.exe</Data><Data Name='TargetObject'>HKLM\System\CurrentControlSet\Services\EvilSvc\ObjectName</Data><Data Name='Details'>LocalSystem</Data><Data Name='User'>NT AUTHORITY\SYSTEM</Data></EventData></Event><Event xmlns='http://schemas.microsoft.com/win/2004/08/events/event'><System><Provider Name='Microsoft-Windows-Sysmon' Guid='{5770385f-c22a-43e0-bf4c-06f5698ffbd9}'/><EventID>13</EventID><Version>2</Version><Level>4</Level><Task>13</Task><Opcode>0</Opcode><Keywords>0x8000000000000000</Keywords><TimeCreated SystemTime='2023-04-12T11:51:10.794995300Z'/><EventRecordID>13361</EventRecordID><Correlation/><Execution ProcessID='2772' ThreadID='3468'/><Channel>Microsoft-Windows-Sysmon/Operational</Channel><Computer>AttackDefense</Computer><Security UserID='S-1-5-18'/></System><EventData><Data Name='RuleName'>-</Data><Data Name='EventType'>SetValue</Data><Data Name='UtcTime'>2023-04-12 11:51:10.785</Data><Data Name='ProcessGuid'>{221ce7aa-e2d1-6434-0b00-00000000df00}</Data><Data Name='ProcessId'>564</Data><Data Name='Image'>C:\Windows\system32\services.exe</Data><Data Name='TargetObject'>HKLM\System\CurrentControlSet\Services\EvilSvc\ImagePath</Data><Data Name='Details'>c:\windows\System32\svchost.exe -k DcomLaunch</Data><Data Name='User'>NT AUTHORITY\SYSTEM</Data></EventData></Event><Event xmlns='http://schemas.microsoft.com/win/2004/08/events/event'><System><Provider Name='Microsoft-Windows-Sysmon' Guid='{5770385f-c22a-43e0-bf4c-06f5698ffbd9}'/><EventID>13</EventID><Version>2</Version><Level>4</Level><Task>13</Task><Opcode>0</Opcode><Keywords>0x8000000000000000</Keywords><TimeCreated SystemTime='2023-04-12T11:51:10.794968400Z'/><EventRecordID>13360</EventRecordID><Correlation/><Execution ProcessID='2772' ThreadID='3468'/><Channel>Microsoft-Windows-Sysmon/Operational</Channel><Computer>AttackDefense</Computer><Security UserID='S-1-5-18'/></System><EventData><Data Name='RuleName'>technique_id=T1543,technique_name=Service Creation</Data><Data Name='EventType'>SetValue</Data><Data Name='UtcTime'>2023-04-12 11:51:10.785</Data><Data Name='ProcessGuid'>{221ce7aa-e2d1-6434-0b00-00000000df00}</Data><Data Name='ProcessId'>564</Data><Data Name='Image'>C:\Windows\system32\services.exe</Data><Data Name='TargetObject'>HKLM\System\CurrentControlSet\Services\EvilSvc\ErrorControl</Data><Data Name='Details'>DWORD (0x00000001)</Data><Data Name='User'>NT AUTHORITY\SYSTEM</Data></EventData></Event><Event xmlns='http://schemas.microsoft.com/win/2004/08/events/event'><System><Provider Name='Microsoft-Windows-Sysmon' Guid='{5770385f-c22a-43e0-bf4c-06f5698ffbd9}'/><EventID>13</EventID><Version>2</Version><Level>4</Level><Task>13</Task><Opcode>0</Opcode><Keywords>0x8000000000000000</Keywords><TimeCreated SystemTime='2023-04-12T11:51:10.794900600Z'/><EventRecordID>13359</EventRecordID><Correlation/><Execution ProcessID='2772' ThreadID='3468'/><Channel>Microsoft-Windows-Sysmon/Operational</Channel><Computer>AttackDefense</Computer><Security UserID='S-1-5-18'/></System><EventData><Data Name='RuleName'>-</Data><Data Name='EventType'>SetValue</Data><Data Name='UtcTime'>2023-04-12 11:51:10.785</Data><Data Name='ProcessGuid'>{221ce7aa-e2d1-6434-0b00-00000000df00}</Data><Data Name='ProcessId'>564</Data><Data Name='Image'>C:\Windows\system32\services.exe</Data><Data Name='TargetObject'>HKLM\System\CurrentControlSet\Services\EvilSvc\Start</Data><Data Name='Details'>DWORD (0x00000002)</Data><Data Name='User'>NT AUTHORITY\SYSTEM</Data></EventData></Event><Event xmlns='http://schemas.microsoft.com/win/2004/08/events/event'><System><Provider Name='Microsoft-Windows-Sysmon' Guid='{5770385f-c22a-43e0-bf4c-06f5698ffbd9}'/><EventID>13</EventID><Version>2</Version><Level>4</Level><Task>13</Task><Opcode>0</Opcode><Keywords>0x8000000000000000</Keywords><TimeCreated SystemTime='2023-04-12T11:51:10.794863500Z'/><EventRecordID>13358</EventRecordID><Correlation/><Execution ProcessID='2772' ThreadID='3468'/><Channel>Microsoft-Windows-Sysmon/Operational</Channel><Computer>AttackDefense</Computer><Security UserID='S-1-5-18'/></System><EventData><Data Name='RuleName'>technique_id=T1543,technique_name=Service Creation</Data><Data Name='EventType'>SetValue</Data><Data Name='UtcTime'>2023-04-12 11:51:10.785</Data><Data Name='ProcessGuid'>{221ce7aa-e2d1-6434-0b00-00000000df00}</Data><Data Name='ProcessId'>564</Data><Data Name='Image'>C:\Windows\system32\services.exe</Data><Data Name='TargetObject'>HKLM\System\CurrentControlSet\Services\EvilSvc\Type</Data><Data Name='Details'>DWORD (0x00000020)</Data><Data Name='User'>NT AUTHORITY\SYSTEM</Data></EventData></Event><Event xmlns='http://schemas.microsoft.com/win/2004/08/events/event'><System><Provider Name='Microsoft-Windows-Sysmon' Guid='{5770385f-c22a-43e0-bf4c-06f5698ffbd9}'/><EventID>12</EventID><Version>2</Version><Level>4</Level><Task>12</Task><Opcode>0</Opcode><Keywords>0x8000000000000000</Keywords><TimeCreated SystemTime='2023-04-12T11:51:10.794690500Z'/><EventRecordID>13357</EventRecordID><Correlation/><Execution ProcessID='2772' ThreadID='3468'/><Channel>Microsoft-Windows-Sysmon/Operational</Channel><Computer>AttackDefense</Computer><Security UserID='S-1-5-18'/></System><EventData><Data Name='RuleName'>technique_id=T1543,technique_name=Service Creation</Data><Data Name='EventType'>CreateKey</Data><Data Name='UtcTime'>2023-04-12 11:51:10.785</Data><Data Name='ProcessGuid'>{221ce7aa-e2d1-6434-0b00-00000000df00}</Data><Data Name='ProcessId'>564</Data><Data Name='Image'>C:\Windows\system32\services.exe</Data><Data Name='TargetObject'>HKLM\System\CurrentControlSet\Services\EvilSvc</Data><Data Name='User'>NT AUTHORITY\SYSTEM</Data></EventData></Event><Event xmlns='http://schemas.microsoft.com/win/2004/08/events/event'><System><Provider Name='Microsoft-Windows-Sysmon' Guid='{5770385f-c22a-43e0-bf4c-06f5698ffbd9}'/><EventID>10</EventID><Version>3</Version><Level>4</Level><Task>10</Task><Opcode>0</Opcode><Keywords>0x8000000000000000</Keywords><TimeCreated SystemTime='2023-04-12T11:51:10.775053200Z'/><EventRecordID>13356</EventRecordID><Correlation/><Execution ProcessID='2772' ThreadID='3468'/><Channel>Microsoft-Windows-Sysmon/Operational</Channel><Computer>AttackDefense</Computer><Security UserID='S-1-5-18'/></System><EventData><Data Name='RuleName'>technique_id=T1055.001,technique_name=Dynamic-link Library Injection</Data><Data Name='UtcTime'>2023-04-12 11:51:10.769</Data><Data Name='SourceProcessGUID'>{221ce7aa-7c44-6436-d602-00000000df00}</Data><Data Name='SourceProcessId'>6884</Data><Data Name='SourceThreadId'>6688</Data><Data Name='SourceImage'>C:\Windows\System32\WindowsPowerShell\v1.0\powershell.exe</Data><Data Name='TargetProcessGUID'>{221ce7aa-9b2e-6436-f502-00000000df00}</Data><Data Name='TargetProcessId'>3564</Data><Data Name='TargetImage'>C:\Windows\system32\sc.exe</Data><Data Name='GrantedAccess'>0x1fffff</Data><Data Name='CallTrace'>C:\Windows\SYSTEM32\ntdll.dll+a0fb4|C:\Windows\System32\KERNELBASE.dll+485d2|C:\Windows\System32\KERNELBASE.dll+45fc6|C:\Windows\System32\KERNEL32.DLL+1c2e3|C:\Windows\assembly\NativeImages_v4.0.30319_64\System\bc85b1a0fc836c6a32410f69432e7e4d\System.ni.dll+3332f6|C:\Windows\assembly\NativeImages_v4.0.30319_64\System\bc85b1a0fc836c6a32410f69432e7e4d\System.ni.dll+2b5560|C:\Windows\assembly\NativeImages_v4.0.30319_64\System\bc85b1a0fc836c6a32410f69432e7e4d\System.ni.dll+2b4f07|C:\Windows\assembly\NativeImages_v4.0.30319_64\System.Manaa57fc8cc#\56cd355397d2c49e20e8b7f9b594a067\System.Management.Automation.ni.dll+f7fb9b|C:\Windows\assembly\NativeImages_v4.0.30319_64\System.Manaa57fc8cc#\56cd355397d2c49e20e8b7f9b594a067\System.Management.Automation.ni.dll+ed9f4d|C:\Windows\assembly\NativeImages_v4.0.30319_64\System.Manaa57fc8cc#\56cd355397d2c49e20e8b7f9b594a067\System.Management.Automation.ni.dll+f5cabe|C:\Windows\assembly\NativeImages_v4.0.30319_64\System.Manaa57fc8cc#\56cd355397d2c49e20e8b7f9b594a067\System.Management.Automation.ni.dll+f5c79b|C:\Windows\assembly\NativeImages_v4.0.30319_64\System.Manaa57fc8cc#\56cd355397d2c49e20e8b7f9b594a067\System.Management.Automation.ni.dll+104fbe4|UNKNOWN(00007FFDC4B03211)</Data><Data Name='SourceUser'>ATTACKDEFENSE\Administrator</Data><Data Name='TargetUser'>ATTACKDEFENSE\Administrator</Data></EventData></Event><Event xmlns='http://schemas.microsoft.com/win/2004/08/events/event'><System><Provider Name='Microsoft-Windows-Sysmon' Guid='{5770385f-c22a-43e0-bf4c-06f5698ffbd9}'/><EventID>1</EventID><Version>5</Version><Level>4</Level><Task>1</Task><Opcode>0</Opcode><Keywords>0x8000000000000000</Keywords><TimeCreated SystemTime='2023-04-12T11:51:10.774742400Z'/><EventRecordID>13355</EventRecordID><Correlation/><Execution ProcessID='2772' ThreadID='3468'/><Channel>Microsoft-Windows-Sysmon/Operational</Channel><Computer>AttackDefense</Computer><Security UserID='S-1-5-18'/></System><EventData><Data Name='RuleName'>technique_id=T1086,technique_name=PowerShell</Data><Data Name='UtcTime'>2023-04-12 11:51:10.773</Data><Data Name='ProcessGuid'>{221ce7aa-9b2e-6436-f502-00000000df00}</Data><Data Name='ProcessId'>3564</Data><Data Name='Image'>C:\Windows\System32\sc.exe</Data><Data Name='FileVersion'>10.0.17763.1 (WinBuild.160101.0800)</Data><Data Name='Description'>Service Control Manager Configuration Tool</Data><Data Name='Product'>Microsoft® Windows® Operating System</Data><Data Name='Company'>Microsoft Corporation</Data><Data Name='OriginalFileName'>sc.exe</Data><Data Name='CommandLine'>"C:\Windows\system32\sc.exe" create EvilSvc binPath= "c:\windows\System32\svchost.exe -k DcomLaunch" type= share start= auto</Data><Data Name='CurrentDirectory'>C:\Users\Administrator\Documents\</Data><Data Name='User'>ATTACKDEFENSE\Administrator</Data><Data Name='LogonGuid'>{221ce7aa-e2ed-6434-6a5c-050000000000}</Data><Data Name='LogonId'>0x55c6a</Data><Data Name='TerminalSessionId'>2</Data><Data Name='IntegrityLevel'>High</Data><Data Name='Hashes'>SHA1=622FA2729408E5F467A592223219DA7C547E7CC7,MD5=ABB56882148DE65D53ABFC55544A49A8,SHA256=78097C7CD0E57902536C60B7FA17528C313DB20869E5F944223A0BA4C801D39B,IMPHASH=35A7FFDE18D444A92D32C8B2879450FF</Data><Data Name='ParentProcessGuid'>{221ce7aa-7c44-6436-d602-00000000df00}</Data><Data Name='ParentProcessId'>6884</Data><Data Name='ParentImage'>C:\Windows\System32\WindowsPowerShell\v1.0\powershell.exe</Data><Data Name='ParentCommandLine'>"C:\Windows\System32\WindowsPowerShell\v1.0\powershell.exe" </Data><Data Name='ParentUser'>ATTACKDEFENSE\Administrator</Data></EventData></Event><Event xmlns='http://schemas.microsoft.com/win/2004/08/events/event'><System><Provider Name='Microsoft-Windows-Sysmon' Guid='{5770385f-c22a-43e0-bf4c-06f5698ffbd9}'/><EventID>5</EventID><Version>3</Version><Level>4</Level><Task>5</Task><Opcode>0</Opcode><Keywords>0x8000000000000000</Keywords><TimeCreated SystemTime='2023-04-12T11:50:51.769320300Z'/><EventRecordID>13354</EventRecordID><Correlation/><Execution ProcessID='2772' ThreadID='3468'/><Channel>Microsoft-Windows-Sysmon/Operational</Channel><Computer>AttackDefense</Computer><Security UserID='S-1-5-18'/></System><EventData><Data Name='RuleName'>-</Data><Data Name='UtcTime'>2023-04-12 11:50:51.756</Data><Data Name='ProcessGuid'>{221ce7aa-7c72-6436-d802-00000000df00}</Data><Data Name='ProcessId'>6308</Data><Data Name='Image'>C:\Users\Administrator\Downloads\mimikatz-master(1)\mimikatz-master\x64\mimikatz.exe</Data><Data Name='User'>ATTACKDEFENSE\Administrator</Data></EventData></Event><Event xmlns='http://schemas.microsoft.com/win/2004/08/events/event'><System><Provider Name='Microsoft-Windows-Sysmon' Guid='{5770385f-c22a-43e0-bf4c-06f5698ffbd9}'/><EventID>11</EventID><Version>2</Version><Level>4</Level><Task>11</Task><Opcode>0</Opcode><Keywords>0x8000000000000000</Keywords><TimeCreated SystemTime='2023-04-12T11:50:35.897462900Z'/><EventRecordID>13353</EventRecordID><Correlation/><Execution ProcessID='2772' ThreadID='3468'/><Channel>Microsoft-Windows-Sysmon/Operational</Channel><Computer>AttackDefense</Computer><Security UserID='S-1-5-18'/></System><EventData><Data Name='RuleName'>technique_id=T1047,technique_name=File System Permissions Weakness</Data><Data Name='UtcTime'>2023-04-12 11:50:35.896</Data><Data Name='ProcessGuid'>{221ce7aa-e2d3-6434-1b00-00000000df00}</Data><Data Name='ProcessId'>1196</Data><Data Name='Image'>C:\Windows\System32\svchost.exe</Data><Data Name='TargetFilename'>C:\Windows\ServiceState\EventLog\Data\lastalive0.dat</Data><Data Name='CreationUtcTime'>2023-04-11 04:32:19.713</Data><Data Name='User'>NT AUTHORITY\LOCAL SERVICE</Data></EventData></Event><Event xmlns='http://schemas.microsoft.com/win/2004/08/events/event'><System><Provider Name='Microsoft-Windows-Sysmon' Guid='{5770385f-c22a-43e0-bf4c-06f5698ffbd9}'/><EventID>13</EventID><Version>2</Version><Level>4</Level><Task>13</Task><Opcode>0</Opcode><Keywords>0x8000000000000000</Keywords><TimeCreated SystemTime='2023-04-12T11:50:31.839996700Z'/><EventRecordID>13352</EventRecordID><Correlation/><Execution ProcessID='2772' ThreadID='3468'/><Channel>Microsoft-Windows-Sysmon/Operational</Channel><Computer>AttackDefense</Computer><Security UserID='S-1-5-18'/></System><EventData><Data Name='RuleName'>technique_id=T1543,technique_name=Service Creation</Data><Data Name='EventType'>SetValue</Data><Data Name='UtcTime'>2023-04-12 11:50:31.828</Data><Data Name='ProcessGuid'>{221ce7aa-9af6-6436-f402-00000000df00}</Data><Data Name='ProcessId'>6360</Data><Data Name='Image'>C:\Windows\system32\NOTEPAD.EXE</Data><Data Name='TargetObject'>HKLM\System\CurrentControlSet\Services\bam\State\UserSettings\S-1-5-21-3688751335-3073641799-161370460-500\\Device\HarddiskVolume1\Windows\System32\notepad.exe</Data><Data Name='Details'>Binary Data</Data><Data Name='User'>ATTACKDEFENSE\Administrator</Data></EventData></Event><Event xmlns='http://schemas.microsoft.com/win/2004/08/events/event'><System><Provider Name='Microsoft-Windows-Sysmon' Guid='{5770385f-c22a-43e0-bf4c-06f5698ffbd9}'/><EventID>22</EventID><Version>5</Version><Level>4</Level><Task>22</Task><Opcode>0</Opcode><Keywords>0x8000000000000000</Keywords><TimeCreated SystemTime='2023-04-12T11:50:22.220666600Z'/><EventRecordID>13351</EventRecordID><Correlation/><Execution ProcessID='2772' ThreadID='3488'/><Channel>Microsoft-Windows-Sysmon/Operational</Channel><Computer>AttackDefense</Computer><Security UserID='S-1-5-18'/></System><EventData><Data Name='RuleName'>-</Data><Data Name='UtcTime'>2023-04-12 11:50:19.960</Data><Data Name='ProcessGuid'>{221ce7aa-9602-6436-eb02-00000000df00}</Data><Data Name='ProcessId'>2996</Data><Data Name='QueryName'>wpad</Data><Data Name='QueryStatus'>9003</Data><Data Name='QueryResults'>-</Data><Data Name='Image'>C:\Windows\System32\svchost.exe</Data><Data Name='User'>NT AUTHORITY\LOCAL SERVICE</Data></EventData></Event><Event xmlns='http://schemas.microsoft.com/win/2004/08/events/event'><System><Provider Name='Microsoft-Windows-Sysmon' Guid='{5770385f-c22a-43e0-bf4c-06f5698ffbd9}'/><EventID>7</EventID><Version>3</Version><Level>4</Level><Task>7</Task><Opcode>0</Opcode><Keywords>0x8000000000000000</Keywords><TimeCreated SystemTime='2023-04-12T11:50:14.844160200Z'/><EventRecordID>13350</EventRecordID><Correlation/><Execution ProcessID='2772' ThreadID='3468'/><Channel>Microsoft-Windows-Sysmon/Operational</Channel><Computer>AttackDefense</Computer><Security UserID='S-1-5-18'/></System><EventData><Data Name='RuleName'>-</Data><Data Name='UtcTime'>2023-04-12 11:50:14.828</Data><Data Name='ProcessGuid'>{221ce7aa-9af6-6436-f402-00000000df00}</Data><Data Name='ProcessId'>6360</Data><Data Name='Image'>C:\Windows\System32\notepad.exe</Data><Data Name='ImageLoaded'>C:\Windows\System32\urlmon.dll</Data><Data Name='FileVersion'>11.00.17763.1217 (WinBuild.160101.0800)</Data><Data Name='Description'>OLE32 Extensions for Win32</Data><Data Name='Product'>Internet Explorer</Data><Data Name='Company'>Microsoft Corporation</Data><Data Name='OriginalFileName'>UrlMon.dll</Data><Data Name='Hashes'>SHA1=E432A543F7F4C6B7335CE407A8F0CA23A3A347FC,MD5=971E44E873F2F0A97800AC690A0FEE66,SHA256=509AFDB2FE300E124A39D9C5B18192E0B494F07C2C10FE1266B8389FD965EF09,IMPHASH=F581F0554436F969D8C3BE6DA288E064</Data><Data Name='Signed'>true</Data><Data Name='Signature'>Microsoft Windows</Data><Data Name='SignatureStatus'>Valid</Data><Data Name='User'>ATTACKDEFENSE\Administrator</Data></EventData></Event><Event xmlns='http://schemas.microsoft.com/win/2004/08/events/event'><System><Provider Name='Microsoft-Windows-Sysmon' Guid='{5770385f-c22a-43e0-bf4c-06f5698ffbd9}'/><EventID>13</EventID><Version>2</Version><Level>4</Level><Task>13</Task><Opcode>0</Opcode><Keywords>0x8000000000000000</Keywords><TimeCreated SystemTime='2023-04-12T11:50:14.660281200Z'/><EventRecordID>13349</EventRecordID><Correlation/><Execution ProcessID='2772' ThreadID='3468'/><Channel>Microsoft-Windows-Sysmon/Operational</Channel><Computer>AttackDefense</Computer><Security UserID='S-1-5-18'/></System><EventData><Data Name='RuleName'>technique_id=T1546.001,technique_name=Change Default File Association</Data><Data Name='EventType'>SetValue</Data><Data Name='UtcTime'>2023-04-12 11:50:14.635</Data><Data Name='ProcessGuid'>{221ce7aa-e2f0-6434-6800-00000000df00}</Data><Data Name='ProcessId'>4468</Data><Data Name='Image'>C:\Windows\Explorer.EXE</Data><Data Name='TargetObject'>HKU\S-1-5-21-3688751335-3073641799-161370460-500\Software\Microsoft\Windows\CurrentVersion\Explorer\FileExts\.txt\OpenWithList\a</Data><Data Name='Details'>NOTEPAD.EXE</Data><Data Name='User'>ATTACKDEFENSE\Administrator</Data></EventData></Event><Event xmlns='http://schemas.microsoft.com/win/2004/08/events/event'><System><Provider Name='Microsoft-Windows-Sysmon' Guid='{5770385f-c22a-43e0-bf4c-06f5698ffbd9}'/><EventID>1</EventID><Version>5</Version><Level>4</Level><Task>1</Task><Opcode>0</Opcode><Keywords>0x8000000000000000</Keywords><TimeCreated SystemTime='2023-04-12T11:50:14.648230400Z'/><EventRecordID>13348</EventRecordID><Correlation/><Execution ProcessID='2772' ThreadID='3468'/><Channel>Microsoft-Windows-Sysmon/Operational</Channel><Computer>AttackDefense</Computer><Security UserID='S-1-5-18'/></System><EventData><Data Name='RuleName'>technique_id=T1204,technique_name=User Execution</Data><Data Name='UtcTime'>2023-04-12 11:50:14.630</Data><Data Name='ProcessGuid'>{221ce7aa-9af6-6436-f402-00000000df00}</Data><Data Name='ProcessId'>6360</Data><Data Name='Image'>C:\Windows\System32\notepad.exe</Data><Data Name='FileVersion'>10.0.17763.475 (WinBuild.160101.0800)</Data><Data Name='Description'>Notepad</Data><Data Name='Product'>Microsoft® Windows® Operating System</Data><Data Name='Company'>Microsoft Corporation</Data><Data Name='OriginalFileName'>NOTEPAD.EXE</Data><Data Name='CommandLine'>"C:\Windows\system32\NOTEPAD.EXE" C:\Users\Administrator\Documents\schost.txt</Data><Data Name='CurrentDirectory'>C:\Users\Administrator\Documents\</Data><Data Name='User'>ATTACKDEFENSE\Administrator</Data><Data Name='LogonGuid'>{221ce7aa-e2ed-6434-6a5c-050000000000}</Data><Data Name='LogonId'>0x55c6a</Data><Data Name='TerminalSessionId'>2</Data><Data Name='IntegrityLevel'>High</Data><Data Name='Hashes'>SHA1=B6D237154F2E528F0B503B58B025862D66B02B73,MD5=0E61079D3283687D2E279272966AE99D,SHA256=A92056D772260B39A876D01552496B2F8B4610A0B1E084952FE1176784E2CE77,IMPHASH=C8922BE3DCDFEB5994C9EEE7745DC22E</Data><Data Name='ParentProcessGuid'>{221ce7aa-e2f0-6434-6800-00000000df00}</Data><Data Name='ParentProcessId'>4468</Data><Data Name='ParentImage'>C:\Windows\explorer.exe</Data><Data Name='ParentCommandLine'>C:\Windows\Explorer.EXE</Data><Data Name='ParentUser'>ATTACKDEFENSE\Administrator</Data></EventData></Event></Events>