﻿<?xml version="1.0" encoding="utf-8" standalone="yes"?>
<Events><Event xmlns='http://schemas.microsoft.com/win/2004/08/events/event'><System><Provider Name='Microsoft-Windows-Security-Auditing' Guid='{54849625-5478-4994-a5ba-3e3b0328c30d}'/><EventID>4634</EventID><Version>0</Version><Level>0</Level><Task>12545</Task><Opcode>0</Opcode><Keywords>0x8020000000000000</Keywords><TimeCreated SystemTime='2023-03-19T08:12:46.852916400Z'/><EventRecordID>60450</EventRecordID><Correlation/><Execution ProcessID='600' ThreadID='2516'/><Channel>Security</Channel><Computer>AttackDefense</Computer><Security/></System><EventData><Data Name='TargetUserSid'>S-1-5-90-0-3</Data><Data Name='TargetUserName'>DWM-3</Data><Data Name='TargetDomainName'>Window Manager</Data><Data Name='TargetLogonId'>0x36fb9a</Data><Data Name='LogonType'>2</Data></EventData></Event><Event xmlns='http://schemas.microsoft.com/win/2004/08/events/event'><System><Provider Name='Microsoft-Windows-Security-Auditing' Guid='{54849625-5478-4994-a5ba-3e3b0328c30d}'/><EventID>4634</EventID><Version>0</Version><Level>0</Level><Task>12545</Task><Opcode>0</Opcode><Keywords>0x8020000000000000</Keywords><TimeCreated SystemTime='2023-03-19T08:12:46.852856900Z'/><EventRecordID>60449</EventRecordID><Correlation/><Execution ProcessID='600' ThreadID='2516'/><Channel>Security</Channel><Computer>AttackDefense</Computer><Security/></System><EventData><Data Name='TargetUserSid'>S-1-5-90-0-3</Data><Data Name='TargetUserName'>DWM-3</Data><Data Name='TargetDomainName'>Window Manager</Data><Data Name='TargetLogonId'>0x36fbe9</Data><Data Name='LogonType'>2</Data></EventData></Event><Event xmlns='http://schemas.microsoft.com/win/2004/08/events/event'><System><Provider Name='Microsoft-Windows-Security-Auditing' Guid='{54849625-5478-4994-a5ba-3e3b0328c30d}'/><EventID>4634</EventID><Version>0</Version><Level>0</Level><Task>12545</Task><Opcode>0</Opcode><Keywords>0x8020000000000000</Keywords><TimeCreated SystemTime='2023-03-19T08:12:45.647895800Z'/><EventRecordID>60448</EventRecordID><Correlation/><Execution ProcessID='600' ThreadID='2516'/><Channel>Security</Channel><Computer>AttackDefense</Computer><Security/></System><EventData><Data Name='TargetUserSid'>S-1-5-96-0-3</Data><Data Name='TargetUserName'>UMFD-3</Data><Data Name='TargetDomainName'>Font Driver Host</Data><Data Name='TargetLogonId'>0x36f5bb</Data><Data Name='LogonType'>2</Data></EventData></Event><Event xmlns='http://schemas.microsoft.com/win/2004/08/events/event'><System><Provider Name='Microsoft-Windows-Security-Auditing' Guid='{54849625-5478-4994-a5ba-3e3b0328c30d}'/><EventID>4634</EventID><Version>0</Version><Level>0</Level><Task>12545</Task><Opcode>0</Opcode><Keywords>0x8020000000000000</Keywords><TimeCreated SystemTime='2023-03-19T08:12:45.223091300Z'/><EventRecordID>60447</EventRecordID><Correlation/><Execution ProcessID='600' ThreadID='2984'/><Channel>Security</Channel><Computer>AttackDefense</Computer><Security/></System><EventData><Data Name='TargetUserSid'>S-1-5-21-3688751335-3073641799-161370460-500</Data><Data Name='TargetUserName'>Administrator</Data><Data Name='TargetDomainName'>ATTACKDEFENSE</Data><Data Name='TargetLogonId'>0x36e862</Data><Data Name='LogonType'>3</Data></EventData></Event><Event xmlns='http://schemas.microsoft.com/win/2004/08/events/event'><System><Provider Name='Microsoft-Windows-Security-Auditing' Guid='{54849625-5478-4994-a5ba-3e3b0328c30d}'/><EventID>4688</EventID><Version>2</Version><Level>0</Level><Task>13312</Task><Opcode>0</Opcode><Keywords>0x8020000000000000</Keywords><TimeCreated SystemTime='2023-03-19T08:12:45.189373800Z'/><EventRecordID>60446</EventRecordID><Correlation/><Execution ProcessID='4' ThreadID='4004'/><Channel>Security</Channel><Computer>AttackDefense</Computer><Security/></System><EventData><Data Name='SubjectUserSid'>S-1-5-18</Data><Data Name='SubjectUserName'>ATTACKDEFENSE$</Data><Data Name='SubjectDomainName'>WORKGROUP</Data><Data Name='SubjectLogonId'>0x3e7</Data><Data Name='NewProcessId'>0xc68</Data><Data Name='NewProcessName'>C:\Windows\System32\dwm.exe</Data><Data Name='TokenElevationType'>%%1938</Data><Data Name='ProcessId'>0xdd4</Data><Data Name='CommandLine'>"dwm.exe"</Data><Data Name='TargetUserSid'>S-1-5-90-0-3</Data><Data Name='TargetUserName'>DWM-3</Data><Data Name='TargetDomainName'>Window Manager</Data><Data Name='TargetLogonId'>0x36fbe9</Data><Data Name='ParentProcessName'>C:\Windows\System32\winlogon.exe</Data><Data Name='MandatoryLabel'>S-1-16-16384</Data></EventData></Event><Event xmlns='http://schemas.microsoft.com/win/2004/08/events/event'><System><Provider Name='Microsoft-Windows-Security-Auditing' Guid='{54849625-5478-4994-a5ba-3e3b0328c30d}'/><EventID>4624</EventID><Version>2</Version><Level>0</Level><Task>12544</Task><Opcode>0</Opcode><Keywords>0x8020000000000000</Keywords><TimeCreated SystemTime='2023-03-19T08:12:45.185887600Z'/><EventRecordID>60445</EventRecordID><Correlation ActivityID='{237c96fd-5a17-0001-3497-7c23175ad901}'/><Execution ProcessID='600' ThreadID='2324'/><Channel>Security</Channel><Computer>AttackDefense</Computer><Security/></System><EventData><Data Name='SubjectUserSid'>S-1-5-18</Data><Data Name='SubjectUserName'>ATTACKDEFENSE$</Data><Data Name='SubjectDomainName'>WORKGROUP</Data><Data Name='SubjectLogonId'>0x3e7</Data><Data Name='TargetUserSid'>S-1-5-90-0-3</Data><Data Name='TargetUserName'>DWM-3</Data><Data Name='TargetDomainName'>Window Manager</Data><Data Name='TargetLogonId'>0x36fbe9</Data><Data Name='LogonType'>2</Data><Data Name='LogonProcessName'>Advapi  </Data><Data Name='AuthenticationPackageName'>Negotiate</Data><Data Name='WorkstationName'>-</Data><Data Name='LogonGuid'>{00000000-0000-0000-0000-000000000000}</Data><Data Name='TransmittedServices'>-</Data><Data Name='LmPackageName'>-</Data><Data Name='KeyLength'>0</Data><Data Name='ProcessId'>0xdd4</Data><Data Name='ProcessName'>C:\Windows\System32\winlogon.exe</Data><Data Name='IpAddress'>-</Data><Data Name='IpPort'>-</Data><Data Name='ImpersonationLevel'>%%1833</Data><Data Name='RestrictedAdminMode'>-</Data><Data Name='TargetOutboundUserName'>-</Data><Data Name='TargetOutboundDomainName'>-</Data><Data Name='VirtualAccount'>%%1842</Data><Data Name='TargetLinkedLogonId'>0x36fb9a</Data><Data Name='ElevatedToken'>%%1843</Data></EventData></Event><Event xmlns='http://schemas.microsoft.com/win/2004/08/events/event'><System><Provider Name='Microsoft-Windows-Security-Auditing' Guid='{54849625-5478-4994-a5ba-3e3b0328c30d}'/><EventID>4624</EventID><Version>2</Version><Level>0</Level><Task>12544</Task><Opcode>0</Opcode><Keywords>0x8020000000000000</Keywords><TimeCreated SystemTime='2023-03-19T08:12:45.185868600Z'/><EventRecordID>60444</EventRecordID><Correlation ActivityID='{237c96fd-5a17-0001-3497-7c23175ad901}'/><Execution ProcessID='600' ThreadID='2324'/><Channel>Security</Channel><Computer>AttackDefense</Computer><Security/></System><EventData><Data Name='SubjectUserSid'>S-1-5-18</Data><Data Name='SubjectUserName'>ATTACKDEFENSE$</Data><Data Name='SubjectDomainName'>WORKGROUP</Data><Data Name='SubjectLogonId'>0x3e7</Data><Data Name='TargetUserSid'>S-1-5-90-0-3</Data><Data Name='TargetUserName'>DWM-3</Data><Data Name='TargetDomainName'>Window Manager</Data><Data Name='TargetLogonId'>0x36fb9a</Data><Data Name='LogonType'>2</Data><Data Name='LogonProcessName'>Advapi  </Data><Data Name='AuthenticationPackageName'>Negotiate</Data><Data Name='WorkstationName'>-</Data><Data Name='LogonGuid'>{00000000-0000-0000-0000-000000000000}</Data><Data Name='TransmittedServices'>-</Data><Data Name='LmPackageName'>-</Data><Data Name='KeyLength'>0</Data><Data Name='ProcessId'>0xdd4</Data><Data Name='ProcessName'>C:\Windows\System32\winlogon.exe</Data><Data Name='IpAddress'>-</Data><Data Name='IpPort'>-</Data><Data Name='ImpersonationLevel'>%%1833</Data><Data Name='RestrictedAdminMode'>-</Data><Data Name='TargetOutboundUserName'>-</Data><Data Name='TargetOutboundDomainName'>-</Data><Data Name='VirtualAccount'>%%1842</Data><Data Name='TargetLinkedLogonId'>0x36fbe9</Data><Data Name='ElevatedToken'>%%1842</Data></EventData></Event><Event xmlns='http://schemas.microsoft.com/win/2004/08/events/event'><System><Provider Name='Microsoft-Windows-Security-Auditing' Guid='{54849625-5478-4994-a5ba-3e3b0328c30d}'/><EventID>4648</EventID><Version>0</Version><Level>0</Level><Task>12544</Task><Opcode>0</Opcode><Keywords>0x8020000000000000</Keywords><TimeCreated SystemTime='2023-03-19T08:12:45.185843500Z'/><EventRecordID>60443</EventRecordID><Correlation ActivityID='{237c96fd-5a17-0001-3497-7c23175ad901}'/><Execution ProcessID='600' ThreadID='2324'/><Channel>Security</Channel><Computer>AttackDefense</Computer><Security/></System><EventData><Data Name='SubjectUserSid'>S-1-5-18</Data><Data Name='SubjectUserName'>ATTACKDEFENSE$</Data><Data Name='SubjectDomainName'>WORKGROUP</Data><Data Name='SubjectLogonId'>0x3e7</Data><Data Name='LogonGuid'>{00000000-0000-0000-0000-000000000000}</Data><Data Name='TargetUserName'>DWM-3</Data><Data Name='TargetDomainName'>Window Manager</Data><Data Name='TargetLogonGuid'>{00000000-0000-0000-0000-000000000000}</Data><Data Name='TargetServerName'>localhost</Data><Data Name='TargetInfo'>localhost</Data><Data Name='ProcessId'>0xdd4</Data><Data Name='ProcessName'>C:\Windows\System32\winlogon.exe</Data><Data Name='IpAddress'>-</Data><Data Name='IpPort'>-</Data></EventData></Event><Event xmlns='http://schemas.microsoft.com/win/2004/08/events/event'><System><Provider Name='Microsoft-Windows-Security-Auditing' Guid='{54849625-5478-4994-a5ba-3e3b0328c30d}'/><EventID>4688</EventID><Version>2</Version><Level>0</Level><Task>13312</Task><Opcode>0</Opcode><Keywords>0x8020000000000000</Keywords><TimeCreated SystemTime='2023-03-19T08:12:45.184258900Z'/><EventRecordID>60442</EventRecordID><Correlation/><Execution ProcessID='4' ThreadID='4004'/><Channel>Security</Channel><Computer>AttackDefense</Computer><Security/></System><EventData><Data Name='SubjectUserSid'>S-1-5-18</Data><Data Name='SubjectUserName'>ATTACKDEFENSE$</Data><Data Name='SubjectDomainName'>WORKGROUP</Data><Data Name='SubjectLogonId'>0x3e7</Data><Data Name='NewProcessId'>0x1348</Data><Data Name='NewProcessName'>C:\Windows\System32\LogonUI.exe</Data><Data Name='TokenElevationType'>%%1936</Data><Data Name='ProcessId'>0xdd4</Data><Data Name='CommandLine'>"LogonUI.exe" /flags:0x2 /state0:0xa3807855 /state1:0x41c64e6d</Data><Data Name='TargetUserSid'>S-1-0-0</Data><Data Name='TargetUserName'>-</Data><Data Name='TargetDomainName'>-</Data><Data Name='TargetLogonId'>0x0</Data><Data Name='ParentProcessName'>C:\Windows\System32\winlogon.exe</Data><Data Name='MandatoryLabel'>S-1-16-16384</Data></EventData></Event><Event xmlns='http://schemas.microsoft.com/win/2004/08/events/event'><System><Provider Name='Microsoft-Windows-Security-Auditing' Guid='{54849625-5478-4994-a5ba-3e3b0328c30d}'/><EventID>4625</EventID><Version>0</Version><Level>0</Level><Task>12544</Task><Opcode>0</Opcode><Keywords>0x8010000000000000</Keywords><TimeCreated SystemTime='2023-03-19T08:12:45.172331800Z'/><EventRecordID>60441</EventRecordID><Correlation ActivityID='{237c96fd-5a17-0001-3497-7c23175ad901}'/><Execution ProcessID='600' ThreadID='2324'/><Channel>Security</Channel><Computer>AttackDefense</Computer><Security/></System><EventData><Data Name='SubjectUserSid'>S-1-0-0</Data><Data Name='SubjectUserName'>-</Data><Data Name='SubjectDomainName'>-</Data><Data Name='SubjectLogonId'>0x0</Data><Data Name='TargetUserSid'>S-1-0-0</Data><Data Name='TargetUserName'>administrator</Data><Data Name='TargetDomainName'></Data><Data Name='Status'>0xc000006d</Data><Data Name='FailureReason'>%%2313</Data><Data Name='SubStatus'>0xc000006a</Data><Data Name='LogonType'>3</Data><Data Name='LogonProcessName'>NtLmSsp </Data><Data Name='AuthenticationPackageName'>NTLM</Data><Data Name='WorkstationName'>attackdefense</Data><Data Name='TransmittedServices'>-</Data><Data Name='LmPackageName'>-</Data><Data Name='KeyLength'>0</Data><Data Name='ProcessId'>0x0</Data><Data Name='ProcessName'>-</Data><Data Name='IpAddress'>10.10.16.4</Data><Data Name='IpPort'>0</Data></EventData></Event><Event xmlns='http://schemas.microsoft.com/win/2004/08/events/event'><System><Provider Name='Microsoft-Windows-Security-Auditing' Guid='{54849625-5478-4994-a5ba-3e3b0328c30d}'/><EventID>4688</EventID><Version>2</Version><Level>0</Level><Task>13312</Task><Opcode>0</Opcode><Keywords>0x8020000000000000</Keywords><TimeCreated SystemTime='2023-03-19T08:12:45.163935300Z'/><EventRecordID>60440</EventRecordID><Correlation/><Execution ProcessID='4' ThreadID='4004'/><Channel>Security</Channel><Computer>AttackDefense</Computer><Security/></System><EventData><Data Name='SubjectUserSid'>S-1-5-18</Data><Data Name='SubjectUserName'>ATTACKDEFENSE$</Data><Data Name='SubjectDomainName'>WORKGROUP</Data><Data Name='SubjectLogonId'>0x3e7</Data><Data Name='NewProcessId'>0x704</Data><Data Name='NewProcessName'>C:\Windows\System32\fontdrvhost.exe</Data><Data Name='TokenElevationType'>%%1936</Data><Data Name='ProcessId'>0xdd4</Data><Data Name='CommandLine'>"fontdrvhost.exe"</Data><Data Name='TargetUserSid'>S-1-0-0</Data><Data Name='TargetUserName'>UMFD-3</Data><Data Name='TargetDomainName'>Font Driver Host</Data><Data Name='TargetLogonId'>0x36f5bb</Data><Data Name='ParentProcessName'>C:\Windows\System32\winlogon.exe</Data><Data Name='MandatoryLabel'>S-1-16-4096</Data></EventData></Event><Event xmlns='http://schemas.microsoft.com/win/2004/08/events/event'><System><Provider Name='Microsoft-Windows-Security-Auditing' Guid='{54849625-5478-4994-a5ba-3e3b0328c30d}'/><EventID>4625</EventID><Version>0</Version><Level>0</Level><Task>12544</Task><Opcode>0</Opcode><Keywords>0x8010000000000000</Keywords><TimeCreated SystemTime='2023-03-19T08:12:45.150828900Z'/><EventRecordID>60439</EventRecordID><Correlation ActivityID='{237c96fd-5a17-0001-3497-7c23175ad901}'/><Execution ProcessID='600' ThreadID='2984'/><Channel>Security</Channel><Computer>AttackDefense</Computer><Security/></System><EventData><Data Name='SubjectUserSid'>S-1-0-0</Data><Data Name='SubjectUserName'>-</Data><Data Name='SubjectDomainName'>-</Data><Data Name='SubjectLogonId'>0x0</Data><Data Name='TargetUserSid'>S-1-0-0</Data><Data Name='TargetUserName'>administrator</Data><Data Name='TargetDomainName'></Data><Data Name='Status'>0xc000006d</Data><Data Name='FailureReason'>%%2313</Data><Data Name='SubStatus'>0xc000006a</Data><Data Name='LogonType'>3</Data><Data Name='LogonProcessName'>NtLmSsp </Data><Data Name='AuthenticationPackageName'>NTLM</Data><Data Name='WorkstationName'>attackdefense</Data><Data Name='TransmittedServices'>-</Data><Data Name='LmPackageName'>-</Data><Data Name='KeyLength'>0</Data><Data Name='ProcessId'>0x0</Data><Data Name='ProcessName'>-</Data><Data Name='IpAddress'>10.10.16.4</Data><Data Name='IpPort'>0</Data></EventData></Event><Event xmlns='http://schemas.microsoft.com/win/2004/08/events/event'><System><Provider Name='Microsoft-Windows-Security-Auditing' Guid='{54849625-5478-4994-a5ba-3e3b0328c30d}'/><EventID>4624</EventID><Version>2</Version><Level>0</Level><Task>12544</Task><Opcode>0</Opcode><Keywords>0x8020000000000000</Keywords><TimeCreated SystemTime='2023-03-19T08:12:45.141493100Z'/><EventRecordID>60438</EventRecordID><Correlation ActivityID='{237c96fd-5a17-0001-3497-7c23175ad901}'/><Execution ProcessID='600' ThreadID='2984'/><Channel>Security</Channel><Computer>AttackDefense</Computer><Security/></System><EventData><Data Name='SubjectUserSid'>S-1-5-18</Data><Data Name='SubjectUserName'>ATTACKDEFENSE$</Data><Data Name='SubjectDomainName'>WORKGROUP</Data><Data Name='SubjectLogonId'>0x3e7</Data><Data Name='TargetUserSid'>S-1-5-96-0-3</Data><Data Name='TargetUserName'>UMFD-3</Data><Data Name='TargetDomainName'>Font Driver Host</Data><Data Name='TargetLogonId'>0x36f5bb</Data><Data Name='LogonType'>2</Data><Data Name='LogonProcessName'>Advapi  </Data><Data Name='AuthenticationPackageName'>Negotiate</Data><Data Name='WorkstationName'>-</Data><Data Name='LogonGuid'>{00000000-0000-0000-0000-000000000000}</Data><Data Name='TransmittedServices'>-</Data><Data Name='LmPackageName'>-</Data><Data Name='KeyLength'>0</Data><Data Name='ProcessId'>0xdd4</Data><Data Name='ProcessName'>C:\Windows\System32\winlogon.exe</Data><Data Name='IpAddress'>-</Data><Data Name='IpPort'>-</Data><Data Name='ImpersonationLevel'>%%1833</Data><Data Name='RestrictedAdminMode'>-</Data><Data Name='TargetOutboundUserName'>-</Data><Data Name='TargetOutboundDomainName'>-</Data><Data Name='VirtualAccount'>%%1842</Data><Data Name='TargetLinkedLogonId'>0x0</Data><Data Name='ElevatedToken'>%%1843</Data></EventData></Event><Event xmlns='http://schemas.microsoft.com/win/2004/08/events/event'><System><Provider Name='Microsoft-Windows-Security-Auditing' Guid='{54849625-5478-4994-a5ba-3e3b0328c30d}'/><EventID>4648</EventID><Version>0</Version><Level>0</Level><Task>12544</Task><Opcode>0</Opcode><Keywords>0x8020000000000000</Keywords><TimeCreated SystemTime='2023-03-19T08:12:45.141468800Z'/><EventRecordID>60437</EventRecordID><Correlation ActivityID='{237c96fd-5a17-0001-3497-7c23175ad901}'/><Execution ProcessID='600' ThreadID='2984'/><Channel>Security</Channel><Computer>AttackDefense</Computer><Security/></System><EventData><Data Name='SubjectUserSid'>S-1-5-18</Data><Data Name='SubjectUserName'>ATTACKDEFENSE$</Data><Data Name='SubjectDomainName'>WORKGROUP</Data><Data Name='SubjectLogonId'>0x3e7</Data><Data Name='LogonGuid'>{00000000-0000-0000-0000-000000000000}</Data><Data Name='TargetUserName'>UMFD-3</Data><Data Name='TargetDomainName'>Font Driver Host</Data><Data Name='TargetLogonGuid'>{00000000-0000-0000-0000-000000000000}</Data><Data Name='TargetServerName'>localhost</Data><Data Name='TargetInfo'>localhost</Data><Data Name='ProcessId'>0xdd4</Data><Data Name='ProcessName'>C:\Windows\System32\winlogon.exe</Data><Data Name='IpAddress'>-</Data><Data Name='IpPort'>-</Data></EventData></Event><Event xmlns='http://schemas.microsoft.com/win/2004/08/events/event'><System><Provider Name='Microsoft-Windows-Security-Auditing' Guid='{54849625-5478-4994-a5ba-3e3b0328c30d}'/><EventID>4625</EventID><Version>0</Version><Level>0</Level><Task>12544</Task><Opcode>0</Opcode><Keywords>0x8010000000000000</Keywords><TimeCreated SystemTime='2023-03-19T08:12:45.108525300Z'/><EventRecordID>60436</EventRecordID><Correlation ActivityID='{237c96fd-5a17-0001-3497-7c23175ad901}'/><Execution ProcessID='600' ThreadID='1872'/><Channel>Security</Channel><Computer>AttackDefense</Computer><Security/></System><EventData><Data Name='SubjectUserSid'>S-1-0-0</Data><Data Name='SubjectUserName'>-</Data><Data Name='SubjectDomainName'>-</Data><Data Name='SubjectLogonId'>0x0</Data><Data Name='TargetUserSid'>S-1-0-0</Data><Data Name='TargetUserName'>administrator</Data><Data Name='TargetDomainName'></Data><Data Name='Status'>0xc000006d</Data><Data Name='FailureReason'>%%2313</Data><Data Name='SubStatus'>0xc000006a</Data><Data Name='LogonType'>3</Data><Data Name='LogonProcessName'>NtLmSsp </Data><Data Name='AuthenticationPackageName'>NTLM</Data><Data Name='WorkstationName'>attackdefense</Data><Data Name='TransmittedServices'>-</Data><Data Name='LmPackageName'>-</Data><Data Name='KeyLength'>0</Data><Data Name='ProcessId'>0x0</Data><Data Name='ProcessName'>-</Data><Data Name='IpAddress'>10.10.16.4</Data><Data Name='IpPort'>0</Data></EventData></Event><Event xmlns='http://schemas.microsoft.com/win/2004/08/events/event'><System><Provider Name='Microsoft-Windows-Security-Auditing' Guid='{54849625-5478-4994-a5ba-3e3b0328c30d}'/><EventID>4688</EventID><Version>2</Version><Level>0</Level><Task>13312</Task><Opcode>0</Opcode><Keywords>0x8020000000000000</Keywords><TimeCreated SystemTime='2023-03-19T08:12:45.028743900Z'/><EventRecordID>60435</EventRecordID><Correlation/><Execution ProcessID='4' ThreadID='1848'/><Channel>Security</Channel><Computer>AttackDefense</Computer><Security/></System><EventData><Data Name='SubjectUserSid'>S-1-5-18</Data><Data Name='SubjectUserName'>ATTACKDEFENSE$</Data><Data Name='SubjectDomainName'>WORKGROUP</Data><Data Name='SubjectLogonId'>0x3e7</Data><Data Name='NewProcessId'>0xdd4</Data><Data Name='NewProcessName'>C:\Windows\System32\winlogon.exe</Data><Data Name='TokenElevationType'>%%1936</Data><Data Name='ProcessId'>0xbc8</Data><Data Name='CommandLine'>winlogon.exe</Data><Data Name='TargetUserSid'>S-1-0-0</Data><Data Name='TargetUserName'>-</Data><Data Name='TargetDomainName'>-</Data><Data Name='TargetLogonId'>0x0</Data><Data Name='ParentProcessName'>C:\Windows\System32\smss.exe</Data><Data Name='MandatoryLabel'>S-1-16-16384</Data></EventData></Event><Event xmlns='http://schemas.microsoft.com/win/2004/08/events/event'><System><Provider Name='Microsoft-Windows-Security-Auditing' Guid='{54849625-5478-4994-a5ba-3e3b0328c30d}'/><EventID>4688</EventID><Version>2</Version><Level>0</Level><Task>13312</Task><Opcode>0</Opcode><Keywords>0x8020000000000000</Keywords><TimeCreated SystemTime='2023-03-19T08:12:45.018358900Z'/><EventRecordID>60434</EventRecordID><Correlation/><Execution ProcessID='4' ThreadID='3868'/><Channel>Security</Channel><Computer>AttackDefense</Computer><Security/></System><EventData><Data Name='SubjectUserSid'>S-1-5-18</Data><Data Name='SubjectUserName'>ATTACKDEFENSE$</Data><Data Name='SubjectDomainName'>WORKGROUP</Data><Data Name='SubjectLogonId'>0x3e7</Data><Data Name='NewProcessId'>0x268</Data><Data Name='NewProcessName'>C:\Windows\System32\csrss.exe</Data><Data Name='TokenElevationType'>%%1936</Data><Data Name='ProcessId'>0xbc8</Data><Data Name='CommandLine'>%SystemRoot%\system32\csrss.exe ObjectDirectory=\Windows SharedSection=1024,20480,768 Windows=On SubSystemType=Windows ServerDll=basesrv,1 ServerDll=winsrv:UserServerDllInitialization,3 ServerDll=sxssrv,4 ProfileControl=Off MaxRequestThreads=16</Data><Data Name='TargetUserSid'>S-1-0-0</Data><Data Name='TargetUserName'>-</Data><Data Name='TargetDomainName'>-</Data><Data Name='TargetLogonId'>0x0</Data><Data Name='ParentProcessName'>C:\Windows\System32\smss.exe</Data><Data Name='MandatoryLabel'>S-1-16-16384</Data></EventData></Event><Event xmlns='http://schemas.microsoft.com/win/2004/08/events/event'><System><Provider Name='Microsoft-Windows-Security-Auditing' Guid='{54849625-5478-4994-a5ba-3e3b0328c30d}'/><EventID>4688</EventID><Version>2</Version><Level>0</Level><Task>13312</Task><Opcode>0</Opcode><Keywords>0x8020000000000000</Keywords><TimeCreated SystemTime='2023-03-19T08:12:45.010126400Z'/><EventRecordID>60433</EventRecordID><Correlation/><Execution ProcessID='4' ThreadID='3868'/><Channel>Security</Channel><Computer>AttackDefense</Computer><Security/></System><EventData><Data Name='SubjectUserSid'>S-1-5-18</Data><Data Name='SubjectUserName'>ATTACKDEFENSE$</Data><Data Name='SubjectDomainName'>WORKGROUP</Data><Data Name='SubjectLogonId'>0x3e7</Data><Data Name='NewProcessId'>0xbc8</Data><Data Name='NewProcessName'>C:\Windows\System32\smss.exe</Data><Data Name='TokenElevationType'>%%1936</Data><Data Name='ProcessId'>0x110</Data><Data Name='CommandLine'>\SystemRoot\System32\smss.exe 000000f0 00000088 </Data><Data Name='TargetUserSid'>S-1-0-0</Data><Data Name='TargetUserName'>-</Data><Data Name='TargetDomainName'>-</Data><Data Name='TargetLogonId'>0x0</Data><Data Name='ParentProcessName'>C:\Windows\System32\smss.exe</Data><Data Name='MandatoryLabel'>S-1-16-16384</Data></EventData></Event><Event xmlns='http://schemas.microsoft.com/win/2004/08/events/event'><System><Provider Name='Microsoft-Windows-Security-Auditing' Guid='{54849625-5478-4994-a5ba-3e3b0328c30d}'/><EventID>4625</EventID><Version>0</Version><Level>0</Level><Task>12544</Task><Opcode>0</Opcode><Keywords>0x8010000000000000</Keywords><TimeCreated SystemTime='2023-03-19T08:12:44.832584600Z'/><EventRecordID>60432</EventRecordID><Correlation ActivityID='{237c96fd-5a17-0001-3497-7c23175ad901}'/><Execution ProcessID='600' ThreadID='1872'/><Channel>Security</Channel><Computer>AttackDefense</Computer><Security/></System><EventData><Data Name='SubjectUserSid'>S-1-0-0</Data><Data Name='SubjectUserName'>-</Data><Data Name='SubjectDomainName'>-</Data><Data Name='SubjectLogonId'>0x0</Data><Data Name='TargetUserSid'>S-1-0-0</Data><Data Name='TargetUserName'>administrator</Data><Data Name='TargetDomainName'></Data><Data Name='Status'>0xc000006d</Data><Data Name='FailureReason'>%%2313</Data><Data Name='SubStatus'>0xc000006a</Data><Data Name='LogonType'>3</Data><Data Name='LogonProcessName'>NtLmSsp </Data><Data Name='AuthenticationPackageName'>NTLM</Data><Data Name='WorkstationName'>attackdefense</Data><Data Name='TransmittedServices'>-</Data><Data Name='LmPackageName'>-</Data><Data Name='KeyLength'>0</Data><Data Name='ProcessId'>0x0</Data><Data Name='ProcessName'>-</Data><Data Name='IpAddress'>10.10.16.4</Data><Data Name='IpPort'>0</Data></EventData></Event><Event xmlns='http://schemas.microsoft.com/win/2004/08/events/event'><System><Provider Name='Microsoft-Windows-Security-Auditing' Guid='{54849625-5478-4994-a5ba-3e3b0328c30d}'/><EventID>4625</EventID><Version>0</Version><Level>0</Level><Task>12544</Task><Opcode>0</Opcode><Keywords>0x8010000000000000</Keywords><TimeCreated SystemTime='2023-03-19T08:12:44.810474000Z'/><EventRecordID>60431</EventRecordID><Correlation ActivityID='{237c96fd-5a17-0001-3497-7c23175ad901}'/><Execution ProcessID='600' ThreadID='1872'/><Channel>Security</Channel><Computer>AttackDefense</Computer><Security/></System><EventData><Data Name='SubjectUserSid'>S-1-0-0</Data><Data Name='SubjectUserName'>-</Data><Data Name='SubjectDomainName'>-</Data><Data Name='SubjectLogonId'>0x0</Data><Data Name='TargetUserSid'>S-1-0-0</Data><Data Name='TargetUserName'>administrator</Data><Data Name='TargetDomainName'></Data><Data Name='Status'>0xc000006d</Data><Data Name='FailureReason'>%%2313</Data><Data Name='SubStatus'>0xc000006a</Data><Data Name='LogonType'>3</Data><Data Name='LogonProcessName'>NtLmSsp </Data><Data Name='AuthenticationPackageName'>NTLM</Data><Data Name='WorkstationName'>attackdefense</Data><Data Name='TransmittedServices'>-</Data><Data Name='LmPackageName'>-</Data><Data Name='KeyLength'>0</Data><Data Name='ProcessId'>0x0</Data><Data Name='ProcessName'>-</Data><Data Name='IpAddress'>10.10.16.4</Data><Data Name='IpPort'>0</Data></EventData></Event><Event xmlns='http://schemas.microsoft.com/win/2004/08/events/event'><System><Provider Name='Microsoft-Windows-Security-Auditing' Guid='{54849625-5478-4994-a5ba-3e3b0328c30d}'/><EventID>4625</EventID><Version>0</Version><Level>0</Level><Task>12544</Task><Opcode>0</Opcode><Keywords>0x8010000000000000</Keywords><TimeCreated SystemTime='2023-03-19T08:12:44.786509600Z'/><EventRecordID>60430</EventRecordID><Correlation ActivityID='{237c96fd-5a17-0001-3497-7c23175ad901}'/><Execution ProcessID='600' ThreadID='1872'/><Channel>Security</Channel><Computer>AttackDefense</Computer><Security/></System><EventData><Data Name='SubjectUserSid'>S-1-0-0</Data><Data Name='SubjectUserName'>-</Data><Data Name='SubjectDomainName'>-</Data><Data Name='SubjectLogonId'>0x0</Data><Data Name='TargetUserSid'>S-1-0-0</Data><Data Name='TargetUserName'>administrator</Data><Data Name='TargetDomainName'></Data><Data Name='Status'>0xc000006d</Data><Data Name='FailureReason'>%%2313</Data><Data Name='SubStatus'>0xc000006a</Data><Data Name='LogonType'>3</Data><Data Name='LogonProcessName'>NtLmSsp </Data><Data Name='AuthenticationPackageName'>NTLM</Data><Data Name='WorkstationName'>attackdefense</Data><Data Name='TransmittedServices'>-</Data><Data Name='LmPackageName'>-</Data><Data Name='KeyLength'>0</Data><Data Name='ProcessId'>0x0</Data><Data Name='ProcessName'>-</Data><Data Name='IpAddress'>10.10.16.4</Data><Data Name='IpPort'>0</Data></EventData></Event><Event xmlns='http://schemas.microsoft.com/win/2004/08/events/event'><System><Provider Name='Microsoft-Windows-Security-Auditing' Guid='{54849625-5478-4994-a5ba-3e3b0328c30d}'/><EventID>4625</EventID><Version>0</Version><Level>0</Level><Task>12544</Task><Opcode>0</Opcode><Keywords>0x8010000000000000</Keywords><TimeCreated SystemTime='2023-03-19T08:12:44.506715600Z'/><EventRecordID>60429</EventRecordID><Correlation ActivityID='{237c96fd-5a17-0001-3497-7c23175ad901}'/><Execution ProcessID='600' ThreadID='1872'/><Channel>Security</Channel><Computer>AttackDefense</Computer><Security/></System><EventData><Data Name='SubjectUserSid'>S-1-0-0</Data><Data Name='SubjectUserName'>-</Data><Data Name='SubjectDomainName'>-</Data><Data Name='SubjectLogonId'>0x0</Data><Data Name='TargetUserSid'>S-1-0-0</Data><Data Name='TargetUserName'>administrator</Data><Data Name='TargetDomainName'></Data><Data Name='Status'>0xc000006d</Data><Data Name='FailureReason'>%%2313</Data><Data Name='SubStatus'>0xc000006a</Data><Data Name='LogonType'>3</Data><Data Name='LogonProcessName'>NtLmSsp </Data><Data Name='AuthenticationPackageName'>NTLM</Data><Data Name='WorkstationName'>attackdefense</Data><Data Name='TransmittedServices'>-</Data><Data Name='LmPackageName'>-</Data><Data Name='KeyLength'>0</Data><Data Name='ProcessId'>0x0</Data><Data Name='ProcessName'>-</Data><Data Name='IpAddress'>10.10.16.4</Data><Data Name='IpPort'>0</Data></EventData></Event><Event xmlns='http://schemas.microsoft.com/win/2004/08/events/event'><System><Provider Name='Microsoft-Windows-Security-Auditing' Guid='{54849625-5478-4994-a5ba-3e3b0328c30d}'/><EventID>4624</EventID><Version>2</Version><Level>0</Level><Task>12544</Task><Opcode>0</Opcode><Keywords>0x8020000000000000</Keywords><TimeCreated SystemTime='2023-03-19T08:12:44.504052700Z'/><EventRecordID>60428</EventRecordID><Correlation ActivityID='{237c96fd-5a17-0001-3497-7c23175ad901}'/><Execution ProcessID='600' ThreadID='1872'/><Channel>Security</Channel><Computer>AttackDefense</Computer><Security/></System><EventData><Data Name='SubjectUserSid'>S-1-0-0</Data><Data Name='SubjectUserName'>-</Data><Data Name='SubjectDomainName'>-</Data><Data Name='SubjectLogonId'>0x0</Data><Data Name='TargetUserSid'>S-1-5-21-3688751335-3073641799-161370460-500</Data><Data Name='TargetUserName'>Administrator</Data><Data Name='TargetDomainName'>ATTACKDEFENSE</Data><Data Name='TargetLogonId'>0x36e862</Data><Data Name='LogonType'>3</Data><Data Name='LogonProcessName'>NtLmSsp </Data><Data Name='AuthenticationPackageName'>NTLM</Data><Data Name='WorkstationName'>attackdefense</Data><Data Name='LogonGuid'>{00000000-0000-0000-0000-000000000000}</Data><Data Name='TransmittedServices'>-</Data><Data Name='LmPackageName'>NTLM V2</Data><Data Name='KeyLength'>128</Data><Data Name='ProcessId'>0x0</Data><Data Name='ProcessName'>-</Data><Data Name='IpAddress'>10.10.16.4</Data><Data Name='IpPort'>0</Data><Data Name='ImpersonationLevel'>%%1833</Data><Data Name='RestrictedAdminMode'>-</Data><Data Name='TargetOutboundUserName'>-</Data><Data Name='TargetOutboundDomainName'>-</Data><Data Name='VirtualAccount'>%%1843</Data><Data Name='TargetLinkedLogonId'>0x0</Data><Data Name='ElevatedToken'>%%1842</Data></EventData></Event><Event xmlns='http://schemas.microsoft.com/win/2004/08/events/event'><System><Provider Name='Microsoft-Windows-Security-Auditing' Guid='{54849625-5478-4994-a5ba-3e3b0328c30d}'/><EventID>4625</EventID><Version>0</Version><Level>0</Level><Task>12544</Task><Opcode>0</Opcode><Keywords>0x8010000000000000</Keywords><TimeCreated SystemTime='2023-03-19T08:12:44.489609500Z'/><EventRecordID>60427</EventRecordID><Correlation ActivityID='{237c96fd-5a17-0001-3497-7c23175ad901}'/><Execution ProcessID='600' ThreadID='1872'/><Channel>Security</Channel><Computer>AttackDefense</Computer><Security/></System><EventData><Data Name='SubjectUserSid'>S-1-0-0</Data><Data Name='SubjectUserName'>-</Data><Data Name='SubjectDomainName'>-</Data><Data Name='SubjectLogonId'>0x0</Data><Data Name='TargetUserSid'>S-1-0-0</Data><Data Name='TargetUserName'>administrator</Data><Data Name='TargetDomainName'></Data><Data Name='Status'>0xc000006d</Data><Data Name='FailureReason'>%%2313</Data><Data Name='SubStatus'>0xc000006a</Data><Data Name='LogonType'>3</Data><Data Name='LogonProcessName'>NtLmSsp </Data><Data Name='AuthenticationPackageName'>NTLM</Data><Data Name='WorkstationName'>attackdefense</Data><Data Name='TransmittedServices'>-</Data><Data Name='LmPackageName'>-</Data><Data Name='KeyLength'>0</Data><Data Name='ProcessId'>0x0</Data><Data Name='ProcessName'>-</Data><Data Name='IpAddress'>10.10.16.4</Data><Data Name='IpPort'>0</Data></EventData></Event><Event xmlns='http://schemas.microsoft.com/win/2004/08/events/event'><System><Provider Name='Microsoft-Windows-Security-Auditing' Guid='{54849625-5478-4994-a5ba-3e3b0328c30d}'/><EventID>4625</EventID><Version>0</Version><Level>0</Level><Task>12544</Task><Opcode>0</Opcode><Keywords>0x8010000000000000</Keywords><TimeCreated SystemTime='2023-03-19T08:12:44.459405900Z'/><EventRecordID>60426</EventRecordID><Correlation ActivityID='{237c96fd-5a17-0001-3497-7c23175ad901}'/><Execution ProcessID='600' ThreadID='1872'/><Channel>Security</Channel><Computer>AttackDefense</Computer><Security/></System><EventData><Data Name='SubjectUserSid'>S-1-0-0</Data><Data Name='SubjectUserName'>-</Data><Data Name='SubjectDomainName'>-</Data><Data Name='SubjectLogonId'>0x0</Data><Data Name='TargetUserSid'>S-1-0-0</Data><Data Name='TargetUserName'>administrator</Data><Data Name='TargetDomainName'></Data><Data Name='Status'>0xc000006d</Data><Data Name='FailureReason'>%%2313</Data><Data Name='SubStatus'>0xc000006a</Data><Data Name='LogonType'>3</Data><Data Name='LogonProcessName'>NtLmSsp </Data><Data Name='AuthenticationPackageName'>NTLM</Data><Data Name='WorkstationName'>attackdefense</Data><Data Name='TransmittedServices'>-</Data><Data Name='LmPackageName'>-</Data><Data Name='KeyLength'>0</Data><Data Name='ProcessId'>0x0</Data><Data Name='ProcessName'>-</Data><Data Name='IpAddress'>10.10.16.4</Data><Data Name='IpPort'>0</Data></EventData></Event><Event xmlns='http://schemas.microsoft.com/win/2004/08/events/event'><System><Provider Name='Microsoft-Windows-Security-Auditing' Guid='{54849625-5478-4994-a5ba-3e3b0328c30d}'/><EventID>4625</EventID><Version>0</Version><Level>0</Level><Task>12544</Task><Opcode>0</Opcode><Keywords>0x8010000000000000</Keywords><TimeCreated SystemTime='2023-03-19T08:12:44.128982600Z'/><EventRecordID>60425</EventRecordID><Correlation ActivityID='{237c96fd-5a17-0001-3497-7c23175ad901}'/><Execution ProcessID='600' ThreadID='2516'/><Channel>Security</Channel><Computer>AttackDefense</Computer><Security/></System><EventData><Data Name='SubjectUserSid'>S-1-0-0</Data><Data Name='SubjectUserName'>-</Data><Data Name='SubjectDomainName'>-</Data><Data Name='SubjectLogonId'>0x0</Data><Data Name='TargetUserSid'>S-1-0-0</Data><Data Name='TargetUserName'>administrator</Data><Data Name='TargetDomainName'></Data><Data Name='Status'>0xc000006d</Data><Data Name='FailureReason'>%%2313</Data><Data Name='SubStatus'>0xc000006a</Data><Data Name='LogonType'>3</Data><Data Name='LogonProcessName'>NtLmSsp </Data><Data Name='AuthenticationPackageName'>NTLM</Data><Data Name='WorkstationName'>attackdefense</Data><Data Name='TransmittedServices'>-</Data><Data Name='LmPackageName'>-</Data><Data Name='KeyLength'>0</Data><Data Name='ProcessId'>0x0</Data><Data Name='ProcessName'>-</Data><Data Name='IpAddress'>10.10.16.4</Data><Data Name='IpPort'>0</Data></EventData></Event><Event xmlns='http://schemas.microsoft.com/win/2004/08/events/event'><System><Provider Name='Microsoft-Windows-Security-Auditing' Guid='{54849625-5478-4994-a5ba-3e3b0328c30d}'/><EventID>4625</EventID><Version>0</Version><Level>0</Level><Task>12544</Task><Opcode>0</Opcode><Keywords>0x8010000000000000</Keywords><TimeCreated SystemTime='2023-03-19T08:12:44.120730600Z'/><EventRecordID>60424</EventRecordID><Correlation ActivityID='{237c96fd-5a17-0001-3497-7c23175ad901}'/><Execution ProcessID='600' ThreadID='2516'/><Channel>Security</Channel><Computer>AttackDefense</Computer><Security/></System><EventData><Data Name='SubjectUserSid'>S-1-0-0</Data><Data Name='SubjectUserName'>-</Data><Data Name='SubjectDomainName'>-</Data><Data Name='SubjectLogonId'>0x0</Data><Data Name='TargetUserSid'>S-1-0-0</Data><Data Name='TargetUserName'>administrator</Data><Data Name='TargetDomainName'></Data><Data Name='Status'>0xc000006d</Data><Data Name='FailureReason'>%%2313</Data><Data Name='SubStatus'>0xc000006a</Data><Data Name='LogonType'>3</Data><Data Name='LogonProcessName'>NtLmSsp </Data><Data Name='AuthenticationPackageName'>NTLM</Data><Data Name='WorkstationName'>attackdefense</Data><Data Name='TransmittedServices'>-</Data><Data Name='LmPackageName'>-</Data><Data Name='KeyLength'>0</Data><Data Name='ProcessId'>0x0</Data><Data Name='ProcessName'>-</Data><Data Name='IpAddress'>10.10.16.4</Data><Data Name='IpPort'>0</Data></EventData></Event><Event xmlns='http://schemas.microsoft.com/win/2004/08/events/event'><System><Provider Name='Microsoft-Windows-Security-Auditing' Guid='{54849625-5478-4994-a5ba-3e3b0328c30d}'/><EventID>4625</EventID><Version>0</Version><Level>0</Level><Task>12544</Task><Opcode>0</Opcode><Keywords>0x8010000000000000</Keywords><TimeCreated SystemTime='2023-03-19T08:12:44.110570300Z'/><EventRecordID>60423</EventRecordID><Correlation ActivityID='{237c96fd-5a17-0001-3497-7c23175ad901}'/><Execution ProcessID='600' ThreadID='2516'/><Channel>Security</Channel><Computer>AttackDefense</Computer><Security/></System><EventData><Data Name='SubjectUserSid'>S-1-0-0</Data><Data Name='SubjectUserName'>-</Data><Data Name='SubjectDomainName'>-</Data><Data Name='SubjectLogonId'>0x0</Data><Data Name='TargetUserSid'>S-1-0-0</Data><Data Name='TargetUserName'>administrator</Data><Data Name='TargetDomainName'></Data><Data Name='Status'>0xc000006d</Data><Data Name='FailureReason'>%%2313</Data><Data Name='SubStatus'>0xc000006a</Data><Data Name='LogonType'>3</Data><Data Name='LogonProcessName'>NtLmSsp </Data><Data Name='AuthenticationPackageName'>NTLM</Data><Data Name='WorkstationName'>attackdefense</Data><Data Name='TransmittedServices'>-</Data><Data Name='LmPackageName'>-</Data><Data Name='KeyLength'>0</Data><Data Name='ProcessId'>0x0</Data><Data Name='ProcessName'>-</Data><Data Name='IpAddress'>10.10.16.4</Data><Data Name='IpPort'>0</Data></EventData></Event><Event xmlns='http://schemas.microsoft.com/win/2004/08/events/event'><System><Provider Name='Microsoft-Windows-Security-Auditing' Guid='{54849625-5478-4994-a5ba-3e3b0328c30d}'/><EventID>4625</EventID><Version>0</Version><Level>0</Level><Task>12544</Task><Opcode>0</Opcode><Keywords>0x8010000000000000</Keywords><TimeCreated SystemTime='2023-03-19T08:12:44.064230900Z'/><EventRecordID>60422</EventRecordID><Correlation ActivityID='{237c96fd-5a17-0001-3497-7c23175ad901}'/><Execution ProcessID='600' ThreadID='2516'/><Channel>Security</Channel><Computer>AttackDefense</Computer><Security/></System><EventData><Data Name='SubjectUserSid'>S-1-0-0</Data><Data Name='SubjectUserName'>-</Data><Data Name='SubjectDomainName'>-</Data><Data Name='SubjectLogonId'>0x0</Data><Data Name='TargetUserSid'>S-1-0-0</Data><Data Name='TargetUserName'>administrator</Data><Data Name='TargetDomainName'></Data><Data Name='Status'>0xc000006d</Data><Data Name='FailureReason'>%%2313</Data><Data Name='SubStatus'>0xc000006a</Data><Data Name='LogonType'>3</Data><Data Name='LogonProcessName'>NtLmSsp </Data><Data Name='AuthenticationPackageName'>NTLM</Data><Data Name='WorkstationName'>attackdefense</Data><Data Name='TransmittedServices'>-</Data><Data Name='LmPackageName'>-</Data><Data Name='KeyLength'>0</Data><Data Name='ProcessId'>0x0</Data><Data Name='ProcessName'>-</Data><Data Name='IpAddress'>10.10.16.4</Data><Data Name='IpPort'>0</Data></EventData></Event><Event xmlns='http://schemas.microsoft.com/win/2004/08/events/event'><System><Provider Name='Microsoft-Windows-Security-Auditing' Guid='{54849625-5478-4994-a5ba-3e3b0328c30d}'/><EventID>4625</EventID><Version>0</Version><Level>0</Level><Task>12544</Task><Opcode>0</Opcode><Keywords>0x8010000000000000</Keywords><TimeCreated SystemTime='2023-03-19T08:12:43.822913500Z'/><EventRecordID>60421</EventRecordID><Correlation ActivityID='{237c96fd-5a17-0001-3497-7c23175ad901}'/><Execution ProcessID='600' ThreadID='2516'/><Channel>Security</Channel><Computer>AttackDefense</Computer><Security/></System><EventData><Data Name='SubjectUserSid'>S-1-0-0</Data><Data Name='SubjectUserName'>-</Data><Data Name='SubjectDomainName'>-</Data><Data Name='SubjectLogonId'>0x0</Data><Data Name='TargetUserSid'>S-1-0-0</Data><Data Name='TargetUserName'>administrator</Data><Data Name='TargetDomainName'></Data><Data Name='Status'>0xc000006d</Data><Data Name='FailureReason'>%%2313</Data><Data Name='SubStatus'>0xc000006a</Data><Data Name='LogonType'>3</Data><Data Name='LogonProcessName'>NtLmSsp </Data><Data Name='AuthenticationPackageName'>NTLM</Data><Data Name='WorkstationName'>attackdefense</Data><Data Name='TransmittedServices'>-</Data><Data Name='LmPackageName'>-</Data><Data Name='KeyLength'>0</Data><Data Name='ProcessId'>0x0</Data><Data Name='ProcessName'>-</Data><Data Name='IpAddress'>10.10.16.4</Data><Data Name='IpPort'>0</Data></EventData></Event><Event xmlns='http://schemas.microsoft.com/win/2004/08/events/event'><System><Provider Name='Microsoft-Windows-Security-Auditing' Guid='{54849625-5478-4994-a5ba-3e3b0328c30d}'/><EventID>4625</EventID><Version>0</Version><Level>0</Level><Task>12544</Task><Opcode>0</Opcode><Keywords>0x8010000000000000</Keywords><TimeCreated SystemTime='2023-03-19T08:12:43.820273200Z'/><EventRecordID>60420</EventRecordID><Correlation ActivityID='{237c96fd-5a17-0001-3497-7c23175ad901}'/><Execution ProcessID='600' ThreadID='2516'/><Channel>Security</Channel><Computer>AttackDefense</Computer><Security/></System><EventData><Data Name='SubjectUserSid'>S-1-0-0</Data><Data Name='SubjectUserName'>-</Data><Data Name='SubjectDomainName'>-</Data><Data Name='SubjectLogonId'>0x0</Data><Data Name='TargetUserSid'>S-1-0-0</Data><Data Name='TargetUserName'>administrator</Data><Data Name='TargetDomainName'></Data><Data Name='Status'>0xc000006d</Data><Data Name='FailureReason'>%%2313</Data><Data Name='SubStatus'>0xc000006a</Data><Data Name='LogonType'>3</Data><Data Name='LogonProcessName'>NtLmSsp </Data><Data Name='AuthenticationPackageName'>NTLM</Data><Data Name='WorkstationName'>attackdefense</Data><Data Name='TransmittedServices'>-</Data><Data Name='LmPackageName'>-</Data><Data Name='KeyLength'>0</Data><Data Name='ProcessId'>0x0</Data><Data Name='ProcessName'>-</Data><Data Name='IpAddress'>10.10.16.4</Data><Data Name='IpPort'>0</Data></EventData></Event><Event xmlns='http://schemas.microsoft.com/win/2004/08/events/event'><System><Provider Name='Microsoft-Windows-Security-Auditing' Guid='{54849625-5478-4994-a5ba-3e3b0328c30d}'/><EventID>4625</EventID><Version>0</Version><Level>0</Level><Task>12544</Task><Opcode>0</Opcode><Keywords>0x8010000000000000</Keywords><TimeCreated SystemTime='2023-03-19T08:12:43.810873400Z'/><EventRecordID>60419</EventRecordID><Correlation ActivityID='{237c96fd-5a17-0001-3497-7c23175ad901}'/><Execution ProcessID='600' ThreadID='2516'/><Channel>Security</Channel><Computer>AttackDefense</Computer><Security/></System><EventData><Data Name='SubjectUserSid'>S-1-0-0</Data><Data Name='SubjectUserName'>-</Data><Data Name='SubjectDomainName'>-</Data><Data Name='SubjectLogonId'>0x0</Data><Data Name='TargetUserSid'>S-1-0-0</Data><Data Name='TargetUserName'>administrator</Data><Data Name='TargetDomainName'></Data><Data Name='Status'>0xc000006d</Data><Data Name='FailureReason'>%%2313</Data><Data Name='SubStatus'>0xc000006a</Data><Data Name='LogonType'>3</Data><Data Name='LogonProcessName'>NtLmSsp </Data><Data Name='AuthenticationPackageName'>NTLM</Data><Data Name='WorkstationName'>attackdefense</Data><Data Name='TransmittedServices'>-</Data><Data Name='LmPackageName'>-</Data><Data Name='KeyLength'>0</Data><Data Name='ProcessId'>0x0</Data><Data Name='ProcessName'>-</Data><Data Name='IpAddress'>10.10.16.4</Data><Data Name='IpPort'>0</Data></EventData></Event><Event xmlns='http://schemas.microsoft.com/win/2004/08/events/event'><System><Provider Name='Microsoft-Windows-Security-Auditing' Guid='{54849625-5478-4994-a5ba-3e3b0328c30d}'/><EventID>4625</EventID><Version>0</Version><Level>0</Level><Task>12544</Task><Opcode>0</Opcode><Keywords>0x8010000000000000</Keywords><TimeCreated SystemTime='2023-03-19T08:12:43.763612000Z'/><EventRecordID>60418</EventRecordID><Correlation ActivityID='{237c96fd-5a17-0001-3497-7c23175ad901}'/><Execution ProcessID='600' ThreadID='2516'/><Channel>Security</Channel><Computer>AttackDefense</Computer><Security/></System><EventData><Data Name='SubjectUserSid'>S-1-0-0</Data><Data Name='SubjectUserName'>-</Data><Data Name='SubjectDomainName'>-</Data><Data Name='SubjectLogonId'>0x0</Data><Data Name='TargetUserSid'>S-1-0-0</Data><Data Name='TargetUserName'>administrator</Data><Data Name='TargetDomainName'></Data><Data Name='Status'>0xc000006d</Data><Data Name='FailureReason'>%%2313</Data><Data Name='SubStatus'>0xc000006a</Data><Data Name='LogonType'>3</Data><Data Name='LogonProcessName'>NtLmSsp </Data><Data Name='AuthenticationPackageName'>NTLM</Data><Data Name='WorkstationName'>attackdefense</Data><Data Name='TransmittedServices'>-</Data><Data Name='LmPackageName'>-</Data><Data Name='KeyLength'>0</Data><Data Name='ProcessId'>0x0</Data><Data Name='ProcessName'>-</Data><Data Name='IpAddress'>10.10.16.4</Data><Data Name='IpPort'>0</Data></EventData></Event><Event xmlns='http://schemas.microsoft.com/win/2004/08/events/event'><System><Provider Name='Microsoft-Windows-Security-Auditing' Guid='{54849625-5478-4994-a5ba-3e3b0328c30d}'/><EventID>4625</EventID><Version>0</Version><Level>0</Level><Task>12544</Task><Opcode>0</Opcode><Keywords>0x8010000000000000</Keywords><TimeCreated SystemTime='2023-03-19T08:12:43.427716600Z'/><EventRecordID>60417</EventRecordID><Correlation ActivityID='{237c96fd-5a17-0001-3497-7c23175ad901}'/><Execution ProcessID='600' ThreadID='2516'/><Channel>Security</Channel><Computer>AttackDefense</Computer><Security/></System><EventData><Data Name='SubjectUserSid'>S-1-0-0</Data><Data Name='SubjectUserName'>-</Data><Data Name='SubjectDomainName'>-</Data><Data Name='SubjectLogonId'>0x0</Data><Data Name='TargetUserSid'>S-1-0-0</Data><Data Name='TargetUserName'>administrator</Data><Data Name='TargetDomainName'></Data><Data Name='Status'>0xc000006d</Data><Data Name='FailureReason'>%%2313</Data><Data Name='SubStatus'>0xc000006a</Data><Data Name='LogonType'>3</Data><Data Name='LogonProcessName'>NtLmSsp </Data><Data Name='AuthenticationPackageName'>NTLM</Data><Data Name='WorkstationName'>attackdefense</Data><Data Name='TransmittedServices'>-</Data><Data Name='LmPackageName'>-</Data><Data Name='KeyLength'>0</Data><Data Name='ProcessId'>0x0</Data><Data Name='ProcessName'>-</Data><Data Name='IpAddress'>10.10.16.4</Data><Data Name='IpPort'>0</Data></EventData></Event><Event xmlns='http://schemas.microsoft.com/win/2004/08/events/event'><System><Provider Name='Microsoft-Windows-Security-Auditing' Guid='{54849625-5478-4994-a5ba-3e3b0328c30d}'/><EventID>4625</EventID><Version>0</Version><Level>0</Level><Task>12544</Task><Opcode>0</Opcode><Keywords>0x8010000000000000</Keywords><TimeCreated SystemTime='2023-03-19T08:12:43.424913100Z'/><EventRecordID>60416</EventRecordID><Correlation ActivityID='{237c96fd-5a17-0001-3497-7c23175ad901}'/><Execution ProcessID='600' ThreadID='2516'/><Channel>Security</Channel><Computer>AttackDefense</Computer><Security/></System><EventData><Data Name='SubjectUserSid'>S-1-0-0</Data><Data Name='SubjectUserName'>-</Data><Data Name='SubjectDomainName'>-</Data><Data Name='SubjectLogonId'>0x0</Data><Data Name='TargetUserSid'>S-1-0-0</Data><Data Name='TargetUserName'>administrator</Data><Data Name='TargetDomainName'></Data><Data Name='Status'>0xc000006d</Data><Data Name='FailureReason'>%%2313</Data><Data Name='SubStatus'>0xc000006a</Data><Data Name='LogonType'>3</Data><Data Name='LogonProcessName'>NtLmSsp </Data><Data Name='AuthenticationPackageName'>NTLM</Data><Data Name='WorkstationName'>attackdefense</Data><Data Name='TransmittedServices'>-</Data><Data Name='LmPackageName'>-</Data><Data Name='KeyLength'>0</Data><Data Name='ProcessId'>0x0</Data><Data Name='ProcessName'>-</Data><Data Name='IpAddress'>10.10.16.4</Data><Data Name='IpPort'>0</Data></EventData></Event><Event xmlns='http://schemas.microsoft.com/win/2004/08/events/event'><System><Provider Name='Microsoft-Windows-Security-Auditing' Guid='{54849625-5478-4994-a5ba-3e3b0328c30d}'/><EventID>4625</EventID><Version>0</Version><Level>0</Level><Task>12544</Task><Opcode>0</Opcode><Keywords>0x8010000000000000</Keywords><TimeCreated SystemTime='2023-03-19T08:12:43.422483800Z'/><EventRecordID>60415</EventRecordID><Correlation ActivityID='{237c96fd-5a17-0001-3497-7c23175ad901}'/><Execution ProcessID='600' ThreadID='2516'/><Channel>Security</Channel><Computer>AttackDefense</Computer><Security/></System><EventData><Data Name='SubjectUserSid'>S-1-0-0</Data><Data Name='SubjectUserName'>-</Data><Data Name='SubjectDomainName'>-</Data><Data Name='SubjectLogonId'>0x0</Data><Data Name='TargetUserSid'>S-1-0-0</Data><Data Name='TargetUserName'>administrator</Data><Data Name='TargetDomainName'></Data><Data Name='Status'>0xc000006d</Data><Data Name='FailureReason'>%%2313</Data><Data Name='SubStatus'>0xc000006a</Data><Data Name='LogonType'>3</Data><Data Name='LogonProcessName'>NtLmSsp </Data><Data Name='AuthenticationPackageName'>NTLM</Data><Data Name='WorkstationName'>attackdefense</Data><Data Name='TransmittedServices'>-</Data><Data Name='LmPackageName'>-</Data><Data Name='KeyLength'>0</Data><Data Name='ProcessId'>0x0</Data><Data Name='ProcessName'>-</Data><Data Name='IpAddress'>10.10.16.4</Data><Data Name='IpPort'>0</Data></EventData></Event><Event xmlns='http://schemas.microsoft.com/win/2004/08/events/event'><System><Provider Name='Microsoft-Windows-Security-Auditing' Guid='{54849625-5478-4994-a5ba-3e3b0328c30d}'/><EventID>4625</EventID><Version>0</Version><Level>0</Level><Task>12544</Task><Opcode>0</Opcode><Keywords>0x8010000000000000</Keywords><TimeCreated SystemTime='2023-03-19T08:12:43.386557900Z'/><EventRecordID>60414</EventRecordID><Correlation ActivityID='{237c96fd-5a17-0001-3497-7c23175ad901}'/><Execution ProcessID='600' ThreadID='2516'/><Channel>Security</Channel><Computer>AttackDefense</Computer><Security/></System><EventData><Data Name='SubjectUserSid'>S-1-0-0</Data><Data Name='SubjectUserName'>-</Data><Data Name='SubjectDomainName'>-</Data><Data Name='SubjectLogonId'>0x0</Data><Data Name='TargetUserSid'>S-1-0-0</Data><Data Name='TargetUserName'>administrator</Data><Data Name='TargetDomainName'></Data><Data Name='Status'>0xc000006d</Data><Data Name='FailureReason'>%%2313</Data><Data Name='SubStatus'>0xc000006a</Data><Data Name='LogonType'>3</Data><Data Name='LogonProcessName'>NtLmSsp </Data><Data Name='AuthenticationPackageName'>NTLM</Data><Data Name='WorkstationName'>attackdefense</Data><Data Name='TransmittedServices'>-</Data><Data Name='LmPackageName'>-</Data><Data Name='KeyLength'>0</Data><Data Name='ProcessId'>0x0</Data><Data Name='ProcessName'>-</Data><Data Name='IpAddress'>10.10.16.4</Data><Data Name='IpPort'>0</Data></EventData></Event><Event xmlns='http://schemas.microsoft.com/win/2004/08/events/event'><System><Provider Name='Microsoft-Windows-Security-Auditing' Guid='{54849625-5478-4994-a5ba-3e3b0328c30d}'/><EventID>4625</EventID><Version>0</Version><Level>0</Level><Task>12544</Task><Opcode>0</Opcode><Keywords>0x8010000000000000</Keywords><TimeCreated SystemTime='2023-03-19T08:12:43.014018300Z'/><EventRecordID>60413</EventRecordID><Correlation ActivityID='{237c96fd-5a17-0001-3497-7c23175ad901}'/><Execution ProcessID='600' ThreadID='2516'/><Channel>Security</Channel><Computer>AttackDefense</Computer><Security/></System><EventData><Data Name='SubjectUserSid'>S-1-0-0</Data><Data Name='SubjectUserName'>-</Data><Data Name='SubjectDomainName'>-</Data><Data Name='SubjectLogonId'>0x0</Data><Data Name='TargetUserSid'>S-1-0-0</Data><Data Name='TargetUserName'>administrator</Data><Data Name='TargetDomainName'></Data><Data Name='Status'>0xc000006d</Data><Data Name='FailureReason'>%%2313</Data><Data Name='SubStatus'>0xc000006a</Data><Data Name='LogonType'>3</Data><Data Name='LogonProcessName'>NtLmSsp </Data><Data Name='AuthenticationPackageName'>NTLM</Data><Data Name='WorkstationName'>attackdefense</Data><Data Name='TransmittedServices'>-</Data><Data Name='LmPackageName'>-</Data><Data Name='KeyLength'>0</Data><Data Name='ProcessId'>0x0</Data><Data Name='ProcessName'>-</Data><Data Name='IpAddress'>10.10.16.4</Data><Data Name='IpPort'>0</Data></EventData></Event><Event xmlns='http://schemas.microsoft.com/win/2004/08/events/event'><System><Provider Name='Microsoft-Windows-Security-Auditing' Guid='{54849625-5478-4994-a5ba-3e3b0328c30d}'/><EventID>4625</EventID><Version>0</Version><Level>0</Level><Task>12544</Task><Opcode>0</Opcode><Keywords>0x8010000000000000</Keywords><TimeCreated SystemTime='2023-03-19T08:12:43.012408300Z'/><EventRecordID>60412</EventRecordID><Correlation ActivityID='{237c96fd-5a17-0001-3497-7c23175ad901}'/><Execution ProcessID='600' ThreadID='2516'/><Channel>Security</Channel><Computer>AttackDefense</Computer><Security/></System><EventData><Data Name='SubjectUserSid'>S-1-0-0</Data><Data Name='SubjectUserName'>-</Data><Data Name='SubjectDomainName'>-</Data><Data Name='SubjectLogonId'>0x0</Data><Data Name='TargetUserSid'>S-1-0-0</Data><Data Name='TargetUserName'>administrator</Data><Data Name='TargetDomainName'></Data><Data Name='Status'>0xc000006d</Data><Data Name='FailureReason'>%%2313</Data><Data Name='SubStatus'>0xc000006a</Data><Data Name='LogonType'>3</Data><Data Name='LogonProcessName'>NtLmSsp </Data><Data Name='AuthenticationPackageName'>NTLM</Data><Data Name='WorkstationName'>attackdefense</Data><Data Name='TransmittedServices'>-</Data><Data Name='LmPackageName'>-</Data><Data Name='KeyLength'>0</Data><Data Name='ProcessId'>0x0</Data><Data Name='ProcessName'>-</Data><Data Name='IpAddress'>10.10.16.4</Data><Data Name='IpPort'>0</Data></EventData></Event><Event xmlns='http://schemas.microsoft.com/win/2004/08/events/event'><System><Provider Name='Microsoft-Windows-Security-Auditing' Guid='{54849625-5478-4994-a5ba-3e3b0328c30d}'/><EventID>4625</EventID><Version>0</Version><Level>0</Level><Task>12544</Task><Opcode>0</Opcode><Keywords>0x8010000000000000</Keywords><TimeCreated SystemTime='2023-03-19T08:12:43.011838200Z'/><EventRecordID>60411</EventRecordID><Correlation ActivityID='{237c96fd-5a17-0001-3497-7c23175ad901}'/><Execution ProcessID='600' ThreadID='2516'/><Channel>Security</Channel><Computer>AttackDefense</Computer><Security/></System><EventData><Data Name='SubjectUserSid'>S-1-0-0</Data><Data Name='SubjectUserName'>-</Data><Data Name='SubjectDomainName'>-</Data><Data Name='SubjectLogonId'>0x0</Data><Data Name='TargetUserSid'>S-1-0-0</Data><Data Name='TargetUserName'>administrator</Data><Data Name='TargetDomainName'></Data><Data Name='Status'>0xc000006d</Data><Data Name='FailureReason'>%%2313</Data><Data Name='SubStatus'>0xc000006a</Data><Data Name='LogonType'>3</Data><Data Name='LogonProcessName'>NtLmSsp </Data><Data Name='AuthenticationPackageName'>NTLM</Data><Data Name='WorkstationName'>attackdefense</Data><Data Name='TransmittedServices'>-</Data><Data Name='LmPackageName'>-</Data><Data Name='KeyLength'>0</Data><Data Name='ProcessId'>0x0</Data><Data Name='ProcessName'>-</Data><Data Name='IpAddress'>10.10.16.4</Data><Data Name='IpPort'>0</Data></EventData></Event><Event xmlns='http://schemas.microsoft.com/win/2004/08/events/event'><System><Provider Name='Microsoft-Windows-Security-Auditing' Guid='{54849625-5478-4994-a5ba-3e3b0328c30d}'/><EventID>4625</EventID><Version>0</Version><Level>0</Level><Task>12544</Task><Opcode>0</Opcode><Keywords>0x8010000000000000</Keywords><TimeCreated SystemTime='2023-03-19T08:12:42.982502900Z'/><EventRecordID>60410</EventRecordID><Correlation ActivityID='{237c96fd-5a17-0001-3497-7c23175ad901}'/><Execution ProcessID='600' ThreadID='2516'/><Channel>Security</Channel><Computer>AttackDefense</Computer><Security/></System><EventData><Data Name='SubjectUserSid'>S-1-0-0</Data><Data Name='SubjectUserName'>-</Data><Data Name='SubjectDomainName'>-</Data><Data Name='SubjectLogonId'>0x0</Data><Data Name='TargetUserSid'>S-1-0-0</Data><Data Name='TargetUserName'>administrator</Data><Data Name='TargetDomainName'></Data><Data Name='Status'>0xc000006d</Data><Data Name='FailureReason'>%%2313</Data><Data Name='SubStatus'>0xc000006a</Data><Data Name='LogonType'>3</Data><Data Name='LogonProcessName'>NtLmSsp </Data><Data Name='AuthenticationPackageName'>NTLM</Data><Data Name='WorkstationName'>attackdefense</Data><Data Name='TransmittedServices'>-</Data><Data Name='LmPackageName'>-</Data><Data Name='KeyLength'>0</Data><Data Name='ProcessId'>0x0</Data><Data Name='ProcessName'>-</Data><Data Name='IpAddress'>10.10.16.4</Data><Data Name='IpPort'>0</Data></EventData></Event><Event xmlns='http://schemas.microsoft.com/win/2004/08/events/event'><System><Provider Name='Microsoft-Windows-Security-Auditing' Guid='{54849625-5478-4994-a5ba-3e3b0328c30d}'/><EventID>4625</EventID><Version>0</Version><Level>0</Level><Task>12544</Task><Opcode>0</Opcode><Keywords>0x8010000000000000</Keywords><TimeCreated SystemTime='2023-03-19T08:12:42.609716200Z'/><EventRecordID>60409</EventRecordID><Correlation ActivityID='{237c96fd-5a17-0001-3497-7c23175ad901}'/><Execution ProcessID='600' ThreadID='2516'/><Channel>Security</Channel><Computer>AttackDefense</Computer><Security/></System><EventData><Data Name='SubjectUserSid'>S-1-0-0</Data><Data Name='SubjectUserName'>-</Data><Data Name='SubjectDomainName'>-</Data><Data Name='SubjectLogonId'>0x0</Data><Data Name='TargetUserSid'>S-1-0-0</Data><Data Name='TargetUserName'>administrator</Data><Data Name='TargetDomainName'></Data><Data Name='Status'>0xc000006d</Data><Data Name='FailureReason'>%%2313</Data><Data Name='SubStatus'>0xc000006a</Data><Data Name='LogonType'>3</Data><Data Name='LogonProcessName'>NtLmSsp </Data><Data Name='AuthenticationPackageName'>NTLM</Data><Data Name='WorkstationName'>attackdefense</Data><Data Name='TransmittedServices'>-</Data><Data Name='LmPackageName'>-</Data><Data Name='KeyLength'>0</Data><Data Name='ProcessId'>0x0</Data><Data Name='ProcessName'>-</Data><Data Name='IpAddress'>10.10.16.4</Data><Data Name='IpPort'>0</Data></EventData></Event><Event xmlns='http://schemas.microsoft.com/win/2004/08/events/event'><System><Provider Name='Microsoft-Windows-Security-Auditing' Guid='{54849625-5478-4994-a5ba-3e3b0328c30d}'/><EventID>4625</EventID><Version>0</Version><Level>0</Level><Task>12544</Task><Opcode>0</Opcode><Keywords>0x8010000000000000</Keywords><TimeCreated SystemTime='2023-03-19T08:12:42.609192600Z'/><EventRecordID>60408</EventRecordID><Correlation ActivityID='{237c96fd-5a17-0001-3497-7c23175ad901}'/><Execution ProcessID='600' ThreadID='2324'/><Channel>Security</Channel><Computer>AttackDefense</Computer><Security/></System><EventData><Data Name='SubjectUserSid'>S-1-0-0</Data><Data Name='SubjectUserName'>-</Data><Data Name='SubjectDomainName'>-</Data><Data Name='SubjectLogonId'>0x0</Data><Data Name='TargetUserSid'>S-1-0-0</Data><Data Name='TargetUserName'>administrator</Data><Data Name='TargetDomainName'></Data><Data Name='Status'>0xc000006d</Data><Data Name='FailureReason'>%%2313</Data><Data Name='SubStatus'>0xc000006a</Data><Data Name='LogonType'>3</Data><Data Name='LogonProcessName'>NtLmSsp </Data><Data Name='AuthenticationPackageName'>NTLM</Data><Data Name='WorkstationName'>attackdefense</Data><Data Name='TransmittedServices'>-</Data><Data Name='LmPackageName'>-</Data><Data Name='KeyLength'>0</Data><Data Name='ProcessId'>0x0</Data><Data Name='ProcessName'>-</Data><Data Name='IpAddress'>10.10.16.4</Data><Data Name='IpPort'>0</Data></EventData></Event><Event xmlns='http://schemas.microsoft.com/win/2004/08/events/event'><System><Provider Name='Microsoft-Windows-Security-Auditing' Guid='{54849625-5478-4994-a5ba-3e3b0328c30d}'/><EventID>4625</EventID><Version>0</Version><Level>0</Level><Task>12544</Task><Opcode>0</Opcode><Keywords>0x8010000000000000</Keywords><TimeCreated SystemTime='2023-03-19T08:12:42.601717900Z'/><EventRecordID>60407</EventRecordID><Correlation ActivityID='{237c96fd-5a17-0001-3497-7c23175ad901}'/><Execution ProcessID='600' ThreadID='2324'/><Channel>Security</Channel><Computer>AttackDefense</Computer><Security/></System><EventData><Data Name='SubjectUserSid'>S-1-0-0</Data><Data Name='SubjectUserName'>-</Data><Data Name='SubjectDomainName'>-</Data><Data Name='SubjectLogonId'>0x0</Data><Data Name='TargetUserSid'>S-1-0-0</Data><Data Name='TargetUserName'>administrator</Data><Data Name='TargetDomainName'></Data><Data Name='Status'>0xc000006d</Data><Data Name='FailureReason'>%%2313</Data><Data Name='SubStatus'>0xc000006a</Data><Data Name='LogonType'>3</Data><Data Name='LogonProcessName'>NtLmSsp </Data><Data Name='AuthenticationPackageName'>NTLM</Data><Data Name='WorkstationName'>attackdefense</Data><Data Name='TransmittedServices'>-</Data><Data Name='LmPackageName'>-</Data><Data Name='KeyLength'>0</Data><Data Name='ProcessId'>0x0</Data><Data Name='ProcessName'>-</Data><Data Name='IpAddress'>10.10.16.4</Data><Data Name='IpPort'>0</Data></EventData></Event><Event xmlns='http://schemas.microsoft.com/win/2004/08/events/event'><System><Provider Name='Microsoft-Windows-Security-Auditing' Guid='{54849625-5478-4994-a5ba-3e3b0328c30d}'/><EventID>4625</EventID><Version>0</Version><Level>0</Level><Task>12544</Task><Opcode>0</Opcode><Keywords>0x8010000000000000</Keywords><TimeCreated SystemTime='2023-03-19T08:12:42.589259800Z'/><EventRecordID>60406</EventRecordID><Correlation ActivityID='{237c96fd-5a17-0001-3497-7c23175ad901}'/><Execution ProcessID='600' ThreadID='2324'/><Channel>Security</Channel><Computer>AttackDefense</Computer><Security/></System><EventData><Data Name='SubjectUserSid'>S-1-0-0</Data><Data Name='SubjectUserName'>-</Data><Data Name='SubjectDomainName'>-</Data><Data Name='SubjectLogonId'>0x0</Data><Data Name='TargetUserSid'>S-1-0-0</Data><Data Name='TargetUserName'>administrator</Data><Data Name='TargetDomainName'></Data><Data Name='Status'>0xc000006d</Data><Data Name='FailureReason'>%%2313</Data><Data Name='SubStatus'>0xc000006a</Data><Data Name='LogonType'>3</Data><Data Name='LogonProcessName'>NtLmSsp </Data><Data Name='AuthenticationPackageName'>NTLM</Data><Data Name='WorkstationName'>attackdefense</Data><Data Name='TransmittedServices'>-</Data><Data Name='LmPackageName'>-</Data><Data Name='KeyLength'>0</Data><Data Name='ProcessId'>0x0</Data><Data Name='ProcessName'>-</Data><Data Name='IpAddress'>10.10.16.4</Data><Data Name='IpPort'>0</Data></EventData></Event><Event xmlns='http://schemas.microsoft.com/win/2004/08/events/event'><System><Provider Name='Microsoft-Windows-Security-Auditing' Guid='{54849625-5478-4994-a5ba-3e3b0328c30d}'/><EventID>4625</EventID><Version>0</Version><Level>0</Level><Task>12544</Task><Opcode>0</Opcode><Keywords>0x8010000000000000</Keywords><TimeCreated SystemTime='2023-03-19T08:12:42.246468200Z'/><EventRecordID>60405</EventRecordID><Correlation ActivityID='{237c96fd-5a17-0001-3497-7c23175ad901}'/><Execution ProcessID='600' ThreadID='2516'/><Channel>Security</Channel><Computer>AttackDefense</Computer><Security/></System><EventData><Data Name='SubjectUserSid'>S-1-0-0</Data><Data Name='SubjectUserName'>-</Data><Data Name='SubjectDomainName'>-</Data><Data Name='SubjectLogonId'>0x0</Data><Data Name='TargetUserSid'>S-1-0-0</Data><Data Name='TargetUserName'>administrator</Data><Data Name='TargetDomainName'></Data><Data Name='Status'>0xc000006d</Data><Data Name='FailureReason'>%%2313</Data><Data Name='SubStatus'>0xc000006a</Data><Data Name='LogonType'>3</Data><Data Name='LogonProcessName'>NtLmSsp </Data><Data Name='AuthenticationPackageName'>NTLM</Data><Data Name='WorkstationName'>attackdefense</Data><Data Name='TransmittedServices'>-</Data><Data Name='LmPackageName'>-</Data><Data Name='KeyLength'>0</Data><Data Name='ProcessId'>0x0</Data><Data Name='ProcessName'>-</Data><Data Name='IpAddress'>10.10.16.4</Data><Data Name='IpPort'>0</Data></EventData></Event><Event xmlns='http://schemas.microsoft.com/win/2004/08/events/event'><System><Provider Name='Microsoft-Windows-Security-Auditing' Guid='{54849625-5478-4994-a5ba-3e3b0328c30d}'/><EventID>4625</EventID><Version>0</Version><Level>0</Level><Task>12544</Task><Opcode>0</Opcode><Keywords>0x8010000000000000</Keywords><TimeCreated SystemTime='2023-03-19T08:12:42.245254600Z'/><EventRecordID>60404</EventRecordID><Correlation ActivityID='{237c96fd-5a17-0001-3497-7c23175ad901}'/><Execution ProcessID='600' ThreadID='2516'/><Channel>Security</Channel><Computer>AttackDefense</Computer><Security/></System><EventData><Data Name='SubjectUserSid'>S-1-0-0</Data><Data Name='SubjectUserName'>-</Data><Data Name='SubjectDomainName'>-</Data><Data Name='SubjectLogonId'>0x0</Data><Data Name='TargetUserSid'>S-1-0-0</Data><Data Name='TargetUserName'>administrator</Data><Data Name='TargetDomainName'></Data><Data Name='Status'>0xc000006d</Data><Data Name='FailureReason'>%%2313</Data><Data Name='SubStatus'>0xc000006a</Data><Data Name='LogonType'>3</Data><Data Name='LogonProcessName'>NtLmSsp </Data><Data Name='AuthenticationPackageName'>NTLM</Data><Data Name='WorkstationName'>attackdefense</Data><Data Name='TransmittedServices'>-</Data><Data Name='LmPackageName'>-</Data><Data Name='KeyLength'>0</Data><Data Name='ProcessId'>0x0</Data><Data Name='ProcessName'>-</Data><Data Name='IpAddress'>10.10.16.4</Data><Data Name='IpPort'>0</Data></EventData></Event><Event xmlns='http://schemas.microsoft.com/win/2004/08/events/event'><System><Provider Name='Microsoft-Windows-Security-Auditing' Guid='{54849625-5478-4994-a5ba-3e3b0328c30d}'/><EventID>4625</EventID><Version>0</Version><Level>0</Level><Task>12544</Task><Opcode>0</Opcode><Keywords>0x8010000000000000</Keywords><TimeCreated SystemTime='2023-03-19T08:12:42.242808800Z'/><EventRecordID>60403</EventRecordID><Correlation ActivityID='{237c96fd-5a17-0001-3497-7c23175ad901}'/><Execution ProcessID='600' ThreadID='2324'/><Channel>Security</Channel><Computer>AttackDefense</Computer><Security/></System><EventData><Data Name='SubjectUserSid'>S-1-0-0</Data><Data Name='SubjectUserName'>-</Data><Data Name='SubjectDomainName'>-</Data><Data Name='SubjectLogonId'>0x0</Data><Data Name='TargetUserSid'>S-1-0-0</Data><Data Name='TargetUserName'>administrator</Data><Data Name='TargetDomainName'></Data><Data Name='Status'>0xc000006d</Data><Data Name='FailureReason'>%%2313</Data><Data Name='SubStatus'>0xc000006a</Data><Data Name='LogonType'>3</Data><Data Name='LogonProcessName'>NtLmSsp </Data><Data Name='AuthenticationPackageName'>NTLM</Data><Data Name='WorkstationName'>attackdefense</Data><Data Name='TransmittedServices'>-</Data><Data Name='LmPackageName'>-</Data><Data Name='KeyLength'>0</Data><Data Name='ProcessId'>0x0</Data><Data Name='ProcessName'>-</Data><Data Name='IpAddress'>10.10.16.4</Data><Data Name='IpPort'>0</Data></EventData></Event><Event xmlns='http://schemas.microsoft.com/win/2004/08/events/event'><System><Provider Name='Microsoft-Windows-Security-Auditing' Guid='{54849625-5478-4994-a5ba-3e3b0328c30d}'/><EventID>4625</EventID><Version>0</Version><Level>0</Level><Task>12544</Task><Opcode>0</Opcode><Keywords>0x8010000000000000</Keywords><TimeCreated SystemTime='2023-03-19T08:12:42.242808300Z'/><EventRecordID>60402</EventRecordID><Correlation ActivityID='{237c96fd-5a17-0001-3497-7c23175ad901}'/><Execution ProcessID='600' ThreadID='2984'/><Channel>Security</Channel><Computer>AttackDefense</Computer><Security/></System><EventData><Data Name='SubjectUserSid'>S-1-0-0</Data><Data Name='SubjectUserName'>-</Data><Data Name='SubjectDomainName'>-</Data><Data Name='SubjectLogonId'>0x0</Data><Data Name='TargetUserSid'>S-1-0-0</Data><Data Name='TargetUserName'>administrator</Data><Data Name='TargetDomainName'></Data><Data Name='Status'>0xc000006d</Data><Data Name='FailureReason'>%%2313</Data><Data Name='SubStatus'>0xc000006a</Data><Data Name='LogonType'>3</Data><Data Name='LogonProcessName'>NtLmSsp </Data><Data Name='AuthenticationPackageName'>NTLM</Data><Data Name='WorkstationName'>attackdefense</Data><Data Name='TransmittedServices'>-</Data><Data Name='LmPackageName'>-</Data><Data Name='KeyLength'>0</Data><Data Name='ProcessId'>0x0</Data><Data Name='ProcessName'>-</Data><Data Name='IpAddress'>10.10.16.4</Data><Data Name='IpPort'>0</Data></EventData></Event><Event xmlns='http://schemas.microsoft.com/win/2004/08/events/event'><System><Provider Name='Microsoft-Windows-Eventlog' Guid='{fc65ddd8-d6ef-4962-83d5-6e5cfe9ce148}'/><EventID>1102</EventID><Version>0</Version><Level>4</Level><Task>104</Task><Opcode>0</Opcode><Keywords>0x4020000000000000</Keywords><TimeCreated SystemTime='2023-03-19T08:12:07.022315500Z'/><EventRecordID>60401</EventRecordID><Correlation/><Execution ProcessID='1072' ThreadID='4428'/><Channel>Security</Channel><Computer>AttackDefense</Computer><Security/></System><UserData><LogFileCleared xmlns='http://manifests.microsoft.com/win/2004/08/windows/eventlog'><SubjectUserSid>S-1-5-21-3688751335-3073641799-161370460-500</SubjectUserSid><SubjectUserName>Administrator</SubjectUserName><SubjectDomainName>ATTACKDEFENSE</SubjectDomainName><SubjectLogonId>0x3e13f</SubjectLogonId></LogFileCleared></UserData></Event></Events>