﻿<?xml version="1.0" encoding="utf-8" standalone="yes"?>
<Events><Event xmlns='http://schemas.microsoft.com/win/2004/08/events/event'><System><Provider Name='Microsoft-Windows-TerminalServices-RemoteConnectionManager' Guid='{c76baa63-ae81-421c-b425-340b4b24157f}'/><EventID>261</EventID><Version>0</Version><Level>4</Level><Task>0</Task><Opcode>0</Opcode><Keywords>0x1000000000000000</Keywords><TimeCreated SystemTime='2023-03-19T08:12:45.034337200Z'/><EventRecordID>2372</EventRecordID><Correlation ActivityID='{f420fdd0-09e3-4f77-8add-632c72410000}'/><Execution ProcessID='988' ThreadID='1948'/><Channel>Microsoft-Windows-TerminalServices-RemoteConnectionManager/Operational</Channel><Computer>AttackDefense</Computer><Security UserID='S-1-5-20'/></System><UserData><EventXML xmlns='Event_NS'><listenerName>RDP-Tcp</listenerName></EventXML></UserData></Event><Event xmlns='http://schemas.microsoft.com/win/2004/08/events/event'><System><Provider Name='Microsoft-Windows-TerminalServices-RemoteConnectionManager' Guid='{c76baa63-ae81-421c-b425-340b4b24157f}'/><EventID>261</EventID><Version>0</Version><Level>4</Level><Task>0</Task><Opcode>0</Opcode><Keywords>0x1000000000000000</Keywords><TimeCreated SystemTime='2023-03-19T08:12:45.023304400Z'/><EventRecordID>2371</EventRecordID><Correlation ActivityID='{f420a7a0-22bd-4336-bf43-15e45e6a0000}'/><Execution ProcessID='988' ThreadID='1948'/><Channel>Microsoft-Windows-TerminalServices-RemoteConnectionManager/Operational</Channel><Computer>AttackDefense</Computer><Security UserID='S-1-5-20'/></System><UserData><EventXML xmlns='Event_NS'><listenerName>RDP-Tcp</listenerName></EventXML></UserData></Event><Event xmlns='http://schemas.microsoft.com/win/2004/08/events/event'><System><Provider Name='Microsoft-Windows-TerminalServices-RemoteConnectionManager' Guid='{c76baa63-ae81-421c-b425-340b4b24157f}'/><EventID>1149</EventID><Version>0</Version><Level>4</Level><Task>0</Task><Opcode>0</Opcode><Keywords>0x1000000000000000</Keywords><TimeCreated SystemTime='2023-03-19T08:12:45.007473600Z'/><EventRecordID>2370</EventRecordID><Correlation ActivityID='{f42047db-8e3e-4e3d-b72b-e2dd527a0000}'/><Execution ProcessID='988' ThreadID='4224'/><Channel>Microsoft-Windows-TerminalServices-RemoteConnectionManager/Operational</Channel><Computer>AttackDefense</Computer><Security UserID='S-1-5-20'/></System><UserData><EventXML xmlns='Event_NS'><Param1>administrator</Param1><Param2></Param2><Param3>10.10.16.4</Param3></EventXML></UserData></Event><Event xmlns='http://schemas.microsoft.com/win/2004/08/events/event'><System><Provider Name='Microsoft-Windows-TerminalServices-RemoteConnectionManager' Guid='{c76baa63-ae81-421c-b425-340b4b24157f}'/><EventID>261</EventID><Version>0</Version><Level>4</Level><Task>0</Task><Opcode>0</Opcode><Keywords>0x1000000000000000</Keywords><TimeCreated SystemTime='2023-03-19T08:12:44.991718000Z'/><EventRecordID>2369</EventRecordID><Correlation ActivityID='{f420f262-69ce-4f81-a2ee-d0d780e60000}'/><Execution ProcessID='988' ThreadID='1948'/><Channel>Microsoft-Windows-TerminalServices-RemoteConnectionManager/Operational</Channel><Computer>AttackDefense</Computer><Security UserID='S-1-5-20'/></System><UserData><EventXML xmlns='Event_NS'><listenerName>RDP-Tcp</listenerName></EventXML></UserData></Event><Event xmlns='http://schemas.microsoft.com/win/2004/08/events/event'><System><Provider Name='Microsoft-Windows-TerminalServices-RemoteConnectionManager' Guid='{c76baa63-ae81-421c-b425-340b4b24157f}'/><EventID>261</EventID><Version>0</Version><Level>4</Level><Task>0</Task><Opcode>0</Opcode><Keywords>0x1000000000000000</Keywords><TimeCreated SystemTime='2023-03-19T08:12:44.717245300Z'/><EventRecordID>2368</EventRecordID><Correlation ActivityID='{f4203d2d-0c25-4243-a410-e2a8d2c00000}'/><Execution ProcessID='988' ThreadID='1948'/><Channel>Microsoft-Windows-TerminalServices-RemoteConnectionManager/Operational</Channel><Computer>AttackDefense</Computer><Security UserID='S-1-5-20'/></System><UserData><EventXML xmlns='Event_NS'><listenerName>RDP-Tcp</listenerName></EventXML></UserData></Event><Event xmlns='http://schemas.microsoft.com/win/2004/08/events/event'><System><Provider Name='Microsoft-Windows-TerminalServices-RemoteConnectionManager' Guid='{c76baa63-ae81-421c-b425-340b4b24157f}'/><EventID>261</EventID><Version>0</Version><Level>4</Level><Task>0</Task><Opcode>0</Opcode><Keywords>0x1000000000000000</Keywords><TimeCreated SystemTime='2023-03-19T08:12:44.695389200Z'/><EventRecordID>2367</EventRecordID><Correlation ActivityID='{f4200cca-1d66-4c47-92e0-e50a43bc0000}'/><Execution ProcessID='988' ThreadID='1948'/><Channel>Microsoft-Windows-TerminalServices-RemoteConnectionManager/Operational</Channel><Computer>AttackDefense</Computer><Security UserID='S-1-5-20'/></System><UserData><EventXML xmlns='Event_NS'><listenerName>RDP-Tcp</listenerName></EventXML></UserData></Event><Event xmlns='http://schemas.microsoft.com/win/2004/08/events/event'><System><Provider Name='Microsoft-Windows-TerminalServices-RemoteConnectionManager' Guid='{c76baa63-ae81-421c-b425-340b4b24157f}'/><EventID>261</EventID><Version>0</Version><Level>4</Level><Task>0</Task><Opcode>0</Opcode><Keywords>0x1000000000000000</Keywords><TimeCreated SystemTime='2023-03-19T08:12:44.670077300Z'/><EventRecordID>2366</EventRecordID><Correlation ActivityID='{f42074fe-ea64-4fa1-a3ab-09044e750000}'/><Execution ProcessID='988' ThreadID='1948'/><Channel>Microsoft-Windows-TerminalServices-RemoteConnectionManager/Operational</Channel><Computer>AttackDefense</Computer><Security UserID='S-1-5-20'/></System><UserData><EventXML xmlns='Event_NS'><listenerName>RDP-Tcp</listenerName></EventXML></UserData></Event><Event xmlns='http://schemas.microsoft.com/win/2004/08/events/event'><System><Provider Name='Microsoft-Windows-TerminalServices-RemoteConnectionManager' Guid='{c76baa63-ae81-421c-b425-340b4b24157f}'/><EventID>261</EventID><Version>0</Version><Level>4</Level><Task>0</Task><Opcode>0</Opcode><Keywords>0x1000000000000000</Keywords><TimeCreated SystemTime='2023-03-19T08:12:44.389456100Z'/><EventRecordID>2365</EventRecordID><Correlation ActivityID='{f4206204-6ffc-4c5b-beeb-0777c5d60000}'/><Execution ProcessID='988' ThreadID='1948'/><Channel>Microsoft-Windows-TerminalServices-RemoteConnectionManager/Operational</Channel><Computer>AttackDefense</Computer><Security UserID='S-1-5-20'/></System><UserData><EventXML xmlns='Event_NS'><listenerName>RDP-Tcp</listenerName></EventXML></UserData></Event><Event xmlns='http://schemas.microsoft.com/win/2004/08/events/event'><System><Provider Name='Microsoft-Windows-TerminalServices-RemoteConnectionManager' Guid='{c76baa63-ae81-421c-b425-340b4b24157f}'/><EventID>261</EventID><Version>0</Version><Level>4</Level><Task>0</Task><Opcode>0</Opcode><Keywords>0x1000000000000000</Keywords><TimeCreated SystemTime='2023-03-19T08:12:44.388503600Z'/><EventRecordID>2364</EventRecordID><Correlation ActivityID='{f42047db-8e3e-4e3d-b72b-e2dd527a0000}'/><Execution ProcessID='988' ThreadID='1948'/><Channel>Microsoft-Windows-TerminalServices-RemoteConnectionManager/Operational</Channel><Computer>AttackDefense</Computer><Security UserID='S-1-5-20'/></System><UserData><EventXML xmlns='Event_NS'><listenerName>RDP-Tcp</listenerName></EventXML></UserData></Event><Event xmlns='http://schemas.microsoft.com/win/2004/08/events/event'><System><Provider Name='Microsoft-Windows-TerminalServices-RemoteConnectionManager' Guid='{c76baa63-ae81-421c-b425-340b4b24157f}'/><EventID>261</EventID><Version>0</Version><Level>4</Level><Task>0</Task><Opcode>0</Opcode><Keywords>0x1000000000000000</Keywords><TimeCreated SystemTime='2023-03-19T08:12:44.373588300Z'/><EventRecordID>2363</EventRecordID><Correlation ActivityID='{f4204763-0a63-46e3-8463-84f33c900000}'/><Execution ProcessID='988' ThreadID='1948'/><Channel>Microsoft-Windows-TerminalServices-RemoteConnectionManager/Operational</Channel><Computer>AttackDefense</Computer><Security UserID='S-1-5-20'/></System><UserData><EventXML xmlns='Event_NS'><listenerName>RDP-Tcp</listenerName></EventXML></UserData></Event><Event xmlns='http://schemas.microsoft.com/win/2004/08/events/event'><System><Provider Name='Microsoft-Windows-TerminalServices-RemoteConnectionManager' Guid='{c76baa63-ae81-421c-b425-340b4b24157f}'/><EventID>261</EventID><Version>0</Version><Level>4</Level><Task>0</Task><Opcode>0</Opcode><Keywords>0x1000000000000000</Keywords><TimeCreated SystemTime='2023-03-19T08:12:44.296166200Z'/><EventRecordID>2362</EventRecordID><Correlation ActivityID='{f4203d8a-6d94-4fd2-bf52-3fcc938a0000}'/><Execution ProcessID='988' ThreadID='1948'/><Channel>Microsoft-Windows-TerminalServices-RemoteConnectionManager/Operational</Channel><Computer>AttackDefense</Computer><Security UserID='S-1-5-20'/></System><UserData><EventXML xmlns='Event_NS'><listenerName>RDP-Tcp</listenerName></EventXML></UserData></Event><Event xmlns='http://schemas.microsoft.com/win/2004/08/events/event'><System><Provider Name='Microsoft-Windows-TerminalServices-RemoteConnectionManager' Guid='{c76baa63-ae81-421c-b425-340b4b24157f}'/><EventID>261</EventID><Version>0</Version><Level>4</Level><Task>0</Task><Opcode>0</Opcode><Keywords>0x1000000000000000</Keywords><TimeCreated SystemTime='2023-03-19T08:12:44.013999400Z'/><EventRecordID>2361</EventRecordID><Correlation ActivityID='{f420c044-2597-4212-a414-f9cb43730000}'/><Execution ProcessID='988' ThreadID='1948'/><Channel>Microsoft-Windows-TerminalServices-RemoteConnectionManager/Operational</Channel><Computer>AttackDefense</Computer><Security UserID='S-1-5-20'/></System><UserData><EventXML xmlns='Event_NS'><listenerName>RDP-Tcp</listenerName></EventXML></UserData></Event><Event xmlns='http://schemas.microsoft.com/win/2004/08/events/event'><System><Provider Name='Microsoft-Windows-TerminalServices-RemoteConnectionManager' Guid='{c76baa63-ae81-421c-b425-340b4b24157f}'/><EventID>261</EventID><Version>0</Version><Level>4</Level><Task>0</Task><Opcode>0</Opcode><Keywords>0x1000000000000000</Keywords><TimeCreated SystemTime='2023-03-19T08:12:44.004291800Z'/><EventRecordID>2360</EventRecordID><Correlation ActivityID='{f420971b-419b-4ba2-9fb1-f10193260000}'/><Execution ProcessID='988' ThreadID='1948'/><Channel>Microsoft-Windows-TerminalServices-RemoteConnectionManager/Operational</Channel><Computer>AttackDefense</Computer><Security UserID='S-1-5-20'/></System><UserData><EventXML xmlns='Event_NS'><listenerName>RDP-Tcp</listenerName></EventXML></UserData></Event><Event xmlns='http://schemas.microsoft.com/win/2004/08/events/event'><System><Provider Name='Microsoft-Windows-TerminalServices-RemoteConnectionManager' Guid='{c76baa63-ae81-421c-b425-340b4b24157f}'/><EventID>261</EventID><Version>0</Version><Level>4</Level><Task>0</Task><Opcode>0</Opcode><Keywords>0x1000000000000000</Keywords><TimeCreated SystemTime='2023-03-19T08:12:43.993838100Z'/><EventRecordID>2359</EventRecordID><Correlation ActivityID='{f4207bb7-09d6-4d49-8e9b-913de8920000}'/><Execution ProcessID='988' ThreadID='1948'/><Channel>Microsoft-Windows-TerminalServices-RemoteConnectionManager/Operational</Channel><Computer>AttackDefense</Computer><Security UserID='S-1-5-20'/></System><UserData><EventXML xmlns='Event_NS'><listenerName>RDP-Tcp</listenerName></EventXML></UserData></Event><Event xmlns='http://schemas.microsoft.com/win/2004/08/events/event'><System><Provider Name='Microsoft-Windows-TerminalServices-RemoteConnectionManager' Guid='{c76baa63-ae81-421c-b425-340b4b24157f}'/><EventID>261</EventID><Version>0</Version><Level>4</Level><Task>0</Task><Opcode>0</Opcode><Keywords>0x1000000000000000</Keywords><TimeCreated SystemTime='2023-03-19T08:12:43.925213200Z'/><EventRecordID>2358</EventRecordID><Correlation ActivityID='{f4202c84-12f9-4abd-9f7b-83ba03be0000}'/><Execution ProcessID='988' ThreadID='1948'/><Channel>Microsoft-Windows-TerminalServices-RemoteConnectionManager/Operational</Channel><Computer>AttackDefense</Computer><Security UserID='S-1-5-20'/></System><UserData><EventXML xmlns='Event_NS'><listenerName>RDP-Tcp</listenerName></EventXML></UserData></Event><Event xmlns='http://schemas.microsoft.com/win/2004/08/events/event'><System><Provider Name='Microsoft-Windows-TerminalServices-RemoteConnectionManager' Guid='{c76baa63-ae81-421c-b425-340b4b24157f}'/><EventID>261</EventID><Version>0</Version><Level>4</Level><Task>0</Task><Opcode>0</Opcode><Keywords>0x1000000000000000</Keywords><TimeCreated SystemTime='2023-03-19T08:12:43.705311900Z'/><EventRecordID>2357</EventRecordID><Correlation ActivityID='{f4208f17-15d6-462b-85e7-3f498f790000}'/><Execution ProcessID='988' ThreadID='1948'/><Channel>Microsoft-Windows-TerminalServices-RemoteConnectionManager/Operational</Channel><Computer>AttackDefense</Computer><Security UserID='S-1-5-20'/></System><UserData><EventXML xmlns='Event_NS'><listenerName>RDP-Tcp</listenerName></EventXML></UserData></Event><Event xmlns='http://schemas.microsoft.com/win/2004/08/events/event'><System><Provider Name='Microsoft-Windows-TerminalServices-RemoteConnectionManager' Guid='{c76baa63-ae81-421c-b425-340b4b24157f}'/><EventID>261</EventID><Version>0</Version><Level>4</Level><Task>0</Task><Opcode>0</Opcode><Keywords>0x1000000000000000</Keywords><TimeCreated SystemTime='2023-03-19T08:12:43.704339300Z'/><EventRecordID>2356</EventRecordID><Correlation ActivityID='{f42001f0-25e0-4494-8751-dac406fe0000}'/><Execution ProcessID='988' ThreadID='1948'/><Channel>Microsoft-Windows-TerminalServices-RemoteConnectionManager/Operational</Channel><Computer>AttackDefense</Computer><Security UserID='S-1-5-20'/></System><UserData><EventXML xmlns='Event_NS'><listenerName>RDP-Tcp</listenerName></EventXML></UserData></Event><Event xmlns='http://schemas.microsoft.com/win/2004/08/events/event'><System><Provider Name='Microsoft-Windows-TerminalServices-RemoteConnectionManager' Guid='{c76baa63-ae81-421c-b425-340b4b24157f}'/><EventID>261</EventID><Version>0</Version><Level>4</Level><Task>0</Task><Opcode>0</Opcode><Keywords>0x1000000000000000</Keywords><TimeCreated SystemTime='2023-03-19T08:12:43.694320700Z'/><EventRecordID>2355</EventRecordID><Correlation ActivityID='{f420e055-584a-42f2-b4b4-23e7a5a20000}'/><Execution ProcessID='988' ThreadID='1948'/><Channel>Microsoft-Windows-TerminalServices-RemoteConnectionManager/Operational</Channel><Computer>AttackDefense</Computer><Security UserID='S-1-5-20'/></System><UserData><EventXML xmlns='Event_NS'><listenerName>RDP-Tcp</listenerName></EventXML></UserData></Event><Event xmlns='http://schemas.microsoft.com/win/2004/08/events/event'><System><Provider Name='Microsoft-Windows-TerminalServices-RemoteConnectionManager' Guid='{c76baa63-ae81-421c-b425-340b4b24157f}'/><EventID>261</EventID><Version>0</Version><Level>4</Level><Task>0</Task><Opcode>0</Opcode><Keywords>0x1000000000000000</Keywords><TimeCreated SystemTime='2023-03-19T08:12:43.582025500Z'/><EventRecordID>2354</EventRecordID><Correlation ActivityID='{f420d500-2b75-4ea0-8e9f-e33e671a0000}'/><Execution ProcessID='988' ThreadID='1948'/><Channel>Microsoft-Windows-TerminalServices-RemoteConnectionManager/Operational</Channel><Computer>AttackDefense</Computer><Security UserID='S-1-5-20'/></System><UserData><EventXML xmlns='Event_NS'><listenerName>RDP-Tcp</listenerName></EventXML></UserData></Event><Event xmlns='http://schemas.microsoft.com/win/2004/08/events/event'><System><Provider Name='Microsoft-Windows-TerminalServices-RemoteConnectionManager' Guid='{c76baa63-ae81-421c-b425-340b4b24157f}'/><EventID>261</EventID><Version>0</Version><Level>4</Level><Task>0</Task><Opcode>0</Opcode><Keywords>0x1000000000000000</Keywords><TimeCreated SystemTime='2023-03-19T08:12:43.294084600Z'/><EventRecordID>2353</EventRecordID><Correlation ActivityID='{f4205fef-bdc8-40ce-b5ae-7bf1f8f60000}'/><Execution ProcessID='988' ThreadID='1948'/><Channel>Microsoft-Windows-TerminalServices-RemoteConnectionManager/Operational</Channel><Computer>AttackDefense</Computer><Security UserID='S-1-5-20'/></System><UserData><EventXML xmlns='Event_NS'><listenerName>RDP-Tcp</listenerName></EventXML></UserData></Event><Event xmlns='http://schemas.microsoft.com/win/2004/08/events/event'><System><Provider Name='Microsoft-Windows-TerminalServices-RemoteConnectionManager' Guid='{c76baa63-ae81-421c-b425-340b4b24157f}'/><EventID>261</EventID><Version>0</Version><Level>4</Level><Task>0</Task><Opcode>0</Opcode><Keywords>0x1000000000000000</Keywords><TimeCreated SystemTime='2023-03-19T08:12:43.287576500Z'/><EventRecordID>2352</EventRecordID><Correlation ActivityID='{f420fda6-84b8-4dc8-a2e5-afab04710000}'/><Execution ProcessID='988' ThreadID='1948'/><Channel>Microsoft-Windows-TerminalServices-RemoteConnectionManager/Operational</Channel><Computer>AttackDefense</Computer><Security UserID='S-1-5-20'/></System><UserData><EventXML xmlns='Event_NS'><listenerName>RDP-Tcp</listenerName></EventXML></UserData></Event><Event xmlns='http://schemas.microsoft.com/win/2004/08/events/event'><System><Provider Name='Microsoft-Windows-TerminalServices-RemoteConnectionManager' Guid='{c76baa63-ae81-421c-b425-340b4b24157f}'/><EventID>261</EventID><Version>0</Version><Level>4</Level><Task>0</Task><Opcode>0</Opcode><Keywords>0x1000000000000000</Keywords><TimeCreated SystemTime='2023-03-19T08:12:43.283072900Z'/><EventRecordID>2351</EventRecordID><Correlation ActivityID='{f42080e8-4edd-417e-88f7-656d791e0000}'/><Execution ProcessID='988' ThreadID='1948'/><Channel>Microsoft-Windows-TerminalServices-RemoteConnectionManager/Operational</Channel><Computer>AttackDefense</Computer><Security UserID='S-1-5-20'/></System><UserData><EventXML xmlns='Event_NS'><listenerName>RDP-Tcp</listenerName></EventXML></UserData></Event><Event xmlns='http://schemas.microsoft.com/win/2004/08/events/event'><System><Provider Name='Microsoft-Windows-TerminalServices-RemoteConnectionManager' Guid='{c76baa63-ae81-421c-b425-340b4b24157f}'/><EventID>261</EventID><Version>0</Version><Level>4</Level><Task>0</Task><Opcode>0</Opcode><Keywords>0x1000000000000000</Keywords><TimeCreated SystemTime='2023-03-19T08:12:43.259354400Z'/><EventRecordID>2350</EventRecordID><Correlation ActivityID='{f420a624-dc39-41d1-9b79-5507dd4e0000}'/><Execution ProcessID='988' ThreadID='1948'/><Channel>Microsoft-Windows-TerminalServices-RemoteConnectionManager/Operational</Channel><Computer>AttackDefense</Computer><Security UserID='S-1-5-20'/></System><UserData><EventXML xmlns='Event_NS'><listenerName>RDP-Tcp</listenerName></EventXML></UserData></Event><Event xmlns='http://schemas.microsoft.com/win/2004/08/events/event'><System><Provider Name='Microsoft-Windows-TerminalServices-RemoteConnectionManager' Guid='{c76baa63-ae81-421c-b425-340b4b24157f}'/><EventID>261</EventID><Version>0</Version><Level>4</Level><Task>0</Task><Opcode>0</Opcode><Keywords>0x1000000000000000</Keywords><TimeCreated SystemTime='2023-03-19T08:12:42.890021200Z'/><EventRecordID>2349</EventRecordID><Correlation ActivityID='{f42011c5-5ff3-456f-bfcc-0e2037ec0000}'/><Execution ProcessID='988' ThreadID='1948'/><Channel>Microsoft-Windows-TerminalServices-RemoteConnectionManager/Operational</Channel><Computer>AttackDefense</Computer><Security UserID='S-1-5-20'/></System><UserData><EventXML xmlns='Event_NS'><listenerName>RDP-Tcp</listenerName></EventXML></UserData></Event><Event xmlns='http://schemas.microsoft.com/win/2004/08/events/event'><System><Provider Name='Microsoft-Windows-TerminalServices-RemoteConnectionManager' Guid='{c76baa63-ae81-421c-b425-340b4b24157f}'/><EventID>261</EventID><Version>0</Version><Level>4</Level><Task>0</Task><Opcode>0</Opcode><Keywords>0x1000000000000000</Keywords><TimeCreated SystemTime='2023-03-19T08:12:42.888801600Z'/><EventRecordID>2348</EventRecordID><Correlation ActivityID='{f4206d4f-d4b4-4231-9c56-4c99c53f0000}'/><Execution ProcessID='988' ThreadID='1948'/><Channel>Microsoft-Windows-TerminalServices-RemoteConnectionManager/Operational</Channel><Computer>AttackDefense</Computer><Security UserID='S-1-5-20'/></System><UserData><EventXML xmlns='Event_NS'><listenerName>RDP-Tcp</listenerName></EventXML></UserData></Event><Event xmlns='http://schemas.microsoft.com/win/2004/08/events/event'><System><Provider Name='Microsoft-Windows-TerminalServices-RemoteConnectionManager' Guid='{c76baa63-ae81-421c-b425-340b4b24157f}'/><EventID>261</EventID><Version>0</Version><Level>4</Level><Task>0</Task><Opcode>0</Opcode><Keywords>0x1000000000000000</Keywords><TimeCreated SystemTime='2023-03-19T08:12:42.887725400Z'/><EventRecordID>2347</EventRecordID><Correlation ActivityID='{f420fca6-b589-4fd7-893e-471ee92d0000}'/><Execution ProcessID='988' ThreadID='1948'/><Channel>Microsoft-Windows-TerminalServices-RemoteConnectionManager/Operational</Channel><Computer>AttackDefense</Computer><Security UserID='S-1-5-20'/></System><UserData><EventXML xmlns='Event_NS'><listenerName>RDP-Tcp</listenerName></EventXML></UserData></Event><Event xmlns='http://schemas.microsoft.com/win/2004/08/events/event'><System><Provider Name='Microsoft-Windows-TerminalServices-RemoteConnectionManager' Guid='{c76baa63-ae81-421c-b425-340b4b24157f}'/><EventID>261</EventID><Version>0</Version><Level>4</Level><Task>0</Task><Opcode>0</Opcode><Keywords>0x1000000000000000</Keywords><TimeCreated SystemTime='2023-03-19T08:12:42.863160000Z'/><EventRecordID>2346</EventRecordID><Correlation ActivityID='{f420325e-c00d-4c26-8f9d-92a4b78c0000}'/><Execution ProcessID='988' ThreadID='1948'/><Channel>Microsoft-Windows-TerminalServices-RemoteConnectionManager/Operational</Channel><Computer>AttackDefense</Computer><Security UserID='S-1-5-20'/></System><UserData><EventXML xmlns='Event_NS'><listenerName>RDP-Tcp</listenerName></EventXML></UserData></Event><Event xmlns='http://schemas.microsoft.com/win/2004/08/events/event'><System><Provider Name='Microsoft-Windows-TerminalServices-RemoteConnectionManager' Guid='{c76baa63-ae81-421c-b425-340b4b24157f}'/><EventID>261</EventID><Version>0</Version><Level>4</Level><Task>0</Task><Opcode>0</Opcode><Keywords>0x1000000000000000</Keywords><TimeCreated SystemTime='2023-03-19T08:12:42.488114300Z'/><EventRecordID>2345</EventRecordID><Correlation ActivityID='{f420d32a-cc02-4614-961e-9b34ee780000}'/><Execution ProcessID='988' ThreadID='1948'/><Channel>Microsoft-Windows-TerminalServices-RemoteConnectionManager/Operational</Channel><Computer>AttackDefense</Computer><Security UserID='S-1-5-20'/></System><UserData><EventXML xmlns='Event_NS'><listenerName>RDP-Tcp</listenerName></EventXML></UserData></Event><Event xmlns='http://schemas.microsoft.com/win/2004/08/events/event'><System><Provider Name='Microsoft-Windows-TerminalServices-RemoteConnectionManager' Guid='{c76baa63-ae81-421c-b425-340b4b24157f}'/><EventID>261</EventID><Version>0</Version><Level>4</Level><Task>0</Task><Opcode>0</Opcode><Keywords>0x1000000000000000</Keywords><TimeCreated SystemTime='2023-03-19T08:12:42.487151700Z'/><EventRecordID>2344</EventRecordID><Correlation ActivityID='{f4204f8e-4588-42bf-ae0e-ed6a25270000}'/><Execution ProcessID='988' ThreadID='1948'/><Channel>Microsoft-Windows-TerminalServices-RemoteConnectionManager/Operational</Channel><Computer>AttackDefense</Computer><Security UserID='S-1-5-20'/></System><UserData><EventXML xmlns='Event_NS'><listenerName>RDP-Tcp</listenerName></EventXML></UserData></Event><Event xmlns='http://schemas.microsoft.com/win/2004/08/events/event'><System><Provider Name='Microsoft-Windows-TerminalServices-RemoteConnectionManager' Guid='{c76baa63-ae81-421c-b425-340b4b24157f}'/><EventID>261</EventID><Version>0</Version><Level>4</Level><Task>0</Task><Opcode>0</Opcode><Keywords>0x1000000000000000</Keywords><TimeCreated SystemTime='2023-03-19T08:12:42.482094800Z'/><EventRecordID>2343</EventRecordID><Correlation ActivityID='{f4209214-a27e-41b0-ab3a-5bf1f5b10000}'/><Execution ProcessID='988' ThreadID='1948'/><Channel>Microsoft-Windows-TerminalServices-RemoteConnectionManager/Operational</Channel><Computer>AttackDefense</Computer><Security UserID='S-1-5-20'/></System><UserData><EventXML xmlns='Event_NS'><listenerName>RDP-Tcp</listenerName></EventXML></UserData></Event><Event xmlns='http://schemas.microsoft.com/win/2004/08/events/event'><System><Provider Name='Microsoft-Windows-TerminalServices-RemoteConnectionManager' Guid='{c76baa63-ae81-421c-b425-340b4b24157f}'/><EventID>261</EventID><Version>0</Version><Level>4</Level><Task>0</Task><Opcode>0</Opcode><Keywords>0x1000000000000000</Keywords><TimeCreated SystemTime='2023-03-19T08:12:42.473270400Z'/><EventRecordID>2342</EventRecordID><Correlation ActivityID='{f4209cd8-29e2-4e12-a01e-d3e0840e0000}'/><Execution ProcessID='988' ThreadID='1948'/><Channel>Microsoft-Windows-TerminalServices-RemoteConnectionManager/Operational</Channel><Computer>AttackDefense</Computer><Security UserID='S-1-5-20'/></System><UserData><EventXML xmlns='Event_NS'><listenerName>RDP-Tcp</listenerName></EventXML></UserData></Event><Event xmlns='http://schemas.microsoft.com/win/2004/08/events/event'><System><Provider Name='Microsoft-Windows-TerminalServices-RemoteConnectionManager' Guid='{c76baa63-ae81-421c-b425-340b4b24157f}'/><EventID>261</EventID><Version>0</Version><Level>4</Level><Task>0</Task><Opcode>0</Opcode><Keywords>0x1000000000000000</Keywords><TimeCreated SystemTime='2023-03-19T08:12:42.114096500Z'/><EventRecordID>2341</EventRecordID><Correlation ActivityID='{f420c5be-db0d-4be8-80c6-a8edac750000}'/><Execution ProcessID='988' ThreadID='1948'/><Channel>Microsoft-Windows-TerminalServices-RemoteConnectionManager/Operational</Channel><Computer>AttackDefense</Computer><Security UserID='S-1-5-20'/></System><UserData><EventXML xmlns='Event_NS'><listenerName>RDP-Tcp</listenerName></EventXML></UserData></Event><Event xmlns='http://schemas.microsoft.com/win/2004/08/events/event'><System><Provider Name='Microsoft-Windows-TerminalServices-RemoteConnectionManager' Guid='{c76baa63-ae81-421c-b425-340b4b24157f}'/><EventID>261</EventID><Version>0</Version><Level>4</Level><Task>0</Task><Opcode>0</Opcode><Keywords>0x1000000000000000</Keywords><TimeCreated SystemTime='2023-03-19T08:12:42.112759600Z'/><EventRecordID>2340</EventRecordID><Correlation ActivityID='{f420925c-d7ec-42de-af23-229d3cb20000}'/><Execution ProcessID='988' ThreadID='1948'/><Channel>Microsoft-Windows-TerminalServices-RemoteConnectionManager/Operational</Channel><Computer>AttackDefense</Computer><Security UserID='S-1-5-20'/></System><UserData><EventXML xmlns='Event_NS'><listenerName>RDP-Tcp</listenerName></EventXML></UserData></Event><Event xmlns='http://schemas.microsoft.com/win/2004/08/events/event'><System><Provider Name='Microsoft-Windows-TerminalServices-RemoteConnectionManager' Guid='{c76baa63-ae81-421c-b425-340b4b24157f}'/><EventID>261</EventID><Version>0</Version><Level>4</Level><Task>0</Task><Opcode>0</Opcode><Keywords>0x1000000000000000</Keywords><TimeCreated SystemTime='2023-03-19T08:12:42.111724100Z'/><EventRecordID>2339</EventRecordID><Correlation ActivityID='{f420c1b3-5de0-4080-b6b8-87683d070000}'/><Execution ProcessID='988' ThreadID='1948'/><Channel>Microsoft-Windows-TerminalServices-RemoteConnectionManager/Operational</Channel><Computer>AttackDefense</Computer><Security UserID='S-1-5-20'/></System><UserData><EventXML xmlns='Event_NS'><listenerName>RDP-Tcp</listenerName></EventXML></UserData></Event><Event xmlns='http://schemas.microsoft.com/win/2004/08/events/event'><System><Provider Name='Microsoft-Windows-TerminalServices-RemoteConnectionManager' Guid='{c76baa63-ae81-421c-b425-340b4b24157f}'/><EventID>261</EventID><Version>0</Version><Level>4</Level><Task>0</Task><Opcode>0</Opcode><Keywords>0x1000000000000000</Keywords><TimeCreated SystemTime='2023-03-19T08:12:42.110389700Z'/><EventRecordID>2338</EventRecordID><Correlation ActivityID='{f4209fe1-2689-4f57-b7ac-16ca419b0000}'/><Execution ProcessID='988' ThreadID='1948'/><Channel>Microsoft-Windows-TerminalServices-RemoteConnectionManager/Operational</Channel><Computer>AttackDefense</Computer><Security UserID='S-1-5-20'/></System><UserData><EventXML xmlns='Event_NS'><listenerName>RDP-Tcp</listenerName></EventXML></UserData></Event></Events>