﻿<?xml version="1.0" encoding="utf-8" standalone="yes"?>
<Events><Event xmlns='http://schemas.microsoft.com/win/2004/08/events/event'><System><Provider Name='Microsoft-Windows-Sysmon' Guid='{5770385f-c22a-43e0-bf4c-06f5698ffbd9}'/><EventID>11</EventID><Version>2</Version><Level>4</Level><Task>11</Task><Opcode>0</Opcode><Keywords>0x8000000000000000</Keywords><TimeCreated SystemTime='2023-04-18T18:22:28.021830400Z'/><EventRecordID>2740</EventRecordID><Correlation/><Execution ProcessID='2632' ThreadID='3376'/><Channel>Microsoft-Windows-Sysmon/Operational</Channel><Computer>AttackDefense</Computer><Security UserID='S-1-5-18'/></System><EventData><Data Name='RuleName'>-</Data><Data Name='UtcTime'>2023-04-18 18:22:28.011</Data><Data Name='ProcessGuid'>{221ce7aa-de72-643e-a300-00000000de00}</Data><Data Name='ProcessId'>3464</Data><Data Name='Image'>C:\Windows\system32\mmc.exe</Data><Data Name='TargetFilename'>C:\Users\Administrator\Desktop\impacket-psexec-sysmon.xml</Data><Data Name='CreationUtcTime'>2023-04-18 18:22:28.011</Data><Data Name='User'>ATTACKDEFENSE\Administrator</Data></EventData></Event><Event xmlns='http://schemas.microsoft.com/win/2004/08/events/event'><System><Provider Name='Microsoft-Windows-Sysmon' Guid='{5770385f-c22a-43e0-bf4c-06f5698ffbd9}'/><EventID>11</EventID><Version>2</Version><Level>4</Level><Task>11</Task><Opcode>0</Opcode><Keywords>0x8000000000000000</Keywords><TimeCreated SystemTime='2023-04-18T18:21:35.076219200Z'/><EventRecordID>2739</EventRecordID><Correlation/><Execution ProcessID='2632' ThreadID='3376'/><Channel>Microsoft-Windows-Sysmon/Operational</Channel><Computer>AttackDefense</Computer><Security UserID='S-1-5-18'/></System><EventData><Data Name='RuleName'>technique_id=T1047,technique_name=File System Permissions Weakness</Data><Data Name='UtcTime'>2023-04-18 18:21:35.073</Data><Data Name='ProcessGuid'>{221ce7aa-ddce-643e-1900-00000000de00}</Data><Data Name='ProcessId'>816</Data><Data Name='Image'>C:\Windows\System32\svchost.exe</Data><Data Name='TargetFilename'>C:\Windows\ServiceState\EventLog\Data\lastalive0.dat</Data><Data Name='CreationUtcTime'>2023-04-18 18:13:35.010</Data><Data Name='User'>NT AUTHORITY\LOCAL SERVICE</Data></EventData></Event><Event xmlns='http://schemas.microsoft.com/win/2004/08/events/event'><System><Provider Name='Microsoft-Windows-Sysmon' Guid='{5770385f-c22a-43e0-bf4c-06f5698ffbd9}'/><EventID>12</EventID><Version>2</Version><Level>4</Level><Task>12</Task><Opcode>0</Opcode><Keywords>0x8000000000000000</Keywords><TimeCreated SystemTime='2023-04-18T18:21:25.824888800Z'/><EventRecordID>2738</EventRecordID><Correlation/><Execution ProcessID='2632' ThreadID='3376'/><Channel>Microsoft-Windows-Sysmon/Operational</Channel><Computer>AttackDefense</Computer><Security UserID='S-1-5-18'/></System><EventData><Data Name='RuleName'>technique_id=T1543,technique_name=Service Creation</Data><Data Name='EventType'>DeleteKey</Data><Data Name='UtcTime'>2023-04-18 18:21:25.819</Data><Data Name='ProcessGuid'>{221ce7aa-ddcb-643e-0b00-00000000de00}</Data><Data Name='ProcessId'>572</Data><Data Name='Image'>C:\Windows\system32\services.exe</Data><Data Name='TargetObject'>HKLM\System\CurrentControlSet\Services\gqFx</Data><Data Name='User'>NT AUTHORITY\SYSTEM</Data></EventData></Event><Event xmlns='http://schemas.microsoft.com/win/2004/08/events/event'><System><Provider Name='Microsoft-Windows-Sysmon' Guid='{5770385f-c22a-43e0-bf4c-06f5698ffbd9}'/><EventID>13</EventID><Version>2</Version><Level>4</Level><Task>13</Task><Opcode>0</Opcode><Keywords>0x8000000000000000</Keywords><TimeCreated SystemTime='2023-04-18T18:21:25.808532000Z'/><EventRecordID>2737</EventRecordID><Correlation/><Execution ProcessID='2632' ThreadID='3376'/><Channel>Microsoft-Windows-Sysmon/Operational</Channel><Computer>AttackDefense</Computer><Security UserID='S-1-5-18'/></System><EventData><Data Name='RuleName'>-</Data><Data Name='EventType'>SetValue</Data><Data Name='UtcTime'>2023-04-18 18:21:25.803</Data><Data Name='ProcessGuid'>{221ce7aa-ddcb-643e-0b00-00000000de00}</Data><Data Name='ProcessId'>572</Data><Data Name='Image'>C:\Windows\system32\services.exe</Data><Data Name='TargetObject'>HKLM\System\CurrentControlSet\Services\gqFx\Start</Data><Data Name='Details'>DWORD (0x00000004)</Data><Data Name='User'>NT AUTHORITY\SYSTEM</Data></EventData></Event><Event xmlns='http://schemas.microsoft.com/win/2004/08/events/event'><System><Provider Name='Microsoft-Windows-Sysmon' Guid='{5770385f-c22a-43e0-bf4c-06f5698ffbd9}'/><EventID>13</EventID><Version>2</Version><Level>4</Level><Task>13</Task><Opcode>0</Opcode><Keywords>0x8000000000000000</Keywords><TimeCreated SystemTime='2023-04-18T18:21:25.808429100Z'/><EventRecordID>2736</EventRecordID><Correlation/><Execution ProcessID='2632' ThreadID='3376'/><Channel>Microsoft-Windows-Sysmon/Operational</Channel><Computer>AttackDefense</Computer><Security UserID='S-1-5-18'/></System><EventData><Data Name='RuleName'>technique_id=T1543,technique_name=Service Creation</Data><Data Name='EventType'>SetValue</Data><Data Name='UtcTime'>2023-04-18 18:21:25.803</Data><Data Name='ProcessGuid'>{221ce7aa-ddcb-643e-0b00-00000000de00}</Data><Data Name='ProcessId'>572</Data><Data Name='Image'>C:\Windows\system32\services.exe</Data><Data Name='TargetObject'>HKLM\System\CurrentControlSet\Services\gqFx\DeleteFlag</Data><Data Name='Details'>DWORD (0x00000001)</Data><Data Name='User'>NT AUTHORITY\SYSTEM</Data></EventData></Event><Event xmlns='http://schemas.microsoft.com/win/2004/08/events/event'><System><Provider Name='Microsoft-Windows-Sysmon' Guid='{5770385f-c22a-43e0-bf4c-06f5698ffbd9}'/><EventID>11</EventID><Version>2</Version><Level>4</Level><Task>11</Task><Opcode>0</Opcode><Keywords>0x8000000000000000</Keywords><TimeCreated SystemTime='2023-04-18T18:20:35.066336300Z'/><EventRecordID>2735</EventRecordID><Correlation/><Execution ProcessID='2632' ThreadID='3376'/><Channel>Microsoft-Windows-Sysmon/Operational</Channel><Computer>AttackDefense</Computer><Security UserID='S-1-5-18'/></System><EventData><Data Name='RuleName'>technique_id=T1047,technique_name=File System Permissions Weakness</Data><Data Name='UtcTime'>2023-04-18 18:20:35.065</Data><Data Name='ProcessGuid'>{221ce7aa-ddce-643e-1900-00000000de00}</Data><Data Name='ProcessId'>816</Data><Data Name='Image'>C:\Windows\System32\svchost.exe</Data><Data Name='TargetFilename'>C:\Windows\ServiceState\EventLog\Data\lastalive1.dat</Data><Data Name='CreationUtcTime'>2023-04-18 18:14:35.012</Data><Data Name='User'>NT AUTHORITY\LOCAL SERVICE</Data></EventData></Event><Event xmlns='http://schemas.microsoft.com/win/2004/08/events/event'><System><Provider Name='Microsoft-Windows-Sysmon' Guid='{5770385f-c22a-43e0-bf4c-06f5698ffbd9}'/><EventID>22</EventID><Version>5</Version><Level>4</Level><Task>22</Task><Opcode>0</Opcode><Keywords>0x8000000000000000</Keywords><TimeCreated SystemTime='2023-04-18T18:19:56.440082500Z'/><EventRecordID>2734</EventRecordID><Correlation/><Execution ProcessID='2632' ThreadID='3400'/><Channel>Microsoft-Windows-Sysmon/Operational</Channel><Computer>AttackDefense</Computer><Security UserID='S-1-5-18'/></System><EventData><Data Name='RuleName'>-</Data><Data Name='UtcTime'>2023-04-18 18:19:54.416</Data><Data Name='ProcessGuid'>{221ce7aa-ddd0-643e-3900-00000000de00}</Data><Data Name='ProcessId'>2428</Data><Data Name='QueryName'>ssm.ap-southeast-1.amazonaws.com</Data><Data Name='QueryStatus'>0</Data><Data Name='QueryResults'>::ffff:10.0.24.176;</Data><Data Name='Image'>C:\Program Files\Amazon\SSM\amazon-ssm-agent.exe</Data><Data Name='User'>NT AUTHORITY\SYSTEM</Data></EventData></Event><Event xmlns='http://schemas.microsoft.com/win/2004/08/events/event'><System><Provider Name='Microsoft-Windows-Sysmon' Guid='{5770385f-c22a-43e0-bf4c-06f5698ffbd9}'/><EventID>7</EventID><Version>3</Version><Level>4</Level><Task>7</Task><Opcode>0</Opcode><Keywords>0x8000000000000000</Keywords><TimeCreated SystemTime='2023-04-18T18:19:54.396941100Z'/><EventRecordID>2733</EventRecordID><Correlation/><Execution ProcessID='2632' ThreadID='3376'/><Channel>Microsoft-Windows-Sysmon/Operational</Channel><Computer>AttackDefense</Computer><Security UserID='S-1-5-18'/></System><EventData><Data Name='RuleName'>technique_id=T1047,technique_name=Windows Management Instrumentation</Data><Data Name='UtcTime'>2023-04-18 18:19:54.388</Data><Data Name='ProcessGuid'>{221ce7aa-df4a-643e-c300-00000000de00}</Data><Data Name='ProcessId'>2980</Data><Data Name='Image'>C:\Windows\System32\wbem\WMIC.exe</Data><Data Name='ImageLoaded'>C:\Windows\System32\wbem\wmiutils.dll</Data><Data Name='FileVersion'>10.0.17763.1 (WinBuild.160101.0800)</Data><Data Name='Description'>WMI</Data><Data Name='Product'>Microsoft® Windows® Operating System</Data><Data Name='Company'>Microsoft Corporation</Data><Data Name='OriginalFileName'>wmiutils.dll</Data><Data Name='Hashes'>SHA1=2E6A63BC5189CA5DF3E85CDF58593F3DF3935DE6,MD5=A081AAD3A296EB414CB6839B744C67C9,SHA256=3D77E7769CFC8B4A1098E9A1F2BDE4432A6A70253EA6C2A58C8F8403A9038288,IMPHASH=0D31E6D27B954AD879CB4DF742982F1A</Data><Data Name='Signed'>true</Data><Data Name='Signature'>Microsoft Windows</Data><Data Name='SignatureStatus'>Valid</Data><Data Name='User'>NT AUTHORITY\SYSTEM</Data></EventData></Event><Event xmlns='http://schemas.microsoft.com/win/2004/08/events/event'><System><Provider Name='Microsoft-Windows-Sysmon' Guid='{5770385f-c22a-43e0-bf4c-06f5698ffbd9}'/><EventID>7</EventID><Version>3</Version><Level>4</Level><Task>7</Task><Opcode>0</Opcode><Keywords>0x8000000000000000</Keywords><TimeCreated SystemTime='2023-04-18T18:19:54.374551000Z'/><EventRecordID>2732</EventRecordID><Correlation/><Execution ProcessID='2632' ThreadID='3376'/><Channel>Microsoft-Windows-Sysmon/Operational</Channel><Computer>AttackDefense</Computer><Security UserID='S-1-5-18'/></System><EventData><Data Name='RuleName'>-</Data><Data Name='UtcTime'>2023-04-18 18:19:54.368</Data><Data Name='ProcessGuid'>{221ce7aa-df4a-643e-c300-00000000de00}</Data><Data Name='ProcessId'>2980</Data><Data Name='Image'>C:\Windows\System32\wbem\WMIC.exe</Data><Data Name='ImageLoaded'>C:\Windows\System32\urlmon.dll</Data><Data Name='FileVersion'>11.00.17763.1217 (WinBuild.160101.0800)</Data><Data Name='Description'>OLE32 Extensions for Win32</Data><Data Name='Product'>Internet Explorer</Data><Data Name='Company'>Microsoft Corporation</Data><Data Name='OriginalFileName'>UrlMon.dll</Data><Data Name='Hashes'>SHA1=E432A543F7F4C6B7335CE407A8F0CA23A3A347FC,MD5=971E44E873F2F0A97800AC690A0FEE66,SHA256=509AFDB2FE300E124A39D9C5B18192E0B494F07C2C10FE1266B8389FD965EF09,IMPHASH=F581F0554436F969D8C3BE6DA288E064</Data><Data Name='Signed'>true</Data><Data Name='Signature'>Microsoft Windows</Data><Data Name='SignatureStatus'>Valid</Data><Data Name='User'>NT AUTHORITY\SYSTEM</Data></EventData></Event><Event xmlns='http://schemas.microsoft.com/win/2004/08/events/event'><System><Provider Name='Microsoft-Windows-Sysmon' Guid='{5770385f-c22a-43e0-bf4c-06f5698ffbd9}'/><EventID>7</EventID><Version>3</Version><Level>4</Level><Task>7</Task><Opcode>0</Opcode><Keywords>0x8000000000000000</Keywords><TimeCreated SystemTime='2023-04-18T18:19:54.294939500Z'/><EventRecordID>2731</EventRecordID><Correlation/><Execution ProcessID='2632' ThreadID='3376'/><Channel>Microsoft-Windows-Sysmon/Operational</Channel><Computer>AttackDefense</Computer><Security UserID='S-1-5-18'/></System><EventData><Data Name='RuleName'>technique_id=T1047,technique_name=Windows Management Instrumentation</Data><Data Name='UtcTime'>2023-04-18 18:19:54.290</Data><Data Name='ProcessGuid'>{221ce7aa-df4a-643e-c100-00000000de00}</Data><Data Name='ProcessId'>684</Data><Data Name='Image'>C:\Windows\System32\wbem\WMIC.exe</Data><Data Name='ImageLoaded'>C:\Windows\System32\wbem\wmiutils.dll</Data><Data Name='FileVersion'>10.0.17763.1 (WinBuild.160101.0800)</Data><Data Name='Description'>WMI</Data><Data Name='Product'>Microsoft® Windows® Operating System</Data><Data Name='Company'>Microsoft Corporation</Data><Data Name='OriginalFileName'>wmiutils.dll</Data><Data Name='Hashes'>SHA1=2E6A63BC5189CA5DF3E85CDF58593F3DF3935DE6,MD5=A081AAD3A296EB414CB6839B744C67C9,SHA256=3D77E7769CFC8B4A1098E9A1F2BDE4432A6A70253EA6C2A58C8F8403A9038288,IMPHASH=0D31E6D27B954AD879CB4DF742982F1A</Data><Data Name='Signed'>true</Data><Data Name='Signature'>Microsoft Windows</Data><Data Name='SignatureStatus'>Valid</Data><Data Name='User'>NT AUTHORITY\SYSTEM</Data></EventData></Event><Event xmlns='http://schemas.microsoft.com/win/2004/08/events/event'><System><Provider Name='Microsoft-Windows-Sysmon' Guid='{5770385f-c22a-43e0-bf4c-06f5698ffbd9}'/><EventID>7</EventID><Version>3</Version><Level>4</Level><Task>7</Task><Opcode>0</Opcode><Keywords>0x8000000000000000</Keywords><TimeCreated SystemTime='2023-04-18T18:19:54.271675900Z'/><EventRecordID>2730</EventRecordID><Correlation/><Execution ProcessID='2632' ThreadID='3376'/><Channel>Microsoft-Windows-Sysmon/Operational</Channel><Computer>AttackDefense</Computer><Security UserID='S-1-5-18'/></System><EventData><Data Name='RuleName'>-</Data><Data Name='UtcTime'>2023-04-18 18:19:54.270</Data><Data Name='ProcessGuid'>{221ce7aa-df4a-643e-c100-00000000de00}</Data><Data Name='ProcessId'>684</Data><Data Name='Image'>C:\Windows\System32\wbem\WMIC.exe</Data><Data Name='ImageLoaded'>C:\Windows\System32\urlmon.dll</Data><Data Name='FileVersion'>11.00.17763.1217 (WinBuild.160101.0800)</Data><Data Name='Description'>OLE32 Extensions for Win32</Data><Data Name='Product'>Internet Explorer</Data><Data Name='Company'>Microsoft Corporation</Data><Data Name='OriginalFileName'>UrlMon.dll</Data><Data Name='Hashes'>SHA1=E432A543F7F4C6B7335CE407A8F0CA23A3A347FC,MD5=971E44E873F2F0A97800AC690A0FEE66,SHA256=509AFDB2FE300E124A39D9C5B18192E0B494F07C2C10FE1266B8389FD965EF09,IMPHASH=F581F0554436F969D8C3BE6DA288E064</Data><Data Name='Signed'>true</Data><Data Name='Signature'>Microsoft Windows</Data><Data Name='SignatureStatus'>Valid</Data><Data Name='User'>NT AUTHORITY\SYSTEM</Data></EventData></Event><Event xmlns='http://schemas.microsoft.com/win/2004/08/events/event'><System><Provider Name='Microsoft-Windows-Sysmon' Guid='{5770385f-c22a-43e0-bf4c-06f5698ffbd9}'/><EventID>7</EventID><Version>3</Version><Level>4</Level><Task>7</Task><Opcode>0</Opcode><Keywords>0x8000000000000000</Keywords><TimeCreated SystemTime='2023-04-18T18:19:54.170248600Z'/><EventRecordID>2729</EventRecordID><Correlation/><Execution ProcessID='2632' ThreadID='3376'/><Channel>Microsoft-Windows-Sysmon/Operational</Channel><Computer>AttackDefense</Computer><Security UserID='S-1-5-18'/></System><EventData><Data Name='RuleName'>technique_id=T1047,technique_name=Windows Management Instrumentation</Data><Data Name='UtcTime'>2023-04-18 18:19:54.169</Data><Data Name='ProcessGuid'>{221ce7aa-df4a-643e-bf00-00000000de00}</Data><Data Name='ProcessId'>3936</Data><Data Name='Image'>C:\Windows\System32\wbem\WMIC.exe</Data><Data Name='ImageLoaded'>C:\Windows\System32\wbem\wmiutils.dll</Data><Data Name='FileVersion'>10.0.17763.1 (WinBuild.160101.0800)</Data><Data Name='Description'>WMI</Data><Data Name='Product'>Microsoft® Windows® Operating System</Data><Data Name='Company'>Microsoft Corporation</Data><Data Name='OriginalFileName'>wmiutils.dll</Data><Data Name='Hashes'>SHA1=2E6A63BC5189CA5DF3E85CDF58593F3DF3935DE6,MD5=A081AAD3A296EB414CB6839B744C67C9,SHA256=3D77E7769CFC8B4A1098E9A1F2BDE4432A6A70253EA6C2A58C8F8403A9038288,IMPHASH=0D31E6D27B954AD879CB4DF742982F1A</Data><Data Name='Signed'>true</Data><Data Name='Signature'>Microsoft Windows</Data><Data Name='SignatureStatus'>Valid</Data><Data Name='User'>NT AUTHORITY\SYSTEM</Data></EventData></Event><Event xmlns='http://schemas.microsoft.com/win/2004/08/events/event'><System><Provider Name='Microsoft-Windows-Sysmon' Guid='{5770385f-c22a-43e0-bf4c-06f5698ffbd9}'/><EventID>7</EventID><Version>3</Version><Level>4</Level><Task>7</Task><Opcode>0</Opcode><Keywords>0x8000000000000000</Keywords><TimeCreated SystemTime='2023-04-18T18:19:54.123852700Z'/><EventRecordID>2728</EventRecordID><Correlation/><Execution ProcessID='2632' ThreadID='3376'/><Channel>Microsoft-Windows-Sysmon/Operational</Channel><Computer>AttackDefense</Computer><Security UserID='S-1-5-18'/></System><EventData><Data Name='RuleName'>-</Data><Data Name='UtcTime'>2023-04-18 18:19:54.115</Data><Data Name='ProcessGuid'>{221ce7aa-df4a-643e-bf00-00000000de00}</Data><Data Name='ProcessId'>3936</Data><Data Name='Image'>C:\Windows\System32\wbem\WMIC.exe</Data><Data Name='ImageLoaded'>C:\Windows\System32\urlmon.dll</Data><Data Name='FileVersion'>11.00.17763.1217 (WinBuild.160101.0800)</Data><Data Name='Description'>OLE32 Extensions for Win32</Data><Data Name='Product'>Internet Explorer</Data><Data Name='Company'>Microsoft Corporation</Data><Data Name='OriginalFileName'>UrlMon.dll</Data><Data Name='Hashes'>SHA1=E432A543F7F4C6B7335CE407A8F0CA23A3A347FC,MD5=971E44E873F2F0A97800AC690A0FEE66,SHA256=509AFDB2FE300E124A39D9C5B18192E0B494F07C2C10FE1266B8389FD965EF09,IMPHASH=F581F0554436F969D8C3BE6DA288E064</Data><Data Name='Signed'>true</Data><Data Name='Signature'>Microsoft Windows</Data><Data Name='SignatureStatus'>Valid</Data><Data Name='User'>NT AUTHORITY\SYSTEM</Data></EventData></Event><Event xmlns='http://schemas.microsoft.com/win/2004/08/events/event'><System><Provider Name='Microsoft-Windows-Sysmon' Guid='{5770385f-c22a-43e0-bf4c-06f5698ffbd9}'/><EventID>7</EventID><Version>3</Version><Level>4</Level><Task>7</Task><Opcode>0</Opcode><Keywords>0x8000000000000000</Keywords><TimeCreated SystemTime='2023-04-18T18:19:53.978336600Z'/><EventRecordID>2727</EventRecordID><Correlation/><Execution ProcessID='2632' ThreadID='3388'/><Channel>Microsoft-Windows-Sysmon/Operational</Channel><Computer>AttackDefense</Computer><Security UserID='S-1-5-18'/></System><EventData><Data Name='RuleName'>-</Data><Data Name='UtcTime'>2023-04-18 18:19:53.901</Data><Data Name='ProcessGuid'>{221ce7aa-df49-643e-bd00-00000000de00}</Data><Data Name='ProcessId'>4432</Data><Data Name='Image'>C:\Windows\System32\wbem\WMIC.exe</Data><Data Name='ImageLoaded'>C:\Windows\System32\urlmon.dll</Data><Data Name='FileVersion'>11.00.17763.1217 (WinBuild.160101.0800)</Data><Data Name='Description'>OLE32 Extensions for Win32</Data><Data Name='Product'>Internet Explorer</Data><Data Name='Company'>Microsoft Corporation</Data><Data Name='OriginalFileName'>UrlMon.dll</Data><Data Name='Hashes'>SHA1=E432A543F7F4C6B7335CE407A8F0CA23A3A347FC,MD5=971E44E873F2F0A97800AC690A0FEE66,SHA256=509AFDB2FE300E124A39D9C5B18192E0B494F07C2C10FE1266B8389FD965EF09,IMPHASH=F581F0554436F969D8C3BE6DA288E064</Data><Data Name='Signed'>true</Data><Data Name='Signature'>Microsoft Windows</Data><Data Name='SignatureStatus'>Valid</Data><Data Name='User'>NT AUTHORITY\SYSTEM</Data></EventData></Event><Event xmlns='http://schemas.microsoft.com/win/2004/08/events/event'><System><Provider Name='Microsoft-Windows-Sysmon' Guid='{5770385f-c22a-43e0-bf4c-06f5698ffbd9}'/><EventID>7</EventID><Version>3</Version><Level>4</Level><Task>7</Task><Opcode>0</Opcode><Keywords>0x8000000000000000</Keywords><TimeCreated SystemTime='2023-04-18T18:19:53.971484900Z'/><EventRecordID>2726</EventRecordID><Correlation/><Execution ProcessID='2632' ThreadID='3376'/><Channel>Microsoft-Windows-Sysmon/Operational</Channel><Computer>AttackDefense</Computer><Security UserID='S-1-5-18'/></System><EventData><Data Name='RuleName'>technique_id=T1047,technique_name=Windows Management Instrumentation</Data><Data Name='UtcTime'>2023-04-18 18:19:53.958</Data><Data Name='ProcessGuid'>{221ce7aa-df49-643e-bd00-00000000de00}</Data><Data Name='ProcessId'>4432</Data><Data Name='Image'>C:\Windows\System32\wbem\WMIC.exe</Data><Data Name='ImageLoaded'>C:\Windows\System32\wbem\wmiutils.dll</Data><Data Name='FileVersion'>10.0.17763.1 (WinBuild.160101.0800)</Data><Data Name='Description'>WMI</Data><Data Name='Product'>Microsoft® Windows® Operating System</Data><Data Name='Company'>Microsoft Corporation</Data><Data Name='OriginalFileName'>wmiutils.dll</Data><Data Name='Hashes'>SHA1=2E6A63BC5189CA5DF3E85CDF58593F3DF3935DE6,MD5=A081AAD3A296EB414CB6839B744C67C9,SHA256=3D77E7769CFC8B4A1098E9A1F2BDE4432A6A70253EA6C2A58C8F8403A9038288,IMPHASH=0D31E6D27B954AD879CB4DF742982F1A</Data><Data Name='Signed'>true</Data><Data Name='Signature'>Microsoft Windows</Data><Data Name='SignatureStatus'>Valid</Data><Data Name='User'>NT AUTHORITY\SYSTEM</Data></EventData></Event><Event xmlns='http://schemas.microsoft.com/win/2004/08/events/event'><System><Provider Name='Microsoft-Windows-Sysmon' Guid='{5770385f-c22a-43e0-bf4c-06f5698ffbd9}'/><EventID>1</EventID><Version>5</Version><Level>4</Level><Task>1</Task><Opcode>0</Opcode><Keywords>0x8000000000000000</Keywords><TimeCreated SystemTime='2023-04-18T18:19:50.374669800Z'/><EventRecordID>2725</EventRecordID><Correlation/><Execution ProcessID='2632' ThreadID='3376'/><Channel>Microsoft-Windows-Sysmon/Operational</Channel><Computer>AttackDefense</Computer><Security UserID='S-1-5-18'/></System><EventData><Data Name='RuleName'>technique_id=T1033,technique_name=System Owner/User Discovery</Data><Data Name='UtcTime'>2023-04-18 18:19:50.371</Data><Data Name='ProcessGuid'>{221ce7aa-df46-643e-bc00-00000000de00}</Data><Data Name='ProcessId'>4936</Data><Data Name='Image'>C:\Windows\SysWOW64\whoami.exe</Data><Data Name='FileVersion'>10.0.17763.1 (WinBuild.160101.0800)</Data><Data Name='Description'>whoami - displays logged on user information</Data><Data Name='Product'>Microsoft® Windows® Operating System</Data><Data Name='Company'>Microsoft Corporation</Data><Data Name='OriginalFileName'>whoami.exe</Data><Data Name='CommandLine'>whoami</Data><Data Name='CurrentDirectory'>C:\Windows\system32\</Data><Data Name='User'>NT AUTHORITY\SYSTEM</Data><Data Name='LogonGuid'>{221ce7aa-ddcc-643e-e703-000000000000}</Data><Data Name='LogonId'>0x3e7</Data><Data Name='TerminalSessionId'>0</Data><Data Name='IntegrityLevel'>System</Data><Data Name='Hashes'>SHA1=00569E99B388E3A170051CC93F94C6D0A5AFDE5C,MD5=B17EB327F33729DB69E97F0A09839EE7,SHA256=075FA41E449213910F6D45F5713FEF8ED71EA913C1EBE594407894141F103D64,IMPHASH=E91037BB26500603D5EE8666BA6C2510</Data><Data Name='ParentProcessGuid'>{221ce7aa-df42-643e-ba00-00000000de00}</Data><Data Name='ParentProcessId'>4476</Data><Data Name='ParentImage'>C:\Windows\SysWOW64\cmd.exe</Data><Data Name='ParentCommandLine'>cmd.exe</Data><Data Name='ParentUser'>NT AUTHORITY\SYSTEM</Data></EventData></Event><Event xmlns='http://schemas.microsoft.com/win/2004/08/events/event'><System><Provider Name='Microsoft-Windows-Sysmon' Guid='{5770385f-c22a-43e0-bf4c-06f5698ffbd9}'/><EventID>1</EventID><Version>5</Version><Level>4</Level><Task>1</Task><Opcode>0</Opcode><Keywords>0x8000000000000000</Keywords><TimeCreated SystemTime='2023-04-18T18:19:46.842135200Z'/><EventRecordID>2724</EventRecordID><Correlation/><Execution ProcessID='2632' ThreadID='3376'/><Channel>Microsoft-Windows-Sysmon/Operational</Channel><Computer>AttackDefense</Computer><Security UserID='S-1-5-18'/></System><EventData><Data Name='RuleName'>technique_id=T1059,technique_name=Command-Line Interface</Data><Data Name='UtcTime'>2023-04-18 18:19:46.835</Data><Data Name='ProcessGuid'>{221ce7aa-df42-643e-ba00-00000000de00}</Data><Data Name='ProcessId'>4476</Data><Data Name='Image'>C:\Windows\SysWOW64\cmd.exe</Data><Data Name='FileVersion'>10.0.17763.592 (WinBuild.160101.0800)</Data><Data Name='Description'>Windows Command Processor</Data><Data Name='Product'>Microsoft® Windows® Operating System</Data><Data Name='Company'>Microsoft Corporation</Data><Data Name='OriginalFileName'>Cmd.Exe</Data><Data Name='CommandLine'>cmd.exe</Data><Data Name='CurrentDirectory'>C:\Windows\system32\</Data><Data Name='User'>NT AUTHORITY\SYSTEM</Data><Data Name='LogonGuid'>{221ce7aa-ddcc-643e-e703-000000000000}</Data><Data Name='LogonId'>0x3e7</Data><Data Name='TerminalSessionId'>0</Data><Data Name='IntegrityLevel'>System</Data><Data Name='Hashes'>SHA1=E2EAD0993B917E1828A658ADA0B87E01D5B8424F,MD5=C43699F84A68608E7E57C43B7761BBB8,SHA256=2EDB180274A51C83DDF8414D99E90315A9047B18C51DFD070326214D4DA59651,IMPHASH=392B4D61B1D1DADC1F06444DF258188A</Data><Data Name='ParentProcessGuid'>{221ce7aa-df42-643e-b900-00000000de00}</Data><Data Name='ParentProcessId'>4852</Data><Data Name='ParentImage'>C:\Windows\JRNciKJv.exe</Data><Data Name='ParentCommandLine'>C:\Windows\JRNciKJv.exe</Data><Data Name='ParentUser'>NT AUTHORITY\SYSTEM</Data></EventData></Event><Event xmlns='http://schemas.microsoft.com/win/2004/08/events/event'><System><Provider Name='Microsoft-Windows-Sysmon' Guid='{5770385f-c22a-43e0-bf4c-06f5698ffbd9}'/><EventID>17</EventID><Version>1</Version><Level>4</Level><Task>17</Task><Opcode>0</Opcode><Keywords>0x8000000000000000</Keywords><TimeCreated SystemTime='2023-04-18T18:19:46.738436700Z'/><EventRecordID>2723</EventRecordID><Correlation/><Execution ProcessID='2632' ThreadID='3376'/><Channel>Microsoft-Windows-Sysmon/Operational</Channel><Computer>AttackDefense</Computer><Security UserID='S-1-5-18'/></System><EventData><Data Name='RuleName'>-</Data><Data Name='EventType'>CreatePipe</Data><Data Name='UtcTime'>2023-04-18 18:19:46.725</Data><Data Name='ProcessGuid'>{221ce7aa-df42-643e-b900-00000000de00}</Data><Data Name='ProcessId'>4852</Data><Data Name='PipeName'>\RemCom_stdinxARg342</Data><Data Name='Image'>C:\Windows\JRNciKJv.exe</Data><Data Name='User'>NT AUTHORITY\SYSTEM</Data></EventData></Event><Event xmlns='http://schemas.microsoft.com/win/2004/08/events/event'><System><Provider Name='Microsoft-Windows-Sysmon' Guid='{5770385f-c22a-43e0-bf4c-06f5698ffbd9}'/><EventID>17</EventID><Version>1</Version><Level>4</Level><Task>17</Task><Opcode>0</Opcode><Keywords>0x8000000000000000</Keywords><TimeCreated SystemTime='2023-04-18T18:19:46.738408900Z'/><EventRecordID>2722</EventRecordID><Correlation/><Execution ProcessID='2632' ThreadID='3376'/><Channel>Microsoft-Windows-Sysmon/Operational</Channel><Computer>AttackDefense</Computer><Security UserID='S-1-5-18'/></System><EventData><Data Name='RuleName'>-</Data><Data Name='EventType'>CreatePipe</Data><Data Name='UtcTime'>2023-04-18 18:19:46.725</Data><Data Name='ProcessGuid'>{221ce7aa-df42-643e-b900-00000000de00}</Data><Data Name='ProcessId'>4852</Data><Data Name='PipeName'>\RemCom_stderrxARg342</Data><Data Name='Image'>C:\Windows\JRNciKJv.exe</Data><Data Name='User'>NT AUTHORITY\SYSTEM</Data></EventData></Event><Event xmlns='http://schemas.microsoft.com/win/2004/08/events/event'><System><Provider Name='Microsoft-Windows-Sysmon' Guid='{5770385f-c22a-43e0-bf4c-06f5698ffbd9}'/><EventID>17</EventID><Version>1</Version><Level>4</Level><Task>17</Task><Opcode>0</Opcode><Keywords>0x8000000000000000</Keywords><TimeCreated SystemTime='2023-04-18T18:19:46.738336000Z'/><EventRecordID>2721</EventRecordID><Correlation/><Execution ProcessID='2632' ThreadID='3376'/><Channel>Microsoft-Windows-Sysmon/Operational</Channel><Computer>AttackDefense</Computer><Security UserID='S-1-5-18'/></System><EventData><Data Name='RuleName'>-</Data><Data Name='EventType'>CreatePipe</Data><Data Name='UtcTime'>2023-04-18 18:19:46.725</Data><Data Name='ProcessGuid'>{221ce7aa-df42-643e-b900-00000000de00}</Data><Data Name='ProcessId'>4852</Data><Data Name='PipeName'>\RemCom_stdoutxARg342</Data><Data Name='Image'>C:\Windows\JRNciKJv.exe</Data><Data Name='User'>NT AUTHORITY\SYSTEM</Data></EventData></Event><Event xmlns='http://schemas.microsoft.com/win/2004/08/events/event'><System><Provider Name='Microsoft-Windows-Sysmon' Guid='{5770385f-c22a-43e0-bf4c-06f5698ffbd9}'/><EventID>17</EventID><Version>1</Version><Level>4</Level><Task>17</Task><Opcode>0</Opcode><Keywords>0x8000000000000000</Keywords><TimeCreated SystemTime='2023-04-18T18:19:46.711613500Z'/><EventRecordID>2720</EventRecordID><Correlation/><Execution ProcessID='2632' ThreadID='3376'/><Channel>Microsoft-Windows-Sysmon/Operational</Channel><Computer>AttackDefense</Computer><Security UserID='S-1-5-18'/></System><EventData><Data Name='RuleName'>-</Data><Data Name='EventType'>CreatePipe</Data><Data Name='UtcTime'>2023-04-18 18:19:46.709</Data><Data Name='ProcessGuid'>{221ce7aa-df42-643e-b900-00000000de00}</Data><Data Name='ProcessId'>4852</Data><Data Name='PipeName'>\RemCom_communicaton</Data><Data Name='Image'>C:\Windows\JRNciKJv.exe</Data><Data Name='User'>NT AUTHORITY\SYSTEM</Data></EventData></Event><Event xmlns='http://schemas.microsoft.com/win/2004/08/events/event'><System><Provider Name='Microsoft-Windows-Sysmon' Guid='{5770385f-c22a-43e0-bf4c-06f5698ffbd9}'/><EventID>13</EventID><Version>2</Version><Level>4</Level><Task>13</Task><Opcode>0</Opcode><Keywords>0x8000000000000000</Keywords><TimeCreated SystemTime='2023-04-18T18:19:46.147140100Z'/><EventRecordID>2719</EventRecordID><Correlation/><Execution ProcessID='2632' ThreadID='3376'/><Channel>Microsoft-Windows-Sysmon/Operational</Channel><Computer>AttackDefense</Computer><Security UserID='S-1-5-18'/></System><EventData><Data Name='RuleName'>technique_id=T1543,technique_name=Service Creation</Data><Data Name='EventType'>SetValue</Data><Data Name='UtcTime'>2023-04-18 18:19:46.140</Data><Data Name='ProcessGuid'>{221ce7aa-ddcb-643e-0b00-00000000de00}</Data><Data Name='ProcessId'>572</Data><Data Name='Image'>C:\Windows\system32\services.exe</Data><Data Name='TargetObject'>HKLM\System\CurrentControlSet\Services\gqFx\ObjectName</Data><Data Name='Details'>LocalSystem</Data><Data Name='User'>NT AUTHORITY\SYSTEM</Data></EventData></Event><Event xmlns='http://schemas.microsoft.com/win/2004/08/events/event'><System><Provider Name='Microsoft-Windows-Sysmon' Guid='{5770385f-c22a-43e0-bf4c-06f5698ffbd9}'/><EventID>13</EventID><Version>2</Version><Level>4</Level><Task>13</Task><Opcode>0</Opcode><Keywords>0x8000000000000000</Keywords><TimeCreated SystemTime='2023-04-18T18:19:46.147045000Z'/><EventRecordID>2718</EventRecordID><Correlation/><Execution ProcessID='2632' ThreadID='3376'/><Channel>Microsoft-Windows-Sysmon/Operational</Channel><Computer>AttackDefense</Computer><Security UserID='S-1-5-18'/></System><EventData><Data Name='RuleName'>technique_id=T1543,technique_name=Service Creation</Data><Data Name='EventType'>SetValue</Data><Data Name='UtcTime'>2023-04-18 18:19:46.140</Data><Data Name='ProcessGuid'>{221ce7aa-ddcb-643e-0b00-00000000de00}</Data><Data Name='ProcessId'>572</Data><Data Name='Image'>C:\Windows\system32\services.exe</Data><Data Name='TargetObject'>HKLM\System\CurrentControlSet\Services\gqFx\DisplayName</Data><Data Name='Details'>gqFx</Data><Data Name='User'>NT AUTHORITY\SYSTEM</Data></EventData></Event><Event xmlns='http://schemas.microsoft.com/win/2004/08/events/event'><System><Provider Name='Microsoft-Windows-Sysmon' Guid='{5770385f-c22a-43e0-bf4c-06f5698ffbd9}'/><EventID>13</EventID><Version>2</Version><Level>4</Level><Task>13</Task><Opcode>0</Opcode><Keywords>0x8000000000000000</Keywords><TimeCreated SystemTime='2023-04-18T18:19:46.146941000Z'/><EventRecordID>2717</EventRecordID><Correlation/><Execution ProcessID='2632' ThreadID='3376'/><Channel>Microsoft-Windows-Sysmon/Operational</Channel><Computer>AttackDefense</Computer><Security UserID='S-1-5-18'/></System><EventData><Data Name='RuleName'>-</Data><Data Name='EventType'>SetValue</Data><Data Name='UtcTime'>2023-04-18 18:19:46.140</Data><Data Name='ProcessGuid'>{221ce7aa-ddcb-643e-0b00-00000000de00}</Data><Data Name='ProcessId'>572</Data><Data Name='Image'>C:\Windows\system32\services.exe</Data><Data Name='TargetObject'>HKLM\System\CurrentControlSet\Services\gqFx\ImagePath</Data><Data Name='Details'>%%systemroot%%\JRNciKJv.exe</Data><Data Name='User'>NT AUTHORITY\SYSTEM</Data></EventData></Event><Event xmlns='http://schemas.microsoft.com/win/2004/08/events/event'><System><Provider Name='Microsoft-Windows-Sysmon' Guid='{5770385f-c22a-43e0-bf4c-06f5698ffbd9}'/><EventID>13</EventID><Version>2</Version><Level>4</Level><Task>13</Task><Opcode>0</Opcode><Keywords>0x8000000000000000</Keywords><TimeCreated SystemTime='2023-04-18T18:19:46.146892600Z'/><EventRecordID>2716</EventRecordID><Correlation/><Execution ProcessID='2632' ThreadID='3376'/><Channel>Microsoft-Windows-Sysmon/Operational</Channel><Computer>AttackDefense</Computer><Security UserID='S-1-5-18'/></System><EventData><Data Name='RuleName'>technique_id=T1543,technique_name=Service Creation</Data><Data Name='EventType'>SetValue</Data><Data Name='UtcTime'>2023-04-18 18:19:46.140</Data><Data Name='ProcessGuid'>{221ce7aa-ddcb-643e-0b00-00000000de00}</Data><Data Name='ProcessId'>572</Data><Data Name='Image'>C:\Windows\system32\services.exe</Data><Data Name='TargetObject'>HKLM\System\CurrentControlSet\Services\gqFx\ErrorControl</Data><Data Name='Details'>DWORD (0x00000000)</Data><Data Name='User'>NT AUTHORITY\SYSTEM</Data></EventData></Event><Event xmlns='http://schemas.microsoft.com/win/2004/08/events/event'><System><Provider Name='Microsoft-Windows-Sysmon' Guid='{5770385f-c22a-43e0-bf4c-06f5698ffbd9}'/><EventID>13</EventID><Version>2</Version><Level>4</Level><Task>13</Task><Opcode>0</Opcode><Keywords>0x8000000000000000</Keywords><TimeCreated SystemTime='2023-04-18T18:19:46.146803600Z'/><EventRecordID>2715</EventRecordID><Correlation/><Execution ProcessID='2632' ThreadID='3376'/><Channel>Microsoft-Windows-Sysmon/Operational</Channel><Computer>AttackDefense</Computer><Security UserID='S-1-5-18'/></System><EventData><Data Name='RuleName'>-</Data><Data Name='EventType'>SetValue</Data><Data Name='UtcTime'>2023-04-18 18:19:46.140</Data><Data Name='ProcessGuid'>{221ce7aa-ddcb-643e-0b00-00000000de00}</Data><Data Name='ProcessId'>572</Data><Data Name='Image'>C:\Windows\system32\services.exe</Data><Data Name='TargetObject'>HKLM\System\CurrentControlSet\Services\gqFx\Start</Data><Data Name='Details'>DWORD (0x00000003)</Data><Data Name='User'>NT AUTHORITY\SYSTEM</Data></EventData></Event><Event xmlns='http://schemas.microsoft.com/win/2004/08/events/event'><System><Provider Name='Microsoft-Windows-Sysmon' Guid='{5770385f-c22a-43e0-bf4c-06f5698ffbd9}'/><EventID>13</EventID><Version>2</Version><Level>4</Level><Task>13</Task><Opcode>0</Opcode><Keywords>0x8000000000000000</Keywords><TimeCreated SystemTime='2023-04-18T18:19:46.146756500Z'/><EventRecordID>2714</EventRecordID><Correlation/><Execution ProcessID='2632' ThreadID='3376'/><Channel>Microsoft-Windows-Sysmon/Operational</Channel><Computer>AttackDefense</Computer><Security UserID='S-1-5-18'/></System><EventData><Data Name='RuleName'>technique_id=T1543,technique_name=Service Creation</Data><Data Name='EventType'>SetValue</Data><Data Name='UtcTime'>2023-04-18 18:19:46.140</Data><Data Name='ProcessGuid'>{221ce7aa-ddcb-643e-0b00-00000000de00}</Data><Data Name='ProcessId'>572</Data><Data Name='Image'>C:\Windows\system32\services.exe</Data><Data Name='TargetObject'>HKLM\System\CurrentControlSet\Services\gqFx\Type</Data><Data Name='Details'>DWORD (0x00000010)</Data><Data Name='User'>NT AUTHORITY\SYSTEM</Data></EventData></Event><Event xmlns='http://schemas.microsoft.com/win/2004/08/events/event'><System><Provider Name='Microsoft-Windows-Sysmon' Guid='{5770385f-c22a-43e0-bf4c-06f5698ffbd9}'/><EventID>12</EventID><Version>2</Version><Level>4</Level><Task>12</Task><Opcode>0</Opcode><Keywords>0x8000000000000000</Keywords><TimeCreated SystemTime='2023-04-18T18:19:46.146618300Z'/><EventRecordID>2713</EventRecordID><Correlation/><Execution ProcessID='2632' ThreadID='3376'/><Channel>Microsoft-Windows-Sysmon/Operational</Channel><Computer>AttackDefense</Computer><Security UserID='S-1-5-18'/></System><EventData><Data Name='RuleName'>technique_id=T1543,technique_name=Service Creation</Data><Data Name='EventType'>CreateKey</Data><Data Name='UtcTime'>2023-04-18 18:19:46.140</Data><Data Name='ProcessGuid'>{221ce7aa-ddcb-643e-0b00-00000000de00}</Data><Data Name='ProcessId'>572</Data><Data Name='Image'>C:\Windows\system32\services.exe</Data><Data Name='TargetObject'>HKLM\System\CurrentControlSet\Services\gqFx</Data><Data Name='User'>NT AUTHORITY\SYSTEM</Data></EventData></Event><Event xmlns='http://schemas.microsoft.com/win/2004/08/events/event'><System><Provider Name='Microsoft-Windows-Sysmon' Guid='{5770385f-c22a-43e0-bf4c-06f5698ffbd9}'/><EventID>11</EventID><Version>2</Version><Level>4</Level><Task>11</Task><Opcode>0</Opcode><Keywords>0x8000000000000000</Keywords><TimeCreated SystemTime='2023-04-18T18:19:46.099240400Z'/><EventRecordID>2712</EventRecordID><Correlation/><Execution ProcessID='2632' ThreadID='3376'/><Channel>Microsoft-Windows-Sysmon/Operational</Channel><Computer>AttackDefense</Computer><Security UserID='S-1-5-18'/></System><EventData><Data Name='RuleName'>-</Data><Data Name='UtcTime'>2023-04-18 18:19:46.093</Data><Data Name='ProcessGuid'>{221ce7aa-ddc5-643e-eb03-000000000000}</Data><Data Name='ProcessId'>4</Data><Data Name='Image'>System</Data><Data Name='TargetFilename'>C:\Windows\JRNciKJv.exe</Data><Data Name='CreationUtcTime'>2023-04-18 18:19:46.093</Data><Data Name='User'>NT AUTHORITY\SYSTEM</Data></EventData></Event><Event xmlns='http://schemas.microsoft.com/win/2004/08/events/event'><System><Provider Name='Microsoft-Windows-Sysmon' Guid='{5770385f-c22a-43e0-bf4c-06f5698ffbd9}'/><EventID>11</EventID><Version>2</Version><Level>4</Level><Task>11</Task><Opcode>0</Opcode><Keywords>0x8000000000000000</Keywords><TimeCreated SystemTime='2023-04-18T18:19:35.063250800Z'/><EventRecordID>2711</EventRecordID><Correlation/><Execution ProcessID='2632' ThreadID='3376'/><Channel>Microsoft-Windows-Sysmon/Operational</Channel><Computer>AttackDefense</Computer><Security UserID='S-1-5-18'/></System><EventData><Data Name='RuleName'>technique_id=T1047,technique_name=File System Permissions Weakness</Data><Data Name='UtcTime'>2023-04-18 18:19:35.062</Data><Data Name='ProcessGuid'>{221ce7aa-ddce-643e-1900-00000000de00}</Data><Data Name='ProcessId'>816</Data><Data Name='Image'>C:\Windows\System32\svchost.exe</Data><Data Name='TargetFilename'>C:\Windows\ServiceState\EventLog\Data\lastalive0.dat</Data><Data Name='CreationUtcTime'>2023-04-18 18:13:35.010</Data><Data Name='User'>NT AUTHORITY\LOCAL SERVICE</Data></EventData></Event><Event xmlns='http://schemas.microsoft.com/win/2004/08/events/event'><System><Provider Name='Microsoft-Windows-Sysmon' Guid='{5770385f-c22a-43e0-bf4c-06f5698ffbd9}'/><EventID>11</EventID><Version>2</Version><Level>4</Level><Task>11</Task><Opcode>0</Opcode><Keywords>0x8000000000000000</Keywords><TimeCreated SystemTime='2023-04-18T18:18:35.055398600Z'/><EventRecordID>2710</EventRecordID><Correlation/><Execution ProcessID='2632' ThreadID='3376'/><Channel>Microsoft-Windows-Sysmon/Operational</Channel><Computer>AttackDefense</Computer><Security UserID='S-1-5-18'/></System><EventData><Data Name='RuleName'>technique_id=T1047,technique_name=File System Permissions Weakness</Data><Data Name='UtcTime'>2023-04-18 18:18:35.054</Data><Data Name='ProcessGuid'>{221ce7aa-ddce-643e-1900-00000000de00}</Data><Data Name='ProcessId'>816</Data><Data Name='Image'>C:\Windows\System32\svchost.exe</Data><Data Name='TargetFilename'>C:\Windows\ServiceState\EventLog\Data\lastalive1.dat</Data><Data Name='CreationUtcTime'>2023-04-18 18:14:35.012</Data><Data Name='User'>NT AUTHORITY\LOCAL SERVICE</Data></EventData></Event><Event xmlns='http://schemas.microsoft.com/win/2004/08/events/event'><System><Provider Name='Microsoft-Windows-Sysmon' Guid='{5770385f-c22a-43e0-bf4c-06f5698ffbd9}'/><EventID>11</EventID><Version>2</Version><Level>4</Level><Task>11</Task><Opcode>0</Opcode><Keywords>0x8000000000000000</Keywords><TimeCreated SystemTime='2023-04-18T18:18:34.701259900Z'/><EventRecordID>2709</EventRecordID><Correlation/><Execution ProcessID='2632' ThreadID='3376'/><Channel>Microsoft-Windows-Sysmon/Operational</Channel><Computer>AttackDefense</Computer><Security UserID='S-1-5-18'/></System><EventData><Data Name='RuleName'>technique_id=T1047,technique_name=File System Permissions Weakness</Data><Data Name='UtcTime'>2023-04-18 18:18:34.694</Data><Data Name='ProcessGuid'>{221ce7aa-defa-643e-b800-00000000de00}</Data><Data Name='ProcessId'>5092</Data><Data Name='Image'>C:\Windows\System32\sihclient.exe</Data><Data Name='TargetFilename'>C:\Windows\Logs\SIH\SIH.20230418.181834.694.1.etl</Data><Data Name='CreationUtcTime'>2023-04-18 18:18:34.694</Data><Data Name='User'>NT AUTHORITY\SYSTEM</Data></EventData></Event><Event xmlns='http://schemas.microsoft.com/win/2004/08/events/event'><System><Provider Name='Microsoft-Windows-Sysmon' Guid='{5770385f-c22a-43e0-bf4c-06f5698ffbd9}'/><EventID>11</EventID><Version>2</Version><Level>4</Level><Task>11</Task><Opcode>0</Opcode><Keywords>0x8000000000000000</Keywords><TimeCreated SystemTime='2023-04-18T18:18:11.121112500Z'/><EventRecordID>2708</EventRecordID><Correlation/><Execution ProcessID='2632' ThreadID='3376'/><Channel>Microsoft-Windows-Sysmon/Operational</Channel><Computer>AttackDefense</Computer><Security UserID='S-1-5-18'/></System><EventData><Data Name='RuleName'>technique_id=T1059.007,technique_name=JavaScript</Data><Data Name='UtcTime'>2023-04-18 18:18:11.118</Data><Data Name='ProcessGuid'>{221ce7aa-de85-643e-af00-00000000de00}</Data><Data Name='ProcessId'>3940</Data><Data Name='Image'>C:\Program Files\Mozilla Firefox\firefox.exe</Data><Data Name='TargetFilename'>C:\Users\Administrator\AppData\Roaming\Mozilla\Firefox\Background Tasks Profiles\b1rikk6k.MozillaBackgroundTask-308046B0AF4A39CB-backgroundupdate\prefs-1.js</Data><Data Name='CreationUtcTime'>2023-04-18 18:18:11.118</Data><Data Name='User'>ATTACKDEFENSE\Administrator</Data></EventData></Event><Event xmlns='http://schemas.microsoft.com/win/2004/08/events/event'><System><Provider Name='Microsoft-Windows-Sysmon' Guid='{5770385f-c22a-43e0-bf4c-06f5698ffbd9}'/><EventID>11</EventID><Version>2</Version><Level>4</Level><Task>11</Task><Opcode>0</Opcode><Keywords>0x8000000000000000</Keywords><TimeCreated SystemTime='2023-04-18T18:18:11.120326400Z'/><EventRecordID>2707</EventRecordID><Correlation/><Execution ProcessID='2632' ThreadID='3376'/><Channel>Microsoft-Windows-Sysmon/Operational</Channel><Computer>AttackDefense</Computer><Security UserID='S-1-5-18'/></System><EventData><Data Name='RuleName'>technique_id=T1059.007,technique_name=JavaScript</Data><Data Name='UtcTime'>2023-04-18 18:18:11.118</Data><Data Name='ProcessGuid'>{221ce7aa-de85-643e-af00-00000000de00}</Data><Data Name='ProcessId'>3940</Data><Data Name='Image'>C:\Program Files\Mozilla Firefox\firefox.exe</Data><Data Name='TargetFilename'>C:\Users\Administrator\AppData\Roaming\Mozilla\Firefox\Background Tasks Profiles\b1rikk6k.MozillaBackgroundTask-308046B0AF4A39CB-backgroundupdate\prefs-1.js</Data><Data Name='CreationUtcTime'>2023-04-18 18:18:11.118</Data><Data Name='User'>ATTACKDEFENSE\Administrator</Data></EventData></Event></Events>