﻿<?xml version="1.0" encoding="utf-8" standalone="yes"?>
<Events><Event xmlns='http://schemas.microsoft.com/win/2004/08/events/event'><System><Provider Name='Service Control Manager' Guid='{555908d1-a6d7-4695-8e1e-26931d2012f4}' EventSourceName='Service Control Manager'/><EventID Qualifiers='16384'>7036</EventID><Version>0</Version><Level>4</Level><Task>0</Task><Opcode>0</Opcode><Keywords>0x8080000000000000</Keywords><TimeCreated SystemTime='2023-04-18T18:21:39.856975300Z'/><EventRecordID>46743</EventRecordID><Correlation/><Execution ProcessID='572' ThreadID='3696'/><Channel>System</Channel><Computer>AttackDefense</Computer><Security/></System><EventData><Data Name='param1'>Client License Service (ClipSVC)</Data><Data Name='param2'>stopped</Data><Binary>43006C00690070005300560043002F0031000000</Binary></EventData></Event><Event xmlns='http://schemas.microsoft.com/win/2004/08/events/event'><System><Provider Name='Service Control Manager' Guid='{555908d1-a6d7-4695-8e1e-26931d2012f4}' EventSourceName='Service Control Manager'/><EventID Qualifiers='16384'>7036</EventID><Version>0</Version><Level>4</Level><Task>0</Task><Opcode>0</Opcode><Keywords>0x8080000000000000</Keywords><TimeCreated SystemTime='2023-04-18T18:21:25.787898800Z'/><EventRecordID>46742</EventRecordID><Correlation/><Execution ProcessID='572' ThreadID='3696'/><Channel>System</Channel><Computer>AttackDefense</Computer><Security/></System><EventData><Data Name='param1'>gqFx</Data><Data Name='param2'>stopped</Data><Binary>67007100460078002F0031000000</Binary></EventData></Event><Event xmlns='http://schemas.microsoft.com/win/2004/08/events/event'><System><Provider Name='Service Control Manager' Guid='{555908d1-a6d7-4695-8e1e-26931d2012f4}' EventSourceName='Service Control Manager'/><EventID Qualifiers='16384'>7036</EventID><Version>0</Version><Level>4</Level><Task>0</Task><Opcode>0</Opcode><Keywords>0x8080000000000000</Keywords><TimeCreated SystemTime='2023-04-18T18:20:32.029190300Z'/><EventRecordID>46741</EventRecordID><Correlation/><Execution ProcessID='572' ThreadID='3696'/><Channel>System</Channel><Computer>AttackDefense</Computer><Security/></System><EventData><Data Name='param1'>Capability Access Manager Service</Data><Data Name='param2'>stopped</Data><Binary>630061006D007300760063002F0031000000</Binary></EventData></Event><Event xmlns='http://schemas.microsoft.com/win/2004/08/events/event'><System><Provider Name='Service Control Manager' Guid='{555908d1-a6d7-4695-8e1e-26931d2012f4}' EventSourceName='Service Control Manager'/><EventID Qualifiers='16384'>7036</EventID><Version>0</Version><Level>4</Level><Task>0</Task><Opcode>0</Opcode><Keywords>0x8080000000000000</Keywords><TimeCreated SystemTime='2023-04-18T18:20:29.382303500Z'/><EventRecordID>46740</EventRecordID><Correlation/><Execution ProcessID='572' ThreadID='3696'/><Channel>System</Channel><Computer>AttackDefense</Computer><Security/></System><EventData><Data Name='param1'>AppX Deployment Service (AppXSVC)</Data><Data Name='param2'>stopped</Data><Binary>41007000700058005300760063002F0031000000</Binary></EventData></Event><Event xmlns='http://schemas.microsoft.com/win/2004/08/events/event'><System><Provider Name='Service Control Manager' Guid='{555908d1-a6d7-4695-8e1e-26931d2012f4}' EventSourceName='Service Control Manager'/><EventID Qualifiers='16384'>7036</EventID><Version>0</Version><Level>4</Level><Task>0</Task><Opcode>0</Opcode><Keywords>0x8080000000000000</Keywords><TimeCreated SystemTime='2023-04-18T18:19:46.709864400Z'/><EventRecordID>46739</EventRecordID><Correlation/><Execution ProcessID='572' ThreadID='3696'/><Channel>System</Channel><Computer>AttackDefense</Computer><Security/></System><EventData><Data Name='param1'>gqFx</Data><Data Name='param2'>running</Data><Binary>67007100460078002F0034000000</Binary></EventData></Event><Event xmlns='http://schemas.microsoft.com/win/2004/08/events/event'><System><Provider Name='Service Control Manager' Guid='{555908d1-a6d7-4695-8e1e-26931d2012f4}' EventSourceName='Service Control Manager'/><EventID Qualifiers='16384'>7045</EventID><Version>0</Version><Level>4</Level><Task>0</Task><Opcode>0</Opcode><Keywords>0x8080000000000000</Keywords><TimeCreated SystemTime='2023-04-18T18:19:46.140758800Z'/><EventRecordID>46738</EventRecordID><Correlation/><Execution ProcessID='572' ThreadID='2680'/><Channel>System</Channel><Computer>AttackDefense</Computer><Security UserID='S-1-5-21-3688751335-3073641799-161370460-500'/></System><EventData><Data Name='ServiceName'>gqFx</Data><Data Name='ImagePath'>%systemroot%\JRNciKJv.exe</Data><Data Name='ServiceType'>user mode service</Data><Data Name='StartType'>demand start</Data><Data Name='AccountName'>LocalSystem</Data></EventData></Event><Event xmlns='http://schemas.microsoft.com/win/2004/08/events/event'><System><Provider Name='Service Control Manager' Guid='{555908d1-a6d7-4695-8e1e-26931d2012f4}' EventSourceName='Service Control Manager'/><EventID Qualifiers='16384'>7036</EventID><Version>0</Version><Level>4</Level><Task>0</Task><Opcode>0</Opcode><Keywords>0x8080000000000000</Keywords><TimeCreated SystemTime='2023-04-18T18:19:39.840715000Z'/><EventRecordID>46737</EventRecordID><Correlation/><Execution ProcessID='572' ThreadID='2680'/><Channel>System</Channel><Computer>AttackDefense</Computer><Security/></System><EventData><Data Name='param1'>Microsoft Account Sign-in Assistant</Data><Data Name='param2'>stopped</Data><Binary>77006C00690064007300760063002F0031000000</Binary></EventData></Event><Event xmlns='http://schemas.microsoft.com/win/2004/08/events/event'><System><Provider Name='Microsoft-Windows-Eventlog' Guid='{fc65ddd8-d6ef-4962-83d5-6e5cfe9ce148}'/><EventID>104</EventID><Version>0</Version><Level>4</Level><Task>104</Task><Opcode>0</Opcode><Keywords>0x8000000000000000</Keywords><TimeCreated SystemTime='2023-04-18T18:18:58.515660200Z'/><EventRecordID>46736</EventRecordID><Correlation/><Execution ProcessID='816' ThreadID='4596'/><Channel>System</Channel><Computer>AttackDefense</Computer><Security UserID='S-1-5-21-3688751335-3073641799-161370460-500'/></System><UserData><LogFileCleared xmlns='http://manifests.microsoft.com/win/2004/08/windows/eventlog'><SubjectUserName>Administrator</SubjectUserName><SubjectDomainName>ATTACKDEFENSE</SubjectDomainName><Channel>System</Channel><BackupPath></BackupPath></LogFileCleared></UserData></Event></Events>