﻿<?xml version="1.0" encoding="utf-8" standalone="yes"?>
<Events>
    <Event xmlns='http://schemas.microsoft.com/win/2004/08/events/event'>
        <System>
            <Provider Name='Microsoft-Windows-Sysmon' Guid='{5770385f-c22a-43e0-bf4c-06f5698ffbd9}' />
            <EventID>1</EventID>
            <Version>5</Version>
            <Level>4</Level>
            <Task>1</Task>
            <Opcode>0</Opcode>
            <Keywords>0x8000000000000000</Keywords>
            <TimeCreated SystemTime='2023-04-01T08:45:00.713833600Z' />
            <EventRecordID>110870</EventRecordID>
            <Correlation />
            <Execution ProcessID='2556' ThreadID='3324' />
            <Channel>Microsoft-Windows-Sysmon/Operational</Channel>
            <Computer>AttackDefense</Computer>
            <Security UserID='S-1-5-18' />
        </System>
        <EventData>
            <Data Name='RuleName'>-</Data>
            <Data Name='UtcTime'>2023-04-01 08:45:00.707</Data>
            <Data Name='ProcessGuid'>{221ce7aa-ef0c-6427-7101-00000000e400}</Data>
            <Data Name='ProcessId'>4116</Data>
            <Data Name='Image'>
                C:\Users\Administrator\Desktop\Investigation\Mimikatz\mimikatz_trunk\x64\mimikatz.exe</Data>
            <Data Name='FileVersion'>2.2.0.0</Data>
            <Data Name='Description'>mimikatz for Windows</Data>
            <Data Name='Product'>mimikatz</Data>
            <Data Name='Company'>gentilkiwi (Benjamin DELPY)</Data>
            <Data Name='OriginalFileName'>mimikatz.exe</Data>
            <Data Name='CommandLine'>
                "C:\Users\Administrator\Desktop\Investigation\Mimikatz\mimikatz_trunk\x64\mimikatz.exe"</Data>
            <Data Name='CurrentDirectory'>
                C:\Users\Administrator\Desktop\Investigation\Mimikatz\mimikatz_trunk\x64\</Data>
            <Data Name='User'>ATTACKDEFENSE\Administrator</Data>
            <Data Name='LogonGuid'>{221ce7aa-e91d-6427-0c05-0b0000000000}</Data>
            <Data Name='LogonId'>0xb050c</Data>
            <Data Name='TerminalSessionId'>2</Data>
            <Data Name='IntegrityLevel'>High</Data>
            <Data Name='Hashes'>MD5=29EFD64DD3C7FE1E2B022B7AD73A1BA5</Data>
            <Data Name='ParentProcessGuid'>{221ce7aa-e933-6427-fd00-00000000e400}</Data>
            <Data Name='ParentProcessId'>4472</Data>
            <Data Name='ParentImage'>C:\Windows\System32\WindowsPowerShell\v1.0\powershell.exe</Data>
            <Data Name='ParentCommandLine'>
                "C:\Windows\System32\WindowsPowerShell\v1.0\powershell.exe" </Data>
            <Data Name='ParentUser'>ATTACKDEFENSE\Administrator</Data>
        </EventData>
    </Event>
    <Event xmlns='http://schemas.microsoft.com/win/2004/08/events/event'>
        <System>
            <Provider Name='Microsoft-Windows-Sysmon' Guid='{5770385f-c22a-43e0-bf4c-06f5698ffbd9}' />
            <EventID>10</EventID>
            <Version>3</Version>
            <Level>4</Level>
            <Task>10</Task>
            <Opcode>0</Opcode>
            <Keywords>0x8000000000000000</Keywords>
            <TimeCreated SystemTime='2023-04-01T08:38:52.378108100Z' />
            <EventRecordID>110869</EventRecordID>
            <Correlation />
            <Execution ProcessID='2556' ThreadID='3324' />
            <Channel>Microsoft-Windows-Sysmon/Operational</Channel>
            <Computer>AttackDefense</Computer>
            <Security UserID='S-1-5-18' />
        </System>
        <EventData>
            <Data Name='RuleName'>-</Data>
            <Data Name='UtcTime'>2023-04-01 08:38:52.375</Data>
            <Data Name='SourceProcessGUID'>{221ce7aa-ed81-6427-5b01-00000000e400}</Data>
            <Data Name='SourceProcessId'>3648</Data>
            <Data Name='SourceThreadId'>3512</Data>
            <Data Name='SourceImage'>
                C:\Users\Administrator\Desktop\Investigation\Mimikatz\mimikatz_trunk\x64\mimikatz.exe</Data>
            <Data Name='TargetProcessGUID'>{221ce7aa-e3b9-6427-0c00-00000000e400}</Data>
            <Data Name='TargetProcessId'>600</Data>
            <Data Name='TargetImage'>C:\Windows\system32\lsass.exe</Data>
            <Data Name='GrantedAccess'>0x1010</Data>
            <Data Name='CallTrace'>
                C:\Windows\SYSTEM32\ntdll.dll+9fc24|C:\Windows\System32\KERNELBASE.dll+2126e|C:\Users\Administrator\Desktop\Investigation\Mimikatz\mimikatz_trunk\x64\mimikatz.exe+c291e|C:\Users\Administrator\Desktop\Investigation\Mimikatz\mimikatz_trunk\x64\mimikatz.exe+c2cf5|C:\Users\Administrator\Desktop\Investigation\Mimikatz\mimikatz_trunk\x64\mimikatz.exe+c285d|C:\Users\Administrator\Desktop\Investigation\Mimikatz\mimikatz_trunk\x64\mimikatz.exe+85a44|C:\Users\Administrator\Desktop\Investigation\Mimikatz\mimikatz_trunk\x64\mimikatz.exe+8587c|C:\Users\Administrator\Desktop\Investigation\Mimikatz\mimikatz_trunk\x64\mimikatz.exe+85647|C:\Users\Administrator\Desktop\Investigation\Mimikatz\mimikatz_trunk\x64\mimikatz.exe+c97a5|C:\Windows\System32\KERNEL32.DLL+17974|C:\Windows\SYSTEM32\ntdll.dll+6a271</Data>
            <Data Name='SourceUser'>ATTACKDEFENSE\Administrator</Data>
            <Data Name='TargetUser'>NT AUTHORITY\SYSTEM</Data>
        </EventData>
    </Event>
    <Event xmlns='http://schemas.microsoft.com/win/2004/08/events/event'>
        <System>
            <Provider Name='Microsoft-Windows-Sysmon' Guid='{5770385f-c22a-43e0-bf4c-06f5698ffbd9}' />
            <EventID>1</EventID>
            <Version>5</Version>
            <Level>4</Level>
            <Task>1</Task>
            <Opcode>0</Opcode>
            <Keywords>0x8000000000000000</Keywords>
            <TimeCreated SystemTime='2023-04-01T08:38:25.981862800Z' />
            <EventRecordID>110868</EventRecordID>
            <Correlation />
            <Execution ProcessID='2556' ThreadID='3324' />
            <Channel>Microsoft-Windows-Sysmon/Operational</Channel>
            <Computer>AttackDefense</Computer>
            <Security UserID='S-1-5-18' />
        </System>
        <EventData>
            <Data Name='RuleName'>-</Data>
            <Data Name='UtcTime'>2023-04-01 08:38:25.980</Data>
            <Data Name='ProcessGuid'>{221ce7aa-ed81-6427-5b01-00000000e400}</Data>
            <Data Name='ProcessId'>3648</Data>
            <Data Name='Image'>
                C:\Users\Administrator\Desktop\Investigation\Mimikatz\mimikatz_trunk\x64\mimikatz.exe</Data>
            <Data Name='FileVersion'>2.2.0.0</Data>
            <Data Name='Description'>mimikatz for Windows</Data>
            <Data Name='Product'>mimikatz</Data>
            <Data Name='Company'>gentilkiwi (Benjamin DELPY)</Data>
            <Data Name='OriginalFileName'>mimikatz.exe</Data>
            <Data Name='CommandLine'>
                "C:\Users\Administrator\Desktop\Investigation\Mimikatz\mimikatz_trunk\x64\mimikatz.exe"</Data>
            <Data Name='CurrentDirectory'>
                C:\Users\Administrator\Desktop\Investigation\Mimikatz\mimikatz_trunk\x64\</Data>
            <Data Name='User'>ATTACKDEFENSE\Administrator</Data>
            <Data Name='LogonGuid'>{221ce7aa-e91d-6427-0c05-0b0000000000}</Data>
            <Data Name='LogonId'>0xb050c</Data>
            <Data Name='TerminalSessionId'>2</Data>
            <Data Name='IntegrityLevel'>High</Data>
            <Data Name='Hashes'>MD5=29EFD64DD3C7FE1E2B022B7AD73A1BA5</Data>
            <Data Name='ParentProcessGuid'>{221ce7aa-e933-6427-fd00-00000000e400}</Data>
            <Data Name='ParentProcessId'>4472</Data>
            <Data Name='ParentImage'>C:\Windows\System32\WindowsPowerShell\v1.0\powershell.exe</Data>
            <Data Name='ParentCommandLine'>
                "C:\Windows\System32\WindowsPowerShell\v1.0\powershell.exe" </Data>
            <Data Name='ParentUser'>ATTACKDEFENSE\Administrator</Data>
        </EventData>
    </Event>
</Events>