﻿<?xml version="1.0" encoding="utf-8" standalone="yes"?>
<Events><Event xmlns='http://schemas.microsoft.com/win/2004/08/events/event'><System><Provider Name='Microsoft-Windows-Security-Auditing' Guid='{54849625-5478-4994-a5ba-3e3b0328c30d}'/><EventID>4726</EventID><Version>0</Version><Level>0</Level><Task>13824</Task><Opcode>0</Opcode><Keywords>0x8020000000000000</Keywords><TimeCreated SystemTime='2023-02-26T10:49:52.037282300Z'/><EventRecordID>48604</EventRecordID><Correlation ActivityID='{ea747987-49be-0000-ed87-74eabe49d901}'/><Execution ProcessID='600' ThreadID='708'/><Channel>Security</Channel><Computer>AttackDefense</Computer><Security/></System><EventData><Data Name='TargetUserName'>john</Data><Data Name='TargetDomainName'>ATTACKDEFENSE</Data><Data Name='TargetSid'>S-1-5-21-3688751335-3073641799-161370460-1012</Data><Data Name='SubjectUserSid'>S-1-5-21-3688751335-3073641799-161370460-500</Data><Data Name='SubjectUserName'>Administrator</Data><Data Name='SubjectDomainName'>ATTACKDEFENSE</Data><Data Name='SubjectLogonId'>0x4129c</Data><Data Name='PrivilegeList'>-</Data></EventData></Event><Event xmlns='http://schemas.microsoft.com/win/2004/08/events/event'><System><Provider Name='Microsoft-Windows-Security-Auditing' Guid='{54849625-5478-4994-a5ba-3e3b0328c30d}'/><EventID>4729</EventID><Version>0</Version><Level>0</Level><Task>13826</Task><Opcode>0</Opcode><Keywords>0x8020000000000000</Keywords><TimeCreated SystemTime='2023-02-26T10:49:52.036956500Z'/><EventRecordID>48603</EventRecordID><Correlation ActivityID='{ea747987-49be-0000-ed87-74eabe49d901}'/><Execution ProcessID='600' ThreadID='708'/><Channel>Security</Channel><Computer>AttackDefense</Computer><Security/></System><EventData><Data Name='MemberName'>-</Data><Data Name='MemberSid'>S-1-5-21-3688751335-3073641799-161370460-1012</Data><Data Name='TargetUserName'>None</Data><Data Name='TargetDomainName'>ATTACKDEFENSE</Data><Data Name='TargetSid'>S-1-5-21-3688751335-3073641799-161370460-513</Data><Data Name='SubjectUserSid'>S-1-5-21-3688751335-3073641799-161370460-500</Data><Data Name='SubjectUserName'>Administrator</Data><Data Name='SubjectDomainName'>ATTACKDEFENSE</Data><Data Name='SubjectLogonId'>0x4129c</Data><Data Name='PrivilegeList'>-</Data></EventData></Event><Event xmlns='http://schemas.microsoft.com/win/2004/08/events/event'><System><Provider Name='Microsoft-Windows-Security-Auditing' Guid='{54849625-5478-4994-a5ba-3e3b0328c30d}'/><EventID>4733</EventID><Version>0</Version><Level>0</Level><Task>13826</Task><Opcode>0</Opcode><Keywords>0x8020000000000000</Keywords><TimeCreated SystemTime='2023-02-26T10:49:52.036283500Z'/><EventRecordID>48602</EventRecordID><Correlation ActivityID='{ea747987-49be-0000-ed87-74eabe49d901}'/><Execution ProcessID='600' ThreadID='708'/><Channel>Security</Channel><Computer>AttackDefense</Computer><Security/></System><EventData><Data Name='MemberName'>-</Data><Data Name='MemberSid'>S-1-5-21-3688751335-3073641799-161370460-1012</Data><Data Name='TargetUserName'>Administrators</Data><Data Name='TargetDomainName'>Builtin</Data><Data Name='TargetSid'>S-1-5-32-544</Data><Data Name='SubjectUserSid'>S-1-5-21-3688751335-3073641799-161370460-500</Data><Data Name='SubjectUserName'>Administrator</Data><Data Name='SubjectDomainName'>ATTACKDEFENSE</Data><Data Name='SubjectLogonId'>0x4129c</Data><Data Name='PrivilegeList'>-</Data></EventData></Event><Event xmlns='http://schemas.microsoft.com/win/2004/08/events/event'><System><Provider Name='Microsoft-Windows-Security-Auditing' Guid='{54849625-5478-4994-a5ba-3e3b0328c30d}'/><EventID>4733</EventID><Version>0</Version><Level>0</Level><Task>13826</Task><Opcode>0</Opcode><Keywords>0x8020000000000000</Keywords><TimeCreated SystemTime='2023-02-26T10:49:52.036217100Z'/><EventRecordID>48601</EventRecordID><Correlation ActivityID='{ea747987-49be-0000-ed87-74eabe49d901}'/><Execution ProcessID='600' ThreadID='708'/><Channel>Security</Channel><Computer>AttackDefense</Computer><Security/></System><EventData><Data Name='MemberName'>-</Data><Data Name='MemberSid'>S-1-5-21-3688751335-3073641799-161370460-1012</Data><Data Name='TargetUserName'>Users</Data><Data Name='TargetDomainName'>Builtin</Data><Data Name='TargetSid'>S-1-5-32-545</Data><Data Name='SubjectUserSid'>S-1-5-21-3688751335-3073641799-161370460-500</Data><Data Name='SubjectUserName'>Administrator</Data><Data Name='SubjectDomainName'>ATTACKDEFENSE</Data><Data Name='SubjectLogonId'>0x4129c</Data><Data Name='PrivilegeList'>-</Data></EventData></Event><Event xmlns='http://schemas.microsoft.com/win/2004/08/events/event'><System><Provider Name='Microsoft-Windows-Security-Auditing' Guid='{54849625-5478-4994-a5ba-3e3b0328c30d}'/><EventID>4798</EventID><Version>0</Version><Level>0</Level><Task>13824</Task><Opcode>0</Opcode><Keywords>0x8020000000000000</Keywords><TimeCreated SystemTime='2023-02-26T10:49:52.035807900Z'/><EventRecordID>48600</EventRecordID><Correlation ActivityID='{ea747987-49be-0000-ed87-74eabe49d901}'/><Execution ProcessID='600' ThreadID='708'/><Channel>Security</Channel><Computer>AttackDefense</Computer><Security/></System><EventData><Data Name='TargetUserName'>john</Data><Data Name='TargetDomainName'>ATTACKDEFENSE</Data><Data Name='TargetSid'>S-1-5-21-3688751335-3073641799-161370460-1012</Data><Data Name='SubjectUserSid'>S-1-5-21-3688751335-3073641799-161370460-500</Data><Data Name='SubjectUserName'>Administrator</Data><Data Name='SubjectDomainName'>ATTACKDEFENSE</Data><Data Name='SubjectLogonId'>0x4129c</Data><Data Name='CallerProcessId'>0x12ec</Data><Data Name='CallerProcessName'>C:\Windows\System32\net1.exe</Data></EventData></Event><Event xmlns='http://schemas.microsoft.com/win/2004/08/events/event'><System><Provider Name='Microsoft-Windows-Security-Auditing' Guid='{54849625-5478-4994-a5ba-3e3b0328c30d}'/><EventID>4688</EventID><Version>2</Version><Level>0</Level><Task>13312</Task><Opcode>0</Opcode><Keywords>0x8020000000000000</Keywords><TimeCreated SystemTime='2023-02-26T10:49:52.027698700Z'/><EventRecordID>48599</EventRecordID><Correlation/><Execution ProcessID='4' ThreadID='3416'/><Channel>Security</Channel><Computer>AttackDefense</Computer><Security/></System><EventData><Data Name='SubjectUserSid'>S-1-5-21-3688751335-3073641799-161370460-500</Data><Data Name='SubjectUserName'>Administrator</Data><Data Name='SubjectDomainName'>ATTACKDEFENSE</Data><Data Name='SubjectLogonId'>0x4129c</Data><Data Name='NewProcessId'>0x12ec</Data><Data Name='NewProcessName'>C:\Windows\System32\net1.exe</Data><Data Name='TokenElevationType'>%%1936</Data><Data Name='ProcessId'>0x144</Data><Data Name='CommandLine'>C:\Windows\system32\net1 user /delete john</Data><Data Name='TargetUserSid'>S-1-0-0</Data><Data Name='TargetUserName'>-</Data><Data Name='TargetDomainName'>-</Data><Data Name='TargetLogonId'>0x0</Data><Data Name='ParentProcessName'>C:\Windows\System32\net.exe</Data><Data Name='MandatoryLabel'>S-1-16-12288</Data></EventData></Event><Event xmlns='http://schemas.microsoft.com/win/2004/08/events/event'><System><Provider Name='Microsoft-Windows-Security-Auditing' Guid='{54849625-5478-4994-a5ba-3e3b0328c30d}'/><EventID>4688</EventID><Version>2</Version><Level>0</Level><Task>13312</Task><Opcode>0</Opcode><Keywords>0x8020000000000000</Keywords><TimeCreated SystemTime='2023-02-26T10:49:52.021731700Z'/><EventRecordID>48598</EventRecordID><Correlation/><Execution ProcessID='4' ThreadID='104'/><Channel>Security</Channel><Computer>AttackDefense</Computer><Security/></System><EventData><Data Name='SubjectUserSid'>S-1-5-21-3688751335-3073641799-161370460-500</Data><Data Name='SubjectUserName'>Administrator</Data><Data Name='SubjectDomainName'>ATTACKDEFENSE</Data><Data Name='SubjectLogonId'>0x4129c</Data><Data Name='NewProcessId'>0x144</Data><Data Name='NewProcessName'>C:\Windows\System32\net.exe</Data><Data Name='TokenElevationType'>%%1936</Data><Data Name='ProcessId'>0xc9c</Data><Data Name='CommandLine'>"C:\Windows\system32\net.exe" user /delete john</Data><Data Name='TargetUserSid'>S-1-0-0</Data><Data Name='TargetUserName'>-</Data><Data Name='TargetDomainName'>-</Data><Data Name='TargetLogonId'>0x0</Data><Data Name='ParentProcessName'>C:\Windows\System32\WindowsPowerShell\v1.0\powershell.exe</Data><Data Name='MandatoryLabel'>S-1-16-12288</Data></EventData></Event><Event xmlns='http://schemas.microsoft.com/win/2004/08/events/event'><System><Provider Name='Microsoft-Windows-Security-Auditing' Guid='{54849625-5478-4994-a5ba-3e3b0328c30d}'/><EventID>4688</EventID><Version>2</Version><Level>0</Level><Task>13312</Task><Opcode>0</Opcode><Keywords>0x8020000000000000</Keywords><TimeCreated SystemTime='2023-02-26T10:49:37.075246600Z'/><EventRecordID>48597</EventRecordID><Correlation/><Execution ProcessID='4' ThreadID='104'/><Channel>Security</Channel><Computer>AttackDefense</Computer><Security/></System><EventData><Data Name='SubjectUserSid'>S-1-5-18</Data><Data Name='SubjectUserName'>ATTACKDEFENSE$</Data><Data Name='SubjectDomainName'>WORKGROUP</Data><Data Name='SubjectLogonId'>0x3e7</Data><Data Name='NewProcessId'>0xa5c</Data><Data Name='NewProcessName'>C:\Windows\System32\svchost.exe</Data><Data Name='TokenElevationType'>%%1936</Data><Data Name='ProcessId'>0x244</Data><Data Name='CommandLine'>C:\Windows\System32\svchost.exe -k netsvcs -p -s NetSetupSvc</Data><Data Name='TargetUserSid'>S-1-0-0</Data><Data Name='TargetUserName'>-</Data><Data Name='TargetDomainName'>-</Data><Data Name='TargetLogonId'>0x0</Data><Data Name='ParentProcessName'>C:\Windows\System32\services.exe</Data><Data Name='MandatoryLabel'>S-1-16-16384</Data></EventData></Event><Event xmlns='http://schemas.microsoft.com/win/2004/08/events/event'><System><Provider Name='Microsoft-Windows-Security-Auditing' Guid='{54849625-5478-4994-a5ba-3e3b0328c30d}'/><EventID>4732</EventID><Version>0</Version><Level>0</Level><Task>13826</Task><Opcode>0</Opcode><Keywords>0x8020000000000000</Keywords><TimeCreated SystemTime='2023-02-26T10:49:13.716280900Z'/><EventRecordID>48596</EventRecordID><Correlation ActivityID='{ea747987-49be-0000-ed87-74eabe49d901}'/><Execution ProcessID='600' ThreadID='4916'/><Channel>Security</Channel><Computer>AttackDefense</Computer><Security/></System><EventData><Data Name='MemberName'>-</Data><Data Name='MemberSid'>S-1-5-21-3688751335-3073641799-161370460-1012</Data><Data Name='TargetUserName'>Administrators</Data><Data Name='TargetDomainName'>Builtin</Data><Data Name='TargetSid'>S-1-5-32-544</Data><Data Name='SubjectUserSid'>S-1-5-21-3688751335-3073641799-161370460-500</Data><Data Name='SubjectUserName'>Administrator</Data><Data Name='SubjectDomainName'>ATTACKDEFENSE</Data><Data Name='SubjectLogonId'>0x4129c</Data><Data Name='PrivilegeList'>-</Data></EventData></Event><Event xmlns='http://schemas.microsoft.com/win/2004/08/events/event'><System><Provider Name='Microsoft-Windows-Security-Auditing' Guid='{54849625-5478-4994-a5ba-3e3b0328c30d}'/><EventID>4688</EventID><Version>2</Version><Level>0</Level><Task>13312</Task><Opcode>0</Opcode><Keywords>0x8020000000000000</Keywords><TimeCreated SystemTime='2023-02-26T10:49:13.708436200Z'/><EventRecordID>48595</EventRecordID><Correlation/><Execution ProcessID='4' ThreadID='3416'/><Channel>Security</Channel><Computer>AttackDefense</Computer><Security/></System><EventData><Data Name='SubjectUserSid'>S-1-5-21-3688751335-3073641799-161370460-500</Data><Data Name='SubjectUserName'>Administrator</Data><Data Name='SubjectDomainName'>ATTACKDEFENSE</Data><Data Name='SubjectLogonId'>0x4129c</Data><Data Name='NewProcessId'>0xf18</Data><Data Name='NewProcessName'>C:\Windows\System32\net1.exe</Data><Data Name='TokenElevationType'>%%1936</Data><Data Name='ProcessId'>0xda4</Data><Data Name='CommandLine'>C:\Windows\system32\net1 localgroup Administrators john /add</Data><Data Name='TargetUserSid'>S-1-0-0</Data><Data Name='TargetUserName'>-</Data><Data Name='TargetDomainName'>-</Data><Data Name='TargetLogonId'>0x0</Data><Data Name='ParentProcessName'>C:\Windows\System32\net.exe</Data><Data Name='MandatoryLabel'>S-1-16-12288</Data></EventData></Event><Event xmlns='http://schemas.microsoft.com/win/2004/08/events/event'><System><Provider Name='Microsoft-Windows-Security-Auditing' Guid='{54849625-5478-4994-a5ba-3e3b0328c30d}'/><EventID>4688</EventID><Version>2</Version><Level>0</Level><Task>13312</Task><Opcode>0</Opcode><Keywords>0x8020000000000000</Keywords><TimeCreated SystemTime='2023-02-26T10:49:13.701858500Z'/><EventRecordID>48594</EventRecordID><Correlation/><Execution ProcessID='4' ThreadID='3416'/><Channel>Security</Channel><Computer>AttackDefense</Computer><Security/></System><EventData><Data Name='SubjectUserSid'>S-1-5-21-3688751335-3073641799-161370460-500</Data><Data Name='SubjectUserName'>Administrator</Data><Data Name='SubjectDomainName'>ATTACKDEFENSE</Data><Data Name='SubjectLogonId'>0x4129c</Data><Data Name='NewProcessId'>0xda4</Data><Data Name='NewProcessName'>C:\Windows\System32\net.exe</Data><Data Name='TokenElevationType'>%%1936</Data><Data Name='ProcessId'>0xc9c</Data><Data Name='CommandLine'>"C:\Windows\system32\net.exe" localgroup Administrators john /add</Data><Data Name='TargetUserSid'>S-1-0-0</Data><Data Name='TargetUserName'>-</Data><Data Name='TargetDomainName'>-</Data><Data Name='TargetLogonId'>0x0</Data><Data Name='ParentProcessName'>C:\Windows\System32\WindowsPowerShell\v1.0\powershell.exe</Data><Data Name='MandatoryLabel'>S-1-16-12288</Data></EventData></Event><Event xmlns='http://schemas.microsoft.com/win/2004/08/events/event'><System><Provider Name='Microsoft-Windows-Security-Auditing' Guid='{54849625-5478-4994-a5ba-3e3b0328c30d}'/><EventID>4732</EventID><Version>0</Version><Level>0</Level><Task>13826</Task><Opcode>0</Opcode><Keywords>0x8020000000000000</Keywords><TimeCreated SystemTime='2023-02-26T10:48:15.151740000Z'/><EventRecordID>48593</EventRecordID><Correlation ActivityID='{ea747987-49be-0000-ed87-74eabe49d901}'/><Execution ProcessID='600' ThreadID='708'/><Channel>Security</Channel><Computer>AttackDefense</Computer><Security/></System><EventData><Data Name='MemberName'>-</Data><Data Name='MemberSid'>S-1-5-21-3688751335-3073641799-161370460-1012</Data><Data Name='TargetUserName'>Users</Data><Data Name='TargetDomainName'>Builtin</Data><Data Name='TargetSid'>S-1-5-32-545</Data><Data Name='SubjectUserSid'>S-1-5-21-3688751335-3073641799-161370460-500</Data><Data Name='SubjectUserName'>Administrator</Data><Data Name='SubjectDomainName'>ATTACKDEFENSE</Data><Data Name='SubjectLogonId'>0x4129c</Data><Data Name='PrivilegeList'>-</Data></EventData></Event><Event xmlns='http://schemas.microsoft.com/win/2004/08/events/event'><System><Provider Name='Microsoft-Windows-Security-Auditing' Guid='{54849625-5478-4994-a5ba-3e3b0328c30d}'/><EventID>4724</EventID><Version>0</Version><Level>0</Level><Task>13824</Task><Opcode>0</Opcode><Keywords>0x8020000000000000</Keywords><TimeCreated SystemTime='2023-02-26T10:48:15.144183100Z'/><EventRecordID>48592</EventRecordID><Correlation ActivityID='{ea747987-49be-0000-ed87-74eabe49d901}'/><Execution ProcessID='600' ThreadID='708'/><Channel>Security</Channel><Computer>AttackDefense</Computer><Security/></System><EventData><Data Name='TargetUserName'>john</Data><Data Name='TargetDomainName'>ATTACKDEFENSE</Data><Data Name='TargetSid'>S-1-5-21-3688751335-3073641799-161370460-1012</Data><Data Name='SubjectUserSid'>S-1-5-21-3688751335-3073641799-161370460-500</Data><Data Name='SubjectUserName'>Administrator</Data><Data Name='SubjectDomainName'>ATTACKDEFENSE</Data><Data Name='SubjectLogonId'>0x4129c</Data></EventData></Event><Event xmlns='http://schemas.microsoft.com/win/2004/08/events/event'><System><Provider Name='Microsoft-Windows-Security-Auditing' Guid='{54849625-5478-4994-a5ba-3e3b0328c30d}'/><EventID>4738</EventID><Version>0</Version><Level>0</Level><Task>13824</Task><Opcode>0</Opcode><Keywords>0x8020000000000000</Keywords><TimeCreated SystemTime='2023-02-26T10:48:15.144165400Z'/><EventRecordID>48591</EventRecordID><Correlation ActivityID='{ea747987-49be-0000-ed87-74eabe49d901}'/><Execution ProcessID='600' ThreadID='708'/><Channel>Security</Channel><Computer>AttackDefense</Computer><Security/></System><EventData><Data Name='Dummy'>-</Data><Data Name='TargetUserName'>john</Data><Data Name='TargetDomainName'>ATTACKDEFENSE</Data><Data Name='TargetSid'>S-1-5-21-3688751335-3073641799-161370460-1012</Data><Data Name='SubjectUserSid'>S-1-5-21-3688751335-3073641799-161370460-500</Data><Data Name='SubjectUserName'>Administrator</Data><Data Name='SubjectDomainName'>ATTACKDEFENSE</Data><Data Name='SubjectLogonId'>0x4129c</Data><Data Name='PrivilegeList'>-</Data><Data Name='SamAccountName'>john</Data><Data Name='DisplayName'>%%1793</Data><Data Name='UserPrincipalName'>-</Data><Data Name='HomeDirectory'>%%1793</Data><Data Name='HomePath'>%%1793</Data><Data Name='ScriptPath'>%%1793</Data><Data Name='ProfilePath'>%%1793</Data><Data Name='UserWorkstations'>%%1793</Data><Data Name='PasswordLastSet'>2/26/2023 10:48:15 AM</Data><Data Name='AccountExpires'>%%1794</Data><Data Name='PrimaryGroupId'>513</Data><Data Name='AllowedToDelegateTo'>-</Data><Data Name='OldUacValue'>0x15</Data><Data Name='NewUacValue'>0x10</Data><Data Name='UserAccountControl'>
		%%2048
		%%2050</Data><Data Name='UserParameters'>-</Data><Data Name='SidHistory'>-</Data><Data Name='LogonHours'>%%1797</Data></EventData></Event><Event xmlns='http://schemas.microsoft.com/win/2004/08/events/event'><System><Provider Name='Microsoft-Windows-Security-Auditing' Guid='{54849625-5478-4994-a5ba-3e3b0328c30d}'/><EventID>4722</EventID><Version>0</Version><Level>0</Level><Task>13824</Task><Opcode>0</Opcode><Keywords>0x8020000000000000</Keywords><TimeCreated SystemTime='2023-02-26T10:48:15.144010100Z'/><EventRecordID>48590</EventRecordID><Correlation ActivityID='{ea747987-49be-0000-ed87-74eabe49d901}'/><Execution ProcessID='600' ThreadID='708'/><Channel>Security</Channel><Computer>AttackDefense</Computer><Security/></System><EventData><Data Name='TargetUserName'>john</Data><Data Name='TargetDomainName'>ATTACKDEFENSE</Data><Data Name='TargetSid'>S-1-5-21-3688751335-3073641799-161370460-1012</Data><Data Name='SubjectUserSid'>S-1-5-21-3688751335-3073641799-161370460-500</Data><Data Name='SubjectUserName'>Administrator</Data><Data Name='SubjectDomainName'>ATTACKDEFENSE</Data><Data Name='SubjectLogonId'>0x4129c</Data></EventData></Event><Event xmlns='http://schemas.microsoft.com/win/2004/08/events/event'><System><Provider Name='Microsoft-Windows-Security-Auditing' Guid='{54849625-5478-4994-a5ba-3e3b0328c30d}'/><EventID>4720</EventID><Version>0</Version><Level>0</Level><Task>13824</Task><Opcode>0</Opcode><Keywords>0x8020000000000000</Keywords><TimeCreated SystemTime='2023-02-26T10:48:15.124233100Z'/><EventRecordID>48589</EventRecordID><Correlation ActivityID='{ea747987-49be-0000-ed87-74eabe49d901}'/><Execution ProcessID='600' ThreadID='708'/><Channel>Security</Channel><Computer>AttackDefense</Computer><Security/></System><EventData><Data Name='TargetUserName'>john</Data><Data Name='TargetDomainName'>ATTACKDEFENSE</Data><Data Name='TargetSid'>S-1-5-21-3688751335-3073641799-161370460-1012</Data><Data Name='SubjectUserSid'>S-1-5-21-3688751335-3073641799-161370460-500</Data><Data Name='SubjectUserName'>Administrator</Data><Data Name='SubjectDomainName'>ATTACKDEFENSE</Data><Data Name='SubjectLogonId'>0x4129c</Data><Data Name='PrivilegeList'>-</Data><Data Name='SamAccountName'>john</Data><Data Name='DisplayName'>%%1793</Data><Data Name='UserPrincipalName'>-</Data><Data Name='HomeDirectory'>%%1793</Data><Data Name='HomePath'>%%1793</Data><Data Name='ScriptPath'>%%1793</Data><Data Name='ProfilePath'>%%1793</Data><Data Name='UserWorkstations'>%%1793</Data><Data Name='PasswordLastSet'>%%1794</Data><Data Name='AccountExpires'>%%1794</Data><Data Name='PrimaryGroupId'>513</Data><Data Name='AllowedToDelegateTo'>-</Data><Data Name='OldUacValue'>0x0</Data><Data Name='NewUacValue'>0x15</Data><Data Name='UserAccountControl'>
		%%2080
		%%2082
		%%2084</Data><Data Name='UserParameters'>%%1793</Data><Data Name='SidHistory'>-</Data><Data Name='LogonHours'>%%1797</Data></EventData></Event><Event xmlns='http://schemas.microsoft.com/win/2004/08/events/event'><System><Provider Name='Microsoft-Windows-Security-Auditing' Guid='{54849625-5478-4994-a5ba-3e3b0328c30d}'/><EventID>4728</EventID><Version>0</Version><Level>0</Level><Task>13826</Task><Opcode>0</Opcode><Keywords>0x8020000000000000</Keywords><TimeCreated SystemTime='2023-02-26T10:48:15.123353800Z'/><EventRecordID>48588</EventRecordID><Correlation ActivityID='{ea747987-49be-0000-ed87-74eabe49d901}'/><Execution ProcessID='600' ThreadID='708'/><Channel>Security</Channel><Computer>AttackDefense</Computer><Security/></System><EventData><Data Name='MemberName'>-</Data><Data Name='MemberSid'>S-1-5-21-3688751335-3073641799-161370460-1012</Data><Data Name='TargetUserName'>None</Data><Data Name='TargetDomainName'>ATTACKDEFENSE</Data><Data Name='TargetSid'>S-1-5-21-3688751335-3073641799-161370460-513</Data><Data Name='SubjectUserSid'>S-1-5-21-3688751335-3073641799-161370460-500</Data><Data Name='SubjectUserName'>Administrator</Data><Data Name='SubjectDomainName'>ATTACKDEFENSE</Data><Data Name='SubjectLogonId'>0x4129c</Data><Data Name='PrivilegeList'>-</Data></EventData></Event></Events>