﻿<?xml version="1.0" encoding="utf-8" standalone="yes"?>
<Events><Event xmlns='http://schemas.microsoft.com/win/2004/08/events/event'><System><Provider Name='Microsoft-Windows-Security-Auditing' Guid='{54849625-5478-4994-a5ba-3e3b0328c30d}'/><EventID>4634</EventID><Version>0</Version><Level>0</Level><Task>12545</Task><Opcode>0</Opcode><Keywords>0x8020000000000000</Keywords><TimeCreated SystemTime='2023-03-11T14:05:32.707649300Z'/><EventRecordID>49924</EventRecordID><Correlation/><Execution ProcessID='596' ThreadID='636'/><Channel>Security</Channel><Computer>AttackDefense</Computer><Security/></System><EventData><Data Name='TargetUserSid'>S-1-5-21-3688751335-3073641799-161370460-500</Data><Data Name='TargetUserName'>Administrator</Data><Data Name='TargetDomainName'>ATTACKDEFENSE</Data><Data Name='TargetLogonId'>0x2d2ead</Data><Data Name='LogonType'>3</Data></EventData></Event><Event xmlns='http://schemas.microsoft.com/win/2004/08/events/event'><System><Provider Name='Microsoft-Windows-Security-Auditing' Guid='{54849625-5478-4994-a5ba-3e3b0328c30d}'/><EventID>4624</EventID><Version>2</Version><Level>0</Level><Task>12544</Task><Opcode>0</Opcode><Keywords>0x8020000000000000</Keywords><TimeCreated SystemTime='2023-03-11T14:05:32.705015500Z'/><EventRecordID>49923</EventRecordID><Correlation ActivityID='{2ffe60e4-5419-0001-1661-fe2f1954d901}'/><Execution ProcessID='596' ThreadID='636'/><Channel>Security</Channel><Computer>AttackDefense</Computer><Security/></System><EventData><Data Name='SubjectUserSid'>S-1-0-0</Data><Data Name='SubjectUserName'>-</Data><Data Name='SubjectDomainName'>-</Data><Data Name='SubjectLogonId'>0x0</Data><Data Name='TargetUserSid'>S-1-5-21-3688751335-3073641799-161370460-500</Data><Data Name='TargetUserName'>Administrator</Data><Data Name='TargetDomainName'>ATTACKDEFENSE</Data><Data Name='TargetLogonId'>0x2d2ead</Data><Data Name='LogonType'>3</Data><Data Name='LogonProcessName'>NtLmSsp </Data><Data Name='AuthenticationPackageName'>NTLM</Data><Data Name='WorkstationName'>\\10.10.21.3</Data><Data Name='LogonGuid'>{00000000-0000-0000-0000-000000000000}</Data><Data Name='TransmittedServices'>-</Data><Data Name='LmPackageName'>NTLM V1</Data><Data Name='KeyLength'>0</Data><Data Name='ProcessId'>0x0</Data><Data Name='ProcessName'>-</Data><Data Name='IpAddress'>10.10.21.3</Data><Data Name='IpPort'>42604</Data><Data Name='ImpersonationLevel'>%%1833</Data><Data Name='RestrictedAdminMode'>-</Data><Data Name='TargetOutboundUserName'>-</Data><Data Name='TargetOutboundDomainName'>-</Data><Data Name='VirtualAccount'>%%1843</Data><Data Name='TargetLinkedLogonId'>0x0</Data><Data Name='ElevatedToken'>%%1842</Data></EventData></Event><Event xmlns='http://schemas.microsoft.com/win/2004/08/events/event'><System><Provider Name='Microsoft-Windows-Security-Auditing' Guid='{54849625-5478-4994-a5ba-3e3b0328c30d}'/><EventID>4625</EventID><Version>0</Version><Level>0</Level><Task>12544</Task><Opcode>0</Opcode><Keywords>0x8010000000000000</Keywords><TimeCreated SystemTime='2023-03-11T14:05:32.695566200Z'/><EventRecordID>49922</EventRecordID><Correlation ActivityID='{2ffe60e4-5419-0001-1661-fe2f1954d901}'/><Execution ProcessID='596' ThreadID='636'/><Channel>Security</Channel><Computer>AttackDefense</Computer><Security/></System><EventData><Data Name='SubjectUserSid'>S-1-0-0</Data><Data Name='SubjectUserName'>-</Data><Data Name='SubjectDomainName'>-</Data><Data Name='SubjectLogonId'>0x0</Data><Data Name='TargetUserSid'>S-1-0-0</Data><Data Name='TargetUserName'>administrator</Data><Data Name='TargetDomainName'></Data><Data Name='Status'>0xc000006d</Data><Data Name='FailureReason'>%%2313</Data><Data Name='SubStatus'>0xc000006a</Data><Data Name='LogonType'>3</Data><Data Name='LogonProcessName'>NtLmSsp </Data><Data Name='AuthenticationPackageName'>NTLM</Data><Data Name='WorkstationName'>\\10.10.21.3</Data><Data Name='TransmittedServices'>-</Data><Data Name='LmPackageName'>-</Data><Data Name='KeyLength'>0</Data><Data Name='ProcessId'>0x0</Data><Data Name='ProcessName'>-</Data><Data Name='IpAddress'>10.10.21.3</Data><Data Name='IpPort'>42602</Data></EventData></Event><Event xmlns='http://schemas.microsoft.com/win/2004/08/events/event'><System><Provider Name='Microsoft-Windows-Security-Auditing' Guid='{54849625-5478-4994-a5ba-3e3b0328c30d}'/><EventID>4625</EventID><Version>0</Version><Level>0</Level><Task>12544</Task><Opcode>0</Opcode><Keywords>0x8010000000000000</Keywords><TimeCreated SystemTime='2023-03-11T14:05:32.685623000Z'/><EventRecordID>49921</EventRecordID><Correlation ActivityID='{2ffe60e4-5419-0001-1661-fe2f1954d901}'/><Execution ProcessID='596' ThreadID='636'/><Channel>Security</Channel><Computer>AttackDefense</Computer><Security/></System><EventData><Data Name='SubjectUserSid'>S-1-0-0</Data><Data Name='SubjectUserName'>-</Data><Data Name='SubjectDomainName'>-</Data><Data Name='SubjectLogonId'>0x0</Data><Data Name='TargetUserSid'>S-1-0-0</Data><Data Name='TargetUserName'>administrator</Data><Data Name='TargetDomainName'></Data><Data Name='Status'>0xc000006d</Data><Data Name='FailureReason'>%%2313</Data><Data Name='SubStatus'>0xc000006a</Data><Data Name='LogonType'>3</Data><Data Name='LogonProcessName'>NtLmSsp </Data><Data Name='AuthenticationPackageName'>NTLM</Data><Data Name='WorkstationName'>\\10.10.21.3</Data><Data Name='TransmittedServices'>-</Data><Data Name='LmPackageName'>-</Data><Data Name='KeyLength'>0</Data><Data Name='ProcessId'>0x0</Data><Data Name='ProcessName'>-</Data><Data Name='IpAddress'>10.10.21.3</Data><Data Name='IpPort'>42600</Data></EventData></Event><Event xmlns='http://schemas.microsoft.com/win/2004/08/events/event'><System><Provider Name='Microsoft-Windows-Security-Auditing' Guid='{54849625-5478-4994-a5ba-3e3b0328c30d}'/><EventID>4625</EventID><Version>0</Version><Level>0</Level><Task>12544</Task><Opcode>0</Opcode><Keywords>0x8010000000000000</Keywords><TimeCreated SystemTime='2023-03-11T14:05:32.675009600Z'/><EventRecordID>49920</EventRecordID><Correlation ActivityID='{2ffe60e4-5419-0001-1661-fe2f1954d901}'/><Execution ProcessID='596' ThreadID='636'/><Channel>Security</Channel><Computer>AttackDefense</Computer><Security/></System><EventData><Data Name='SubjectUserSid'>S-1-0-0</Data><Data Name='SubjectUserName'>-</Data><Data Name='SubjectDomainName'>-</Data><Data Name='SubjectLogonId'>0x0</Data><Data Name='TargetUserSid'>S-1-0-0</Data><Data Name='TargetUserName'>administrator</Data><Data Name='TargetDomainName'></Data><Data Name='Status'>0xc000006d</Data><Data Name='FailureReason'>%%2313</Data><Data Name='SubStatus'>0xc000006a</Data><Data Name='LogonType'>3</Data><Data Name='LogonProcessName'>NtLmSsp </Data><Data Name='AuthenticationPackageName'>NTLM</Data><Data Name='WorkstationName'>\\10.10.21.3</Data><Data Name='TransmittedServices'>-</Data><Data Name='LmPackageName'>-</Data><Data Name='KeyLength'>0</Data><Data Name='ProcessId'>0x0</Data><Data Name='ProcessName'>-</Data><Data Name='IpAddress'>10.10.21.3</Data><Data Name='IpPort'>42598</Data></EventData></Event><Event xmlns='http://schemas.microsoft.com/win/2004/08/events/event'><System><Provider Name='Microsoft-Windows-Security-Auditing' Guid='{54849625-5478-4994-a5ba-3e3b0328c30d}'/><EventID>4625</EventID><Version>0</Version><Level>0</Level><Task>12544</Task><Opcode>0</Opcode><Keywords>0x8010000000000000</Keywords><TimeCreated SystemTime='2023-03-11T14:05:32.664868900Z'/><EventRecordID>49919</EventRecordID><Correlation ActivityID='{2ffe60e4-5419-0001-1661-fe2f1954d901}'/><Execution ProcessID='596' ThreadID='636'/><Channel>Security</Channel><Computer>AttackDefense</Computer><Security/></System><EventData><Data Name='SubjectUserSid'>S-1-0-0</Data><Data Name='SubjectUserName'>-</Data><Data Name='SubjectDomainName'>-</Data><Data Name='SubjectLogonId'>0x0</Data><Data Name='TargetUserSid'>S-1-0-0</Data><Data Name='TargetUserName'>administrator</Data><Data Name='TargetDomainName'></Data><Data Name='Status'>0xc000006d</Data><Data Name='FailureReason'>%%2313</Data><Data Name='SubStatus'>0xc000006a</Data><Data Name='LogonType'>3</Data><Data Name='LogonProcessName'>NtLmSsp </Data><Data Name='AuthenticationPackageName'>NTLM</Data><Data Name='WorkstationName'>\\10.10.21.3</Data><Data Name='TransmittedServices'>-</Data><Data Name='LmPackageName'>-</Data><Data Name='KeyLength'>0</Data><Data Name='ProcessId'>0x0</Data><Data Name='ProcessName'>-</Data><Data Name='IpAddress'>10.10.21.3</Data><Data Name='IpPort'>42596</Data></EventData></Event><Event xmlns='http://schemas.microsoft.com/win/2004/08/events/event'><System><Provider Name='Microsoft-Windows-Security-Auditing' Guid='{54849625-5478-4994-a5ba-3e3b0328c30d}'/><EventID>4625</EventID><Version>0</Version><Level>0</Level><Task>12544</Task><Opcode>0</Opcode><Keywords>0x8010000000000000</Keywords><TimeCreated SystemTime='2023-03-11T14:05:32.654659500Z'/><EventRecordID>49918</EventRecordID><Correlation ActivityID='{2ffe60e4-5419-0001-1661-fe2f1954d901}'/><Execution ProcessID='596' ThreadID='636'/><Channel>Security</Channel><Computer>AttackDefense</Computer><Security/></System><EventData><Data Name='SubjectUserSid'>S-1-0-0</Data><Data Name='SubjectUserName'>-</Data><Data Name='SubjectDomainName'>-</Data><Data Name='SubjectLogonId'>0x0</Data><Data Name='TargetUserSid'>S-1-0-0</Data><Data Name='TargetUserName'>administrator</Data><Data Name='TargetDomainName'></Data><Data Name='Status'>0xc000006d</Data><Data Name='FailureReason'>%%2313</Data><Data Name='SubStatus'>0xc000006a</Data><Data Name='LogonType'>3</Data><Data Name='LogonProcessName'>NtLmSsp </Data><Data Name='AuthenticationPackageName'>NTLM</Data><Data Name='WorkstationName'>\\10.10.21.3</Data><Data Name='TransmittedServices'>-</Data><Data Name='LmPackageName'>-</Data><Data Name='KeyLength'>0</Data><Data Name='ProcessId'>0x0</Data><Data Name='ProcessName'>-</Data><Data Name='IpAddress'>10.10.21.3</Data><Data Name='IpPort'>42594</Data></EventData></Event><Event xmlns='http://schemas.microsoft.com/win/2004/08/events/event'><System><Provider Name='Microsoft-Windows-Security-Auditing' Guid='{54849625-5478-4994-a5ba-3e3b0328c30d}'/><EventID>4625</EventID><Version>0</Version><Level>0</Level><Task>12544</Task><Opcode>0</Opcode><Keywords>0x8010000000000000</Keywords><TimeCreated SystemTime='2023-03-11T14:05:32.644457800Z'/><EventRecordID>49917</EventRecordID><Correlation ActivityID='{2ffe60e4-5419-0001-1661-fe2f1954d901}'/><Execution ProcessID='596' ThreadID='636'/><Channel>Security</Channel><Computer>AttackDefense</Computer><Security/></System><EventData><Data Name='SubjectUserSid'>S-1-0-0</Data><Data Name='SubjectUserName'>-</Data><Data Name='SubjectDomainName'>-</Data><Data Name='SubjectLogonId'>0x0</Data><Data Name='TargetUserSid'>S-1-0-0</Data><Data Name='TargetUserName'>administrator</Data><Data Name='TargetDomainName'></Data><Data Name='Status'>0xc000006d</Data><Data Name='FailureReason'>%%2313</Data><Data Name='SubStatus'>0xc000006a</Data><Data Name='LogonType'>3</Data><Data Name='LogonProcessName'>NtLmSsp </Data><Data Name='AuthenticationPackageName'>NTLM</Data><Data Name='WorkstationName'>\\10.10.21.3</Data><Data Name='TransmittedServices'>-</Data><Data Name='LmPackageName'>-</Data><Data Name='KeyLength'>0</Data><Data Name='ProcessId'>0x0</Data><Data Name='ProcessName'>-</Data><Data Name='IpAddress'>10.10.21.3</Data><Data Name='IpPort'>42592</Data></EventData></Event><Event xmlns='http://schemas.microsoft.com/win/2004/08/events/event'><System><Provider Name='Microsoft-Windows-Security-Auditing' Guid='{54849625-5478-4994-a5ba-3e3b0328c30d}'/><EventID>4625</EventID><Version>0</Version><Level>0</Level><Task>12544</Task><Opcode>0</Opcode><Keywords>0x8010000000000000</Keywords><TimeCreated SystemTime='2023-03-11T14:05:32.634402500Z'/><EventRecordID>49916</EventRecordID><Correlation ActivityID='{2ffe60e4-5419-0001-1661-fe2f1954d901}'/><Execution ProcessID='596' ThreadID='636'/><Channel>Security</Channel><Computer>AttackDefense</Computer><Security/></System><EventData><Data Name='SubjectUserSid'>S-1-0-0</Data><Data Name='SubjectUserName'>-</Data><Data Name='SubjectDomainName'>-</Data><Data Name='SubjectLogonId'>0x0</Data><Data Name='TargetUserSid'>S-1-0-0</Data><Data Name='TargetUserName'>administrator</Data><Data Name='TargetDomainName'></Data><Data Name='Status'>0xc000006d</Data><Data Name='FailureReason'>%%2313</Data><Data Name='SubStatus'>0xc000006a</Data><Data Name='LogonType'>3</Data><Data Name='LogonProcessName'>NtLmSsp </Data><Data Name='AuthenticationPackageName'>NTLM</Data><Data Name='WorkstationName'>\\10.10.21.3</Data><Data Name='TransmittedServices'>-</Data><Data Name='LmPackageName'>-</Data><Data Name='KeyLength'>0</Data><Data Name='ProcessId'>0x0</Data><Data Name='ProcessName'>-</Data><Data Name='IpAddress'>10.10.21.3</Data><Data Name='IpPort'>42590</Data></EventData></Event><Event xmlns='http://schemas.microsoft.com/win/2004/08/events/event'><System><Provider Name='Microsoft-Windows-Security-Auditing' Guid='{54849625-5478-4994-a5ba-3e3b0328c30d}'/><EventID>4625</EventID><Version>0</Version><Level>0</Level><Task>12544</Task><Opcode>0</Opcode><Keywords>0x8010000000000000</Keywords><TimeCreated SystemTime='2023-03-11T14:05:32.625159400Z'/><EventRecordID>49915</EventRecordID><Correlation ActivityID='{2ffe60e4-5419-0001-1661-fe2f1954d901}'/><Execution ProcessID='596' ThreadID='636'/><Channel>Security</Channel><Computer>AttackDefense</Computer><Security/></System><EventData><Data Name='SubjectUserSid'>S-1-0-0</Data><Data Name='SubjectUserName'>-</Data><Data Name='SubjectDomainName'>-</Data><Data Name='SubjectLogonId'>0x0</Data><Data Name='TargetUserSid'>S-1-0-0</Data><Data Name='TargetUserName'>administrator</Data><Data Name='TargetDomainName'></Data><Data Name='Status'>0xc000006d</Data><Data Name='FailureReason'>%%2313</Data><Data Name='SubStatus'>0xc000006a</Data><Data Name='LogonType'>3</Data><Data Name='LogonProcessName'>NtLmSsp </Data><Data Name='AuthenticationPackageName'>NTLM</Data><Data Name='WorkstationName'>\\10.10.21.3</Data><Data Name='TransmittedServices'>-</Data><Data Name='LmPackageName'>-</Data><Data Name='KeyLength'>0</Data><Data Name='ProcessId'>0x0</Data><Data Name='ProcessName'>-</Data><Data Name='IpAddress'>10.10.21.3</Data><Data Name='IpPort'>42588</Data></EventData></Event><Event xmlns='http://schemas.microsoft.com/win/2004/08/events/event'><System><Provider Name='Microsoft-Windows-Security-Auditing' Guid='{54849625-5478-4994-a5ba-3e3b0328c30d}'/><EventID>4625</EventID><Version>0</Version><Level>0</Level><Task>12544</Task><Opcode>0</Opcode><Keywords>0x8010000000000000</Keywords><TimeCreated SystemTime='2023-03-11T14:05:32.614460200Z'/><EventRecordID>49914</EventRecordID><Correlation ActivityID='{2ffe60e4-5419-0001-1661-fe2f1954d901}'/><Execution ProcessID='596' ThreadID='636'/><Channel>Security</Channel><Computer>AttackDefense</Computer><Security/></System><EventData><Data Name='SubjectUserSid'>S-1-0-0</Data><Data Name='SubjectUserName'>-</Data><Data Name='SubjectDomainName'>-</Data><Data Name='SubjectLogonId'>0x0</Data><Data Name='TargetUserSid'>S-1-0-0</Data><Data Name='TargetUserName'>administrator</Data><Data Name='TargetDomainName'></Data><Data Name='Status'>0xc000006d</Data><Data Name='FailureReason'>%%2313</Data><Data Name='SubStatus'>0xc000006a</Data><Data Name='LogonType'>3</Data><Data Name='LogonProcessName'>NtLmSsp </Data><Data Name='AuthenticationPackageName'>NTLM</Data><Data Name='WorkstationName'>\\10.10.21.3</Data><Data Name='TransmittedServices'>-</Data><Data Name='LmPackageName'>-</Data><Data Name='KeyLength'>0</Data><Data Name='ProcessId'>0x0</Data><Data Name='ProcessName'>-</Data><Data Name='IpAddress'>10.10.21.3</Data><Data Name='IpPort'>42586</Data></EventData></Event><Event xmlns='http://schemas.microsoft.com/win/2004/08/events/event'><System><Provider Name='Microsoft-Windows-Security-Auditing' Guid='{54849625-5478-4994-a5ba-3e3b0328c30d}'/><EventID>4625</EventID><Version>0</Version><Level>0</Level><Task>12544</Task><Opcode>0</Opcode><Keywords>0x8010000000000000</Keywords><TimeCreated SystemTime='2023-03-11T14:05:32.604697800Z'/><EventRecordID>49913</EventRecordID><Correlation ActivityID='{2ffe60e4-5419-0001-1661-fe2f1954d901}'/><Execution ProcessID='596' ThreadID='636'/><Channel>Security</Channel><Computer>AttackDefense</Computer><Security/></System><EventData><Data Name='SubjectUserSid'>S-1-0-0</Data><Data Name='SubjectUserName'>-</Data><Data Name='SubjectDomainName'>-</Data><Data Name='SubjectLogonId'>0x0</Data><Data Name='TargetUserSid'>S-1-0-0</Data><Data Name='TargetUserName'>administrator</Data><Data Name='TargetDomainName'></Data><Data Name='Status'>0xc000006d</Data><Data Name='FailureReason'>%%2313</Data><Data Name='SubStatus'>0xc000006a</Data><Data Name='LogonType'>3</Data><Data Name='LogonProcessName'>NtLmSsp </Data><Data Name='AuthenticationPackageName'>NTLM</Data><Data Name='WorkstationName'>\\10.10.21.3</Data><Data Name='TransmittedServices'>-</Data><Data Name='LmPackageName'>-</Data><Data Name='KeyLength'>0</Data><Data Name='ProcessId'>0x0</Data><Data Name='ProcessName'>-</Data><Data Name='IpAddress'>10.10.21.3</Data><Data Name='IpPort'>42584</Data></EventData></Event><Event xmlns='http://schemas.microsoft.com/win/2004/08/events/event'><System><Provider Name='Microsoft-Windows-Security-Auditing' Guid='{54849625-5478-4994-a5ba-3e3b0328c30d}'/><EventID>4625</EventID><Version>0</Version><Level>0</Level><Task>12544</Task><Opcode>0</Opcode><Keywords>0x8010000000000000</Keywords><TimeCreated SystemTime='2023-03-11T14:05:32.594081600Z'/><EventRecordID>49912</EventRecordID><Correlation ActivityID='{2ffe60e4-5419-0001-1661-fe2f1954d901}'/><Execution ProcessID='596' ThreadID='636'/><Channel>Security</Channel><Computer>AttackDefense</Computer><Security/></System><EventData><Data Name='SubjectUserSid'>S-1-0-0</Data><Data Name='SubjectUserName'>-</Data><Data Name='SubjectDomainName'>-</Data><Data Name='SubjectLogonId'>0x0</Data><Data Name='TargetUserSid'>S-1-0-0</Data><Data Name='TargetUserName'>administrator</Data><Data Name='TargetDomainName'></Data><Data Name='Status'>0xc000006d</Data><Data Name='FailureReason'>%%2313</Data><Data Name='SubStatus'>0xc000006a</Data><Data Name='LogonType'>3</Data><Data Name='LogonProcessName'>NtLmSsp </Data><Data Name='AuthenticationPackageName'>NTLM</Data><Data Name='WorkstationName'>\\10.10.21.3</Data><Data Name='TransmittedServices'>-</Data><Data Name='LmPackageName'>-</Data><Data Name='KeyLength'>0</Data><Data Name='ProcessId'>0x0</Data><Data Name='ProcessName'>-</Data><Data Name='IpAddress'>10.10.21.3</Data><Data Name='IpPort'>42582</Data></EventData></Event><Event xmlns='http://schemas.microsoft.com/win/2004/08/events/event'><System><Provider Name='Microsoft-Windows-Security-Auditing' Guid='{54849625-5478-4994-a5ba-3e3b0328c30d}'/><EventID>4625</EventID><Version>0</Version><Level>0</Level><Task>12544</Task><Opcode>0</Opcode><Keywords>0x8010000000000000</Keywords><TimeCreated SystemTime='2023-03-11T14:05:32.583902600Z'/><EventRecordID>49911</EventRecordID><Correlation ActivityID='{2ffe60e4-5419-0001-1661-fe2f1954d901}'/><Execution ProcessID='596' ThreadID='636'/><Channel>Security</Channel><Computer>AttackDefense</Computer><Security/></System><EventData><Data Name='SubjectUserSid'>S-1-0-0</Data><Data Name='SubjectUserName'>-</Data><Data Name='SubjectDomainName'>-</Data><Data Name='SubjectLogonId'>0x0</Data><Data Name='TargetUserSid'>S-1-0-0</Data><Data Name='TargetUserName'>administrator</Data><Data Name='TargetDomainName'></Data><Data Name='Status'>0xc000006d</Data><Data Name='FailureReason'>%%2313</Data><Data Name='SubStatus'>0xc000006a</Data><Data Name='LogonType'>3</Data><Data Name='LogonProcessName'>NtLmSsp </Data><Data Name='AuthenticationPackageName'>NTLM</Data><Data Name='WorkstationName'>\\10.10.21.3</Data><Data Name='TransmittedServices'>-</Data><Data Name='LmPackageName'>-</Data><Data Name='KeyLength'>0</Data><Data Name='ProcessId'>0x0</Data><Data Name='ProcessName'>-</Data><Data Name='IpAddress'>10.10.21.3</Data><Data Name='IpPort'>42580</Data></EventData></Event><Event xmlns='http://schemas.microsoft.com/win/2004/08/events/event'><System><Provider Name='Microsoft-Windows-Security-Auditing' Guid='{54849625-5478-4994-a5ba-3e3b0328c30d}'/><EventID>4625</EventID><Version>0</Version><Level>0</Level><Task>12544</Task><Opcode>0</Opcode><Keywords>0x8010000000000000</Keywords><TimeCreated SystemTime='2023-03-11T14:05:32.574525300Z'/><EventRecordID>49910</EventRecordID><Correlation ActivityID='{2ffe60e4-5419-0001-1661-fe2f1954d901}'/><Execution ProcessID='596' ThreadID='636'/><Channel>Security</Channel><Computer>AttackDefense</Computer><Security/></System><EventData><Data Name='SubjectUserSid'>S-1-0-0</Data><Data Name='SubjectUserName'>-</Data><Data Name='SubjectDomainName'>-</Data><Data Name='SubjectLogonId'>0x0</Data><Data Name='TargetUserSid'>S-1-0-0</Data><Data Name='TargetUserName'>administrator</Data><Data Name='TargetDomainName'></Data><Data Name='Status'>0xc000006d</Data><Data Name='FailureReason'>%%2313</Data><Data Name='SubStatus'>0xc000006a</Data><Data Name='LogonType'>3</Data><Data Name='LogonProcessName'>NtLmSsp </Data><Data Name='AuthenticationPackageName'>NTLM</Data><Data Name='WorkstationName'>\\10.10.21.3</Data><Data Name='TransmittedServices'>-</Data><Data Name='LmPackageName'>-</Data><Data Name='KeyLength'>0</Data><Data Name='ProcessId'>0x0</Data><Data Name='ProcessName'>-</Data><Data Name='IpAddress'>10.10.21.3</Data><Data Name='IpPort'>42578</Data></EventData></Event><Event xmlns='http://schemas.microsoft.com/win/2004/08/events/event'><System><Provider Name='Microsoft-Windows-Security-Auditing' Guid='{54849625-5478-4994-a5ba-3e3b0328c30d}'/><EventID>4625</EventID><Version>0</Version><Level>0</Level><Task>12544</Task><Opcode>0</Opcode><Keywords>0x8010000000000000</Keywords><TimeCreated SystemTime='2023-03-11T14:05:32.563928200Z'/><EventRecordID>49909</EventRecordID><Correlation ActivityID='{2ffe60e4-5419-0001-1661-fe2f1954d901}'/><Execution ProcessID='596' ThreadID='636'/><Channel>Security</Channel><Computer>AttackDefense</Computer><Security/></System><EventData><Data Name='SubjectUserSid'>S-1-0-0</Data><Data Name='SubjectUserName'>-</Data><Data Name='SubjectDomainName'>-</Data><Data Name='SubjectLogonId'>0x0</Data><Data Name='TargetUserSid'>S-1-0-0</Data><Data Name='TargetUserName'>administrator</Data><Data Name='TargetDomainName'></Data><Data Name='Status'>0xc000006d</Data><Data Name='FailureReason'>%%2313</Data><Data Name='SubStatus'>0xc000006a</Data><Data Name='LogonType'>3</Data><Data Name='LogonProcessName'>NtLmSsp </Data><Data Name='AuthenticationPackageName'>NTLM</Data><Data Name='WorkstationName'>\\10.10.21.3</Data><Data Name='TransmittedServices'>-</Data><Data Name='LmPackageName'>-</Data><Data Name='KeyLength'>0</Data><Data Name='ProcessId'>0x0</Data><Data Name='ProcessName'>-</Data><Data Name='IpAddress'>10.10.21.3</Data><Data Name='IpPort'>42576</Data></EventData></Event><Event xmlns='http://schemas.microsoft.com/win/2004/08/events/event'><System><Provider Name='Microsoft-Windows-Security-Auditing' Guid='{54849625-5478-4994-a5ba-3e3b0328c30d}'/><EventID>4625</EventID><Version>0</Version><Level>0</Level><Task>12544</Task><Opcode>0</Opcode><Keywords>0x8010000000000000</Keywords><TimeCreated SystemTime='2023-03-11T14:05:32.554542300Z'/><EventRecordID>49908</EventRecordID><Correlation ActivityID='{2ffe60e4-5419-0001-1661-fe2f1954d901}'/><Execution ProcessID='596' ThreadID='636'/><Channel>Security</Channel><Computer>AttackDefense</Computer><Security/></System><EventData><Data Name='SubjectUserSid'>S-1-0-0</Data><Data Name='SubjectUserName'>-</Data><Data Name='SubjectDomainName'>-</Data><Data Name='SubjectLogonId'>0x0</Data><Data Name='TargetUserSid'>S-1-0-0</Data><Data Name='TargetUserName'>administrator</Data><Data Name='TargetDomainName'></Data><Data Name='Status'>0xc000006d</Data><Data Name='FailureReason'>%%2313</Data><Data Name='SubStatus'>0xc000006a</Data><Data Name='LogonType'>3</Data><Data Name='LogonProcessName'>NtLmSsp </Data><Data Name='AuthenticationPackageName'>NTLM</Data><Data Name='WorkstationName'>\\10.10.21.3</Data><Data Name='TransmittedServices'>-</Data><Data Name='LmPackageName'>-</Data><Data Name='KeyLength'>0</Data><Data Name='ProcessId'>0x0</Data><Data Name='ProcessName'>-</Data><Data Name='IpAddress'>10.10.21.3</Data><Data Name='IpPort'>42574</Data></EventData></Event><Event xmlns='http://schemas.microsoft.com/win/2004/08/events/event'><System><Provider Name='Microsoft-Windows-Security-Auditing' Guid='{54849625-5478-4994-a5ba-3e3b0328c30d}'/><EventID>4625</EventID><Version>0</Version><Level>0</Level><Task>12544</Task><Opcode>0</Opcode><Keywords>0x8010000000000000</Keywords><TimeCreated SystemTime='2023-03-11T14:05:32.544399600Z'/><EventRecordID>49907</EventRecordID><Correlation ActivityID='{2ffe60e4-5419-0001-1661-fe2f1954d901}'/><Execution ProcessID='596' ThreadID='636'/><Channel>Security</Channel><Computer>AttackDefense</Computer><Security/></System><EventData><Data Name='SubjectUserSid'>S-1-0-0</Data><Data Name='SubjectUserName'>-</Data><Data Name='SubjectDomainName'>-</Data><Data Name='SubjectLogonId'>0x0</Data><Data Name='TargetUserSid'>S-1-0-0</Data><Data Name='TargetUserName'>administrator</Data><Data Name='TargetDomainName'></Data><Data Name='Status'>0xc000006d</Data><Data Name='FailureReason'>%%2313</Data><Data Name='SubStatus'>0xc000006a</Data><Data Name='LogonType'>3</Data><Data Name='LogonProcessName'>NtLmSsp </Data><Data Name='AuthenticationPackageName'>NTLM</Data><Data Name='WorkstationName'>\\10.10.21.3</Data><Data Name='TransmittedServices'>-</Data><Data Name='LmPackageName'>-</Data><Data Name='KeyLength'>0</Data><Data Name='ProcessId'>0x0</Data><Data Name='ProcessName'>-</Data><Data Name='IpAddress'>10.10.21.3</Data><Data Name='IpPort'>42572</Data></EventData></Event><Event xmlns='http://schemas.microsoft.com/win/2004/08/events/event'><System><Provider Name='Microsoft-Windows-Security-Auditing' Guid='{54849625-5478-4994-a5ba-3e3b0328c30d}'/><EventID>4625</EventID><Version>0</Version><Level>0</Level><Task>12544</Task><Opcode>0</Opcode><Keywords>0x8010000000000000</Keywords><TimeCreated SystemTime='2023-03-11T14:05:32.534532700Z'/><EventRecordID>49906</EventRecordID><Correlation ActivityID='{2ffe60e4-5419-0001-1661-fe2f1954d901}'/><Execution ProcessID='596' ThreadID='636'/><Channel>Security</Channel><Computer>AttackDefense</Computer><Security/></System><EventData><Data Name='SubjectUserSid'>S-1-0-0</Data><Data Name='SubjectUserName'>-</Data><Data Name='SubjectDomainName'>-</Data><Data Name='SubjectLogonId'>0x0</Data><Data Name='TargetUserSid'>S-1-0-0</Data><Data Name='TargetUserName'>administrator</Data><Data Name='TargetDomainName'></Data><Data Name='Status'>0xc000006d</Data><Data Name='FailureReason'>%%2313</Data><Data Name='SubStatus'>0xc000006a</Data><Data Name='LogonType'>3</Data><Data Name='LogonProcessName'>NtLmSsp </Data><Data Name='AuthenticationPackageName'>NTLM</Data><Data Name='WorkstationName'>\\10.10.21.3</Data><Data Name='TransmittedServices'>-</Data><Data Name='LmPackageName'>-</Data><Data Name='KeyLength'>0</Data><Data Name='ProcessId'>0x0</Data><Data Name='ProcessName'>-</Data><Data Name='IpAddress'>10.10.21.3</Data><Data Name='IpPort'>42570</Data></EventData></Event><Event xmlns='http://schemas.microsoft.com/win/2004/08/events/event'><System><Provider Name='Microsoft-Windows-Security-Auditing' Guid='{54849625-5478-4994-a5ba-3e3b0328c30d}'/><EventID>4625</EventID><Version>0</Version><Level>0</Level><Task>12544</Task><Opcode>0</Opcode><Keywords>0x8010000000000000</Keywords><TimeCreated SystemTime='2023-03-11T14:05:32.524323700Z'/><EventRecordID>49905</EventRecordID><Correlation ActivityID='{2ffe60e4-5419-0001-1661-fe2f1954d901}'/><Execution ProcessID='596' ThreadID='636'/><Channel>Security</Channel><Computer>AttackDefense</Computer><Security/></System><EventData><Data Name='SubjectUserSid'>S-1-0-0</Data><Data Name='SubjectUserName'>-</Data><Data Name='SubjectDomainName'>-</Data><Data Name='SubjectLogonId'>0x0</Data><Data Name='TargetUserSid'>S-1-0-0</Data><Data Name='TargetUserName'>administrator</Data><Data Name='TargetDomainName'></Data><Data Name='Status'>0xc000006d</Data><Data Name='FailureReason'>%%2313</Data><Data Name='SubStatus'>0xc000006a</Data><Data Name='LogonType'>3</Data><Data Name='LogonProcessName'>NtLmSsp </Data><Data Name='AuthenticationPackageName'>NTLM</Data><Data Name='WorkstationName'>\\10.10.21.3</Data><Data Name='TransmittedServices'>-</Data><Data Name='LmPackageName'>-</Data><Data Name='KeyLength'>0</Data><Data Name='ProcessId'>0x0</Data><Data Name='ProcessName'>-</Data><Data Name='IpAddress'>10.10.21.3</Data><Data Name='IpPort'>42568</Data></EventData></Event><Event xmlns='http://schemas.microsoft.com/win/2004/08/events/event'><System><Provider Name='Microsoft-Windows-Security-Auditing' Guid='{54849625-5478-4994-a5ba-3e3b0328c30d}'/><EventID>4625</EventID><Version>0</Version><Level>0</Level><Task>12544</Task><Opcode>0</Opcode><Keywords>0x8010000000000000</Keywords><TimeCreated SystemTime='2023-03-11T14:05:32.513548900Z'/><EventRecordID>49904</EventRecordID><Correlation ActivityID='{2ffe60e4-5419-0001-1661-fe2f1954d901}'/><Execution ProcessID='596' ThreadID='636'/><Channel>Security</Channel><Computer>AttackDefense</Computer><Security/></System><EventData><Data Name='SubjectUserSid'>S-1-0-0</Data><Data Name='SubjectUserName'>-</Data><Data Name='SubjectDomainName'>-</Data><Data Name='SubjectLogonId'>0x0</Data><Data Name='TargetUserSid'>S-1-0-0</Data><Data Name='TargetUserName'>administrator</Data><Data Name='TargetDomainName'></Data><Data Name='Status'>0xc000006d</Data><Data Name='FailureReason'>%%2313</Data><Data Name='SubStatus'>0xc000006a</Data><Data Name='LogonType'>3</Data><Data Name='LogonProcessName'>NtLmSsp </Data><Data Name='AuthenticationPackageName'>NTLM</Data><Data Name='WorkstationName'>\\10.10.21.3</Data><Data Name='TransmittedServices'>-</Data><Data Name='LmPackageName'>-</Data><Data Name='KeyLength'>0</Data><Data Name='ProcessId'>0x0</Data><Data Name='ProcessName'>-</Data><Data Name='IpAddress'>10.10.21.3</Data><Data Name='IpPort'>42566</Data></EventData></Event><Event xmlns='http://schemas.microsoft.com/win/2004/08/events/event'><System><Provider Name='Microsoft-Windows-Security-Auditing' Guid='{54849625-5478-4994-a5ba-3e3b0328c30d}'/><EventID>4625</EventID><Version>0</Version><Level>0</Level><Task>12544</Task><Opcode>0</Opcode><Keywords>0x8010000000000000</Keywords><TimeCreated SystemTime='2023-03-11T14:05:32.503525000Z'/><EventRecordID>49903</EventRecordID><Correlation ActivityID='{2ffe60e4-5419-0001-1661-fe2f1954d901}'/><Execution ProcessID='596' ThreadID='636'/><Channel>Security</Channel><Computer>AttackDefense</Computer><Security/></System><EventData><Data Name='SubjectUserSid'>S-1-0-0</Data><Data Name='SubjectUserName'>-</Data><Data Name='SubjectDomainName'>-</Data><Data Name='SubjectLogonId'>0x0</Data><Data Name='TargetUserSid'>S-1-0-0</Data><Data Name='TargetUserName'>administrator</Data><Data Name='TargetDomainName'></Data><Data Name='Status'>0xc000006d</Data><Data Name='FailureReason'>%%2313</Data><Data Name='SubStatus'>0xc000006a</Data><Data Name='LogonType'>3</Data><Data Name='LogonProcessName'>NtLmSsp </Data><Data Name='AuthenticationPackageName'>NTLM</Data><Data Name='WorkstationName'>\\10.10.21.3</Data><Data Name='TransmittedServices'>-</Data><Data Name='LmPackageName'>-</Data><Data Name='KeyLength'>0</Data><Data Name='ProcessId'>0x0</Data><Data Name='ProcessName'>-</Data><Data Name='IpAddress'>10.10.21.3</Data><Data Name='IpPort'>42564</Data></EventData></Event><Event xmlns='http://schemas.microsoft.com/win/2004/08/events/event'><System><Provider Name='Microsoft-Windows-Security-Auditing' Guid='{54849625-5478-4994-a5ba-3e3b0328c30d}'/><EventID>4625</EventID><Version>0</Version><Level>0</Level><Task>12544</Task><Opcode>0</Opcode><Keywords>0x8010000000000000</Keywords><TimeCreated SystemTime='2023-03-11T14:05:32.493845400Z'/><EventRecordID>49902</EventRecordID><Correlation ActivityID='{2ffe60e4-5419-0001-1661-fe2f1954d901}'/><Execution ProcessID='596' ThreadID='636'/><Channel>Security</Channel><Computer>AttackDefense</Computer><Security/></System><EventData><Data Name='SubjectUserSid'>S-1-0-0</Data><Data Name='SubjectUserName'>-</Data><Data Name='SubjectDomainName'>-</Data><Data Name='SubjectLogonId'>0x0</Data><Data Name='TargetUserSid'>S-1-0-0</Data><Data Name='TargetUserName'>administrator</Data><Data Name='TargetDomainName'></Data><Data Name='Status'>0xc000006d</Data><Data Name='FailureReason'>%%2313</Data><Data Name='SubStatus'>0xc000006a</Data><Data Name='LogonType'>3</Data><Data Name='LogonProcessName'>NtLmSsp </Data><Data Name='AuthenticationPackageName'>NTLM</Data><Data Name='WorkstationName'>\\10.10.21.3</Data><Data Name='TransmittedServices'>-</Data><Data Name='LmPackageName'>-</Data><Data Name='KeyLength'>0</Data><Data Name='ProcessId'>0x0</Data><Data Name='ProcessName'>-</Data><Data Name='IpAddress'>10.10.21.3</Data><Data Name='IpPort'>42562</Data></EventData></Event><Event xmlns='http://schemas.microsoft.com/win/2004/08/events/event'><System><Provider Name='Microsoft-Windows-Security-Auditing' Guid='{54849625-5478-4994-a5ba-3e3b0328c30d}'/><EventID>4625</EventID><Version>0</Version><Level>0</Level><Task>12544</Task><Opcode>0</Opcode><Keywords>0x8010000000000000</Keywords><TimeCreated SystemTime='2023-03-11T14:05:32.483403400Z'/><EventRecordID>49901</EventRecordID><Correlation ActivityID='{2ffe60e4-5419-0001-1661-fe2f1954d901}'/><Execution ProcessID='596' ThreadID='636'/><Channel>Security</Channel><Computer>AttackDefense</Computer><Security/></System><EventData><Data Name='SubjectUserSid'>S-1-0-0</Data><Data Name='SubjectUserName'>-</Data><Data Name='SubjectDomainName'>-</Data><Data Name='SubjectLogonId'>0x0</Data><Data Name='TargetUserSid'>S-1-0-0</Data><Data Name='TargetUserName'>administrator</Data><Data Name='TargetDomainName'></Data><Data Name='Status'>0xc000006d</Data><Data Name='FailureReason'>%%2313</Data><Data Name='SubStatus'>0xc000006a</Data><Data Name='LogonType'>3</Data><Data Name='LogonProcessName'>NtLmSsp </Data><Data Name='AuthenticationPackageName'>NTLM</Data><Data Name='WorkstationName'>\\10.10.21.3</Data><Data Name='TransmittedServices'>-</Data><Data Name='LmPackageName'>-</Data><Data Name='KeyLength'>0</Data><Data Name='ProcessId'>0x0</Data><Data Name='ProcessName'>-</Data><Data Name='IpAddress'>10.10.21.3</Data><Data Name='IpPort'>42560</Data></EventData></Event><Event xmlns='http://schemas.microsoft.com/win/2004/08/events/event'><System><Provider Name='Microsoft-Windows-Security-Auditing' Guid='{54849625-5478-4994-a5ba-3e3b0328c30d}'/><EventID>4625</EventID><Version>0</Version><Level>0</Level><Task>12544</Task><Opcode>0</Opcode><Keywords>0x8010000000000000</Keywords><TimeCreated SystemTime='2023-03-11T14:05:32.473425900Z'/><EventRecordID>49900</EventRecordID><Correlation ActivityID='{2ffe60e4-5419-0001-1661-fe2f1954d901}'/><Execution ProcessID='596' ThreadID='636'/><Channel>Security</Channel><Computer>AttackDefense</Computer><Security/></System><EventData><Data Name='SubjectUserSid'>S-1-0-0</Data><Data Name='SubjectUserName'>-</Data><Data Name='SubjectDomainName'>-</Data><Data Name='SubjectLogonId'>0x0</Data><Data Name='TargetUserSid'>S-1-0-0</Data><Data Name='TargetUserName'>administrator</Data><Data Name='TargetDomainName'></Data><Data Name='Status'>0xc000006d</Data><Data Name='FailureReason'>%%2313</Data><Data Name='SubStatus'>0xc000006a</Data><Data Name='LogonType'>3</Data><Data Name='LogonProcessName'>NtLmSsp </Data><Data Name='AuthenticationPackageName'>NTLM</Data><Data Name='WorkstationName'>\\10.10.21.3</Data><Data Name='TransmittedServices'>-</Data><Data Name='LmPackageName'>-</Data><Data Name='KeyLength'>0</Data><Data Name='ProcessId'>0x0</Data><Data Name='ProcessName'>-</Data><Data Name='IpAddress'>10.10.21.3</Data><Data Name='IpPort'>42558</Data></EventData></Event><Event xmlns='http://schemas.microsoft.com/win/2004/08/events/event'><System><Provider Name='Microsoft-Windows-Security-Auditing' Guid='{54849625-5478-4994-a5ba-3e3b0328c30d}'/><EventID>4625</EventID><Version>0</Version><Level>0</Level><Task>12544</Task><Opcode>0</Opcode><Keywords>0x8010000000000000</Keywords><TimeCreated SystemTime='2023-03-11T14:05:32.463472000Z'/><EventRecordID>49899</EventRecordID><Correlation ActivityID='{2ffe60e4-5419-0001-1661-fe2f1954d901}'/><Execution ProcessID='596' ThreadID='636'/><Channel>Security</Channel><Computer>AttackDefense</Computer><Security/></System><EventData><Data Name='SubjectUserSid'>S-1-0-0</Data><Data Name='SubjectUserName'>-</Data><Data Name='SubjectDomainName'>-</Data><Data Name='SubjectLogonId'>0x0</Data><Data Name='TargetUserSid'>S-1-0-0</Data><Data Name='TargetUserName'>administrator</Data><Data Name='TargetDomainName'></Data><Data Name='Status'>0xc000006d</Data><Data Name='FailureReason'>%%2313</Data><Data Name='SubStatus'>0xc000006a</Data><Data Name='LogonType'>3</Data><Data Name='LogonProcessName'>NtLmSsp </Data><Data Name='AuthenticationPackageName'>NTLM</Data><Data Name='WorkstationName'>\\10.10.21.3</Data><Data Name='TransmittedServices'>-</Data><Data Name='LmPackageName'>-</Data><Data Name='KeyLength'>0</Data><Data Name='ProcessId'>0x0</Data><Data Name='ProcessName'>-</Data><Data Name='IpAddress'>10.10.21.3</Data><Data Name='IpPort'>42556</Data></EventData></Event><Event xmlns='http://schemas.microsoft.com/win/2004/08/events/event'><System><Provider Name='Microsoft-Windows-Security-Auditing' Guid='{54849625-5478-4994-a5ba-3e3b0328c30d}'/><EventID>4625</EventID><Version>0</Version><Level>0</Level><Task>12544</Task><Opcode>0</Opcode><Keywords>0x8010000000000000</Keywords><TimeCreated SystemTime='2023-03-11T14:05:32.452548700Z'/><EventRecordID>49898</EventRecordID><Correlation ActivityID='{2ffe60e4-5419-0001-1661-fe2f1954d901}'/><Execution ProcessID='596' ThreadID='636'/><Channel>Security</Channel><Computer>AttackDefense</Computer><Security/></System><EventData><Data Name='SubjectUserSid'>S-1-0-0</Data><Data Name='SubjectUserName'>-</Data><Data Name='SubjectDomainName'>-</Data><Data Name='SubjectLogonId'>0x0</Data><Data Name='TargetUserSid'>S-1-0-0</Data><Data Name='TargetUserName'>administrator</Data><Data Name='TargetDomainName'></Data><Data Name='Status'>0xc000006d</Data><Data Name='FailureReason'>%%2313</Data><Data Name='SubStatus'>0xc000006a</Data><Data Name='LogonType'>3</Data><Data Name='LogonProcessName'>NtLmSsp </Data><Data Name='AuthenticationPackageName'>NTLM</Data><Data Name='WorkstationName'>\\10.10.21.3</Data><Data Name='TransmittedServices'>-</Data><Data Name='LmPackageName'>-</Data><Data Name='KeyLength'>0</Data><Data Name='ProcessId'>0x0</Data><Data Name='ProcessName'>-</Data><Data Name='IpAddress'>10.10.21.3</Data><Data Name='IpPort'>42554</Data></EventData></Event><Event xmlns='http://schemas.microsoft.com/win/2004/08/events/event'><System><Provider Name='Microsoft-Windows-Security-Auditing' Guid='{54849625-5478-4994-a5ba-3e3b0328c30d}'/><EventID>4625</EventID><Version>0</Version><Level>0</Level><Task>12544</Task><Opcode>0</Opcode><Keywords>0x8010000000000000</Keywords><TimeCreated SystemTime='2023-03-11T14:05:32.443277700Z'/><EventRecordID>49897</EventRecordID><Correlation ActivityID='{2ffe60e4-5419-0001-1661-fe2f1954d901}'/><Execution ProcessID='596' ThreadID='636'/><Channel>Security</Channel><Computer>AttackDefense</Computer><Security/></System><EventData><Data Name='SubjectUserSid'>S-1-0-0</Data><Data Name='SubjectUserName'>-</Data><Data Name='SubjectDomainName'>-</Data><Data Name='SubjectLogonId'>0x0</Data><Data Name='TargetUserSid'>S-1-0-0</Data><Data Name='TargetUserName'>administrator</Data><Data Name='TargetDomainName'></Data><Data Name='Status'>0xc000006d</Data><Data Name='FailureReason'>%%2313</Data><Data Name='SubStatus'>0xc000006a</Data><Data Name='LogonType'>3</Data><Data Name='LogonProcessName'>NtLmSsp </Data><Data Name='AuthenticationPackageName'>NTLM</Data><Data Name='WorkstationName'>\\10.10.21.3</Data><Data Name='TransmittedServices'>-</Data><Data Name='LmPackageName'>-</Data><Data Name='KeyLength'>0</Data><Data Name='ProcessId'>0x0</Data><Data Name='ProcessName'>-</Data><Data Name='IpAddress'>10.10.21.3</Data><Data Name='IpPort'>42552</Data></EventData></Event><Event xmlns='http://schemas.microsoft.com/win/2004/08/events/event'><System><Provider Name='Microsoft-Windows-Security-Auditing' Guid='{54849625-5478-4994-a5ba-3e3b0328c30d}'/><EventID>4625</EventID><Version>0</Version><Level>0</Level><Task>12544</Task><Opcode>0</Opcode><Keywords>0x8010000000000000</Keywords><TimeCreated SystemTime='2023-03-11T14:05:32.432897700Z'/><EventRecordID>49896</EventRecordID><Correlation ActivityID='{2ffe60e4-5419-0001-1661-fe2f1954d901}'/><Execution ProcessID='596' ThreadID='636'/><Channel>Security</Channel><Computer>AttackDefense</Computer><Security/></System><EventData><Data Name='SubjectUserSid'>S-1-0-0</Data><Data Name='SubjectUserName'>-</Data><Data Name='SubjectDomainName'>-</Data><Data Name='SubjectLogonId'>0x0</Data><Data Name='TargetUserSid'>S-1-0-0</Data><Data Name='TargetUserName'>administrator</Data><Data Name='TargetDomainName'></Data><Data Name='Status'>0xc000006d</Data><Data Name='FailureReason'>%%2313</Data><Data Name='SubStatus'>0xc000006a</Data><Data Name='LogonType'>3</Data><Data Name='LogonProcessName'>NtLmSsp </Data><Data Name='AuthenticationPackageName'>NTLM</Data><Data Name='WorkstationName'>\\10.10.21.3</Data><Data Name='TransmittedServices'>-</Data><Data Name='LmPackageName'>-</Data><Data Name='KeyLength'>0</Data><Data Name='ProcessId'>0x0</Data><Data Name='ProcessName'>-</Data><Data Name='IpAddress'>10.10.21.3</Data><Data Name='IpPort'>42550</Data></EventData></Event><Event xmlns='http://schemas.microsoft.com/win/2004/08/events/event'><System><Provider Name='Microsoft-Windows-Security-Auditing' Guid='{54849625-5478-4994-a5ba-3e3b0328c30d}'/><EventID>4625</EventID><Version>0</Version><Level>0</Level><Task>12544</Task><Opcode>0</Opcode><Keywords>0x8010000000000000</Keywords><TimeCreated SystemTime='2023-03-11T14:05:32.423480700Z'/><EventRecordID>49895</EventRecordID><Correlation ActivityID='{2ffe60e4-5419-0001-1661-fe2f1954d901}'/><Execution ProcessID='596' ThreadID='636'/><Channel>Security</Channel><Computer>AttackDefense</Computer><Security/></System><EventData><Data Name='SubjectUserSid'>S-1-0-0</Data><Data Name='SubjectUserName'>-</Data><Data Name='SubjectDomainName'>-</Data><Data Name='SubjectLogonId'>0x0</Data><Data Name='TargetUserSid'>S-1-0-0</Data><Data Name='TargetUserName'>administrator</Data><Data Name='TargetDomainName'></Data><Data Name='Status'>0xc000006d</Data><Data Name='FailureReason'>%%2313</Data><Data Name='SubStatus'>0xc000006a</Data><Data Name='LogonType'>3</Data><Data Name='LogonProcessName'>NtLmSsp </Data><Data Name='AuthenticationPackageName'>NTLM</Data><Data Name='WorkstationName'>\\10.10.21.3</Data><Data Name='TransmittedServices'>-</Data><Data Name='LmPackageName'>-</Data><Data Name='KeyLength'>0</Data><Data Name='ProcessId'>0x0</Data><Data Name='ProcessName'>-</Data><Data Name='IpAddress'>10.10.21.3</Data><Data Name='IpPort'>42548</Data></EventData></Event><Event xmlns='http://schemas.microsoft.com/win/2004/08/events/event'><System><Provider Name='Microsoft-Windows-Security-Auditing' Guid='{54849625-5478-4994-a5ba-3e3b0328c30d}'/><EventID>4625</EventID><Version>0</Version><Level>0</Level><Task>12544</Task><Opcode>0</Opcode><Keywords>0x8010000000000000</Keywords><TimeCreated SystemTime='2023-03-11T14:05:32.412990100Z'/><EventRecordID>49894</EventRecordID><Correlation ActivityID='{2ffe60e4-5419-0001-1661-fe2f1954d901}'/><Execution ProcessID='596' ThreadID='636'/><Channel>Security</Channel><Computer>AttackDefense</Computer><Security/></System><EventData><Data Name='SubjectUserSid'>S-1-0-0</Data><Data Name='SubjectUserName'>-</Data><Data Name='SubjectDomainName'>-</Data><Data Name='SubjectLogonId'>0x0</Data><Data Name='TargetUserSid'>S-1-0-0</Data><Data Name='TargetUserName'>administrator</Data><Data Name='TargetDomainName'></Data><Data Name='Status'>0xc000006d</Data><Data Name='FailureReason'>%%2313</Data><Data Name='SubStatus'>0xc000006a</Data><Data Name='LogonType'>3</Data><Data Name='LogonProcessName'>NtLmSsp </Data><Data Name='AuthenticationPackageName'>NTLM</Data><Data Name='WorkstationName'>\\10.10.21.3</Data><Data Name='TransmittedServices'>-</Data><Data Name='LmPackageName'>-</Data><Data Name='KeyLength'>0</Data><Data Name='ProcessId'>0x0</Data><Data Name='ProcessName'>-</Data><Data Name='IpAddress'>10.10.21.3</Data><Data Name='IpPort'>42546</Data></EventData></Event><Event xmlns='http://schemas.microsoft.com/win/2004/08/events/event'><System><Provider Name='Microsoft-Windows-Security-Auditing' Guid='{54849625-5478-4994-a5ba-3e3b0328c30d}'/><EventID>4625</EventID><Version>0</Version><Level>0</Level><Task>12544</Task><Opcode>0</Opcode><Keywords>0x8010000000000000</Keywords><TimeCreated SystemTime='2023-03-11T14:05:32.403236100Z'/><EventRecordID>49893</EventRecordID><Correlation ActivityID='{2ffe60e4-5419-0001-1661-fe2f1954d901}'/><Execution ProcessID='596' ThreadID='636'/><Channel>Security</Channel><Computer>AttackDefense</Computer><Security/></System><EventData><Data Name='SubjectUserSid'>S-1-0-0</Data><Data Name='SubjectUserName'>-</Data><Data Name='SubjectDomainName'>-</Data><Data Name='SubjectLogonId'>0x0</Data><Data Name='TargetUserSid'>S-1-0-0</Data><Data Name='TargetUserName'>administrator</Data><Data Name='TargetDomainName'></Data><Data Name='Status'>0xc000006d</Data><Data Name='FailureReason'>%%2313</Data><Data Name='SubStatus'>0xc000006a</Data><Data Name='LogonType'>3</Data><Data Name='LogonProcessName'>NtLmSsp </Data><Data Name='AuthenticationPackageName'>NTLM</Data><Data Name='WorkstationName'>\\10.10.21.3</Data><Data Name='TransmittedServices'>-</Data><Data Name='LmPackageName'>-</Data><Data Name='KeyLength'>0</Data><Data Name='ProcessId'>0x0</Data><Data Name='ProcessName'>-</Data><Data Name='IpAddress'>10.10.21.3</Data><Data Name='IpPort'>42544</Data></EventData></Event><Event xmlns='http://schemas.microsoft.com/win/2004/08/events/event'><System><Provider Name='Microsoft-Windows-Security-Auditing' Guid='{54849625-5478-4994-a5ba-3e3b0328c30d}'/><EventID>4625</EventID><Version>0</Version><Level>0</Level><Task>12544</Task><Opcode>0</Opcode><Keywords>0x8010000000000000</Keywords><TimeCreated SystemTime='2023-03-11T14:05:32.392754900Z'/><EventRecordID>49892</EventRecordID><Correlation ActivityID='{2ffe60e4-5419-0001-1661-fe2f1954d901}'/><Execution ProcessID='596' ThreadID='636'/><Channel>Security</Channel><Computer>AttackDefense</Computer><Security/></System><EventData><Data Name='SubjectUserSid'>S-1-0-0</Data><Data Name='SubjectUserName'>-</Data><Data Name='SubjectDomainName'>-</Data><Data Name='SubjectLogonId'>0x0</Data><Data Name='TargetUserSid'>S-1-0-0</Data><Data Name='TargetUserName'>administrator</Data><Data Name='TargetDomainName'></Data><Data Name='Status'>0xc000006d</Data><Data Name='FailureReason'>%%2313</Data><Data Name='SubStatus'>0xc000006a</Data><Data Name='LogonType'>3</Data><Data Name='LogonProcessName'>NtLmSsp </Data><Data Name='AuthenticationPackageName'>NTLM</Data><Data Name='WorkstationName'>\\10.10.21.3</Data><Data Name='TransmittedServices'>-</Data><Data Name='LmPackageName'>-</Data><Data Name='KeyLength'>0</Data><Data Name='ProcessId'>0x0</Data><Data Name='ProcessName'>-</Data><Data Name='IpAddress'>10.10.21.3</Data><Data Name='IpPort'>42542</Data></EventData></Event><Event xmlns='http://schemas.microsoft.com/win/2004/08/events/event'><System><Provider Name='Microsoft-Windows-Security-Auditing' Guid='{54849625-5478-4994-a5ba-3e3b0328c30d}'/><EventID>4625</EventID><Version>0</Version><Level>0</Level><Task>12544</Task><Opcode>0</Opcode><Keywords>0x8010000000000000</Keywords><TimeCreated SystemTime='2023-03-11T14:05:32.381992800Z'/><EventRecordID>49891</EventRecordID><Correlation ActivityID='{2ffe60e4-5419-0001-1661-fe2f1954d901}'/><Execution ProcessID='596' ThreadID='636'/><Channel>Security</Channel><Computer>AttackDefense</Computer><Security/></System><EventData><Data Name='SubjectUserSid'>S-1-0-0</Data><Data Name='SubjectUserName'>-</Data><Data Name='SubjectDomainName'>-</Data><Data Name='SubjectLogonId'>0x0</Data><Data Name='TargetUserSid'>S-1-0-0</Data><Data Name='TargetUserName'>administrator</Data><Data Name='TargetDomainName'></Data><Data Name='Status'>0xc000006d</Data><Data Name='FailureReason'>%%2313</Data><Data Name='SubStatus'>0xc000006a</Data><Data Name='LogonType'>3</Data><Data Name='LogonProcessName'>NtLmSsp </Data><Data Name='AuthenticationPackageName'>NTLM</Data><Data Name='WorkstationName'>\\10.10.21.3</Data><Data Name='TransmittedServices'>-</Data><Data Name='LmPackageName'>-</Data><Data Name='KeyLength'>0</Data><Data Name='ProcessId'>0x0</Data><Data Name='ProcessName'>-</Data><Data Name='IpAddress'>10.10.21.3</Data><Data Name='IpPort'>42540</Data></EventData></Event><Event xmlns='http://schemas.microsoft.com/win/2004/08/events/event'><System><Provider Name='Microsoft-Windows-Security-Auditing' Guid='{54849625-5478-4994-a5ba-3e3b0328c30d}'/><EventID>4625</EventID><Version>0</Version><Level>0</Level><Task>12544</Task><Opcode>0</Opcode><Keywords>0x8010000000000000</Keywords><TimeCreated SystemTime='2023-03-11T14:05:32.373285900Z'/><EventRecordID>49890</EventRecordID><Correlation ActivityID='{2ffe60e4-5419-0001-1661-fe2f1954d901}'/><Execution ProcessID='596' ThreadID='636'/><Channel>Security</Channel><Computer>AttackDefense</Computer><Security/></System><EventData><Data Name='SubjectUserSid'>S-1-0-0</Data><Data Name='SubjectUserName'>-</Data><Data Name='SubjectDomainName'>-</Data><Data Name='SubjectLogonId'>0x0</Data><Data Name='TargetUserSid'>S-1-0-0</Data><Data Name='TargetUserName'>administrator</Data><Data Name='TargetDomainName'></Data><Data Name='Status'>0xc000006d</Data><Data Name='FailureReason'>%%2313</Data><Data Name='SubStatus'>0xc000006a</Data><Data Name='LogonType'>3</Data><Data Name='LogonProcessName'>NtLmSsp </Data><Data Name='AuthenticationPackageName'>NTLM</Data><Data Name='WorkstationName'>\\10.10.21.3</Data><Data Name='TransmittedServices'>-</Data><Data Name='LmPackageName'>-</Data><Data Name='KeyLength'>0</Data><Data Name='ProcessId'>0x0</Data><Data Name='ProcessName'>-</Data><Data Name='IpAddress'>10.10.21.3</Data><Data Name='IpPort'>42538</Data></EventData></Event><Event xmlns='http://schemas.microsoft.com/win/2004/08/events/event'><System><Provider Name='Microsoft-Windows-Security-Auditing' Guid='{54849625-5478-4994-a5ba-3e3b0328c30d}'/><EventID>4625</EventID><Version>0</Version><Level>0</Level><Task>12544</Task><Opcode>0</Opcode><Keywords>0x8010000000000000</Keywords><TimeCreated SystemTime='2023-03-11T14:05:32.361751900Z'/><EventRecordID>49889</EventRecordID><Correlation ActivityID='{2ffe60e4-5419-0001-1661-fe2f1954d901}'/><Execution ProcessID='596' ThreadID='636'/><Channel>Security</Channel><Computer>AttackDefense</Computer><Security/></System><EventData><Data Name='SubjectUserSid'>S-1-0-0</Data><Data Name='SubjectUserName'>-</Data><Data Name='SubjectDomainName'>-</Data><Data Name='SubjectLogonId'>0x0</Data><Data Name='TargetUserSid'>S-1-0-0</Data><Data Name='TargetUserName'>administrator</Data><Data Name='TargetDomainName'></Data><Data Name='Status'>0xc000006d</Data><Data Name='FailureReason'>%%2313</Data><Data Name='SubStatus'>0xc000006a</Data><Data Name='LogonType'>3</Data><Data Name='LogonProcessName'>NtLmSsp </Data><Data Name='AuthenticationPackageName'>NTLM</Data><Data Name='WorkstationName'>\\10.10.21.3</Data><Data Name='TransmittedServices'>-</Data><Data Name='LmPackageName'>-</Data><Data Name='KeyLength'>0</Data><Data Name='ProcessId'>0x0</Data><Data Name='ProcessName'>-</Data><Data Name='IpAddress'>10.10.21.3</Data><Data Name='IpPort'>42536</Data></EventData></Event><Event xmlns='http://schemas.microsoft.com/win/2004/08/events/event'><System><Provider Name='Microsoft-Windows-Security-Auditing' Guid='{54849625-5478-4994-a5ba-3e3b0328c30d}'/><EventID>4625</EventID><Version>0</Version><Level>0</Level><Task>12544</Task><Opcode>0</Opcode><Keywords>0x8010000000000000</Keywords><TimeCreated SystemTime='2023-03-11T14:05:32.351794200Z'/><EventRecordID>49888</EventRecordID><Correlation ActivityID='{2ffe60e4-5419-0001-1661-fe2f1954d901}'/><Execution ProcessID='596' ThreadID='636'/><Channel>Security</Channel><Computer>AttackDefense</Computer><Security/></System><EventData><Data Name='SubjectUserSid'>S-1-0-0</Data><Data Name='SubjectUserName'>-</Data><Data Name='SubjectDomainName'>-</Data><Data Name='SubjectLogonId'>0x0</Data><Data Name='TargetUserSid'>S-1-0-0</Data><Data Name='TargetUserName'>administrator</Data><Data Name='TargetDomainName'></Data><Data Name='Status'>0xc000006d</Data><Data Name='FailureReason'>%%2313</Data><Data Name='SubStatus'>0xc000006a</Data><Data Name='LogonType'>3</Data><Data Name='LogonProcessName'>NtLmSsp </Data><Data Name='AuthenticationPackageName'>NTLM</Data><Data Name='WorkstationName'>\\10.10.21.3</Data><Data Name='TransmittedServices'>-</Data><Data Name='LmPackageName'>-</Data><Data Name='KeyLength'>0</Data><Data Name='ProcessId'>0x0</Data><Data Name='ProcessName'>-</Data><Data Name='IpAddress'>10.10.21.3</Data><Data Name='IpPort'>42534</Data></EventData></Event><Event xmlns='http://schemas.microsoft.com/win/2004/08/events/event'><System><Provider Name='Microsoft-Windows-Security-Auditing' Guid='{54849625-5478-4994-a5ba-3e3b0328c30d}'/><EventID>4625</EventID><Version>0</Version><Level>0</Level><Task>12544</Task><Opcode>0</Opcode><Keywords>0x8010000000000000</Keywords><TimeCreated SystemTime='2023-03-11T14:05:32.342085600Z'/><EventRecordID>49887</EventRecordID><Correlation ActivityID='{2ffe60e4-5419-0001-1661-fe2f1954d901}'/><Execution ProcessID='596' ThreadID='636'/><Channel>Security</Channel><Computer>AttackDefense</Computer><Security/></System><EventData><Data Name='SubjectUserSid'>S-1-0-0</Data><Data Name='SubjectUserName'>-</Data><Data Name='SubjectDomainName'>-</Data><Data Name='SubjectLogonId'>0x0</Data><Data Name='TargetUserSid'>S-1-0-0</Data><Data Name='TargetUserName'>administrator</Data><Data Name='TargetDomainName'></Data><Data Name='Status'>0xc000006d</Data><Data Name='FailureReason'>%%2313</Data><Data Name='SubStatus'>0xc000006a</Data><Data Name='LogonType'>3</Data><Data Name='LogonProcessName'>NtLmSsp </Data><Data Name='AuthenticationPackageName'>NTLM</Data><Data Name='WorkstationName'>\\10.10.21.3</Data><Data Name='TransmittedServices'>-</Data><Data Name='LmPackageName'>-</Data><Data Name='KeyLength'>0</Data><Data Name='ProcessId'>0x0</Data><Data Name='ProcessName'>-</Data><Data Name='IpAddress'>10.10.21.3</Data><Data Name='IpPort'>42532</Data></EventData></Event><Event xmlns='http://schemas.microsoft.com/win/2004/08/events/event'><System><Provider Name='Microsoft-Windows-Security-Auditing' Guid='{54849625-5478-4994-a5ba-3e3b0328c30d}'/><EventID>4625</EventID><Version>0</Version><Level>0</Level><Task>12544</Task><Opcode>0</Opcode><Keywords>0x8010000000000000</Keywords><TimeCreated SystemTime='2023-03-11T14:05:32.332433600Z'/><EventRecordID>49886</EventRecordID><Correlation ActivityID='{2ffe60e4-5419-0001-1661-fe2f1954d901}'/><Execution ProcessID='596' ThreadID='636'/><Channel>Security</Channel><Computer>AttackDefense</Computer><Security/></System><EventData><Data Name='SubjectUserSid'>S-1-0-0</Data><Data Name='SubjectUserName'>-</Data><Data Name='SubjectDomainName'>-</Data><Data Name='SubjectLogonId'>0x0</Data><Data Name='TargetUserSid'>S-1-0-0</Data><Data Name='TargetUserName'>administrator</Data><Data Name='TargetDomainName'></Data><Data Name='Status'>0xc000006d</Data><Data Name='FailureReason'>%%2313</Data><Data Name='SubStatus'>0xc000006a</Data><Data Name='LogonType'>3</Data><Data Name='LogonProcessName'>NtLmSsp </Data><Data Name='AuthenticationPackageName'>NTLM</Data><Data Name='WorkstationName'>\\10.10.21.3</Data><Data Name='TransmittedServices'>-</Data><Data Name='LmPackageName'>-</Data><Data Name='KeyLength'>0</Data><Data Name='ProcessId'>0x0</Data><Data Name='ProcessName'>-</Data><Data Name='IpAddress'>10.10.21.3</Data><Data Name='IpPort'>42530</Data></EventData></Event><Event xmlns='http://schemas.microsoft.com/win/2004/08/events/event'><System><Provider Name='Microsoft-Windows-Security-Auditing' Guid='{54849625-5478-4994-a5ba-3e3b0328c30d}'/><EventID>4625</EventID><Version>0</Version><Level>0</Level><Task>12544</Task><Opcode>0</Opcode><Keywords>0x8010000000000000</Keywords><TimeCreated SystemTime='2023-03-11T14:05:32.321878500Z'/><EventRecordID>49885</EventRecordID><Correlation ActivityID='{2ffe60e4-5419-0001-1661-fe2f1954d901}'/><Execution ProcessID='596' ThreadID='636'/><Channel>Security</Channel><Computer>AttackDefense</Computer><Security/></System><EventData><Data Name='SubjectUserSid'>S-1-0-0</Data><Data Name='SubjectUserName'>-</Data><Data Name='SubjectDomainName'>-</Data><Data Name='SubjectLogonId'>0x0</Data><Data Name='TargetUserSid'>S-1-0-0</Data><Data Name='TargetUserName'>administrator</Data><Data Name='TargetDomainName'></Data><Data Name='Status'>0xc000006d</Data><Data Name='FailureReason'>%%2313</Data><Data Name='SubStatus'>0xc000006a</Data><Data Name='LogonType'>3</Data><Data Name='LogonProcessName'>NtLmSsp </Data><Data Name='AuthenticationPackageName'>NTLM</Data><Data Name='WorkstationName'>\\10.10.21.3</Data><Data Name='TransmittedServices'>-</Data><Data Name='LmPackageName'>-</Data><Data Name='KeyLength'>0</Data><Data Name='ProcessId'>0x0</Data><Data Name='ProcessName'>-</Data><Data Name='IpAddress'>10.10.21.3</Data><Data Name='IpPort'>42528</Data></EventData></Event><Event xmlns='http://schemas.microsoft.com/win/2004/08/events/event'><System><Provider Name='Microsoft-Windows-Security-Auditing' Guid='{54849625-5478-4994-a5ba-3e3b0328c30d}'/><EventID>4625</EventID><Version>0</Version><Level>0</Level><Task>12544</Task><Opcode>0</Opcode><Keywords>0x8010000000000000</Keywords><TimeCreated SystemTime='2023-03-11T14:05:32.312089500Z'/><EventRecordID>49884</EventRecordID><Correlation ActivityID='{2ffe60e4-5419-0001-1661-fe2f1954d901}'/><Execution ProcessID='596' ThreadID='636'/><Channel>Security</Channel><Computer>AttackDefense</Computer><Security/></System><EventData><Data Name='SubjectUserSid'>S-1-0-0</Data><Data Name='SubjectUserName'>-</Data><Data Name='SubjectDomainName'>-</Data><Data Name='SubjectLogonId'>0x0</Data><Data Name='TargetUserSid'>S-1-0-0</Data><Data Name='TargetUserName'>administrator</Data><Data Name='TargetDomainName'></Data><Data Name='Status'>0xc000006d</Data><Data Name='FailureReason'>%%2313</Data><Data Name='SubStatus'>0xc000006a</Data><Data Name='LogonType'>3</Data><Data Name='LogonProcessName'>NtLmSsp </Data><Data Name='AuthenticationPackageName'>NTLM</Data><Data Name='WorkstationName'>\\10.10.21.3</Data><Data Name='TransmittedServices'>-</Data><Data Name='LmPackageName'>-</Data><Data Name='KeyLength'>0</Data><Data Name='ProcessId'>0x0</Data><Data Name='ProcessName'>-</Data><Data Name='IpAddress'>10.10.21.3</Data><Data Name='IpPort'>42526</Data></EventData></Event><Event xmlns='http://schemas.microsoft.com/win/2004/08/events/event'><System><Provider Name='Microsoft-Windows-Security-Auditing' Guid='{54849625-5478-4994-a5ba-3e3b0328c30d}'/><EventID>4625</EventID><Version>0</Version><Level>0</Level><Task>12544</Task><Opcode>0</Opcode><Keywords>0x8010000000000000</Keywords><TimeCreated SystemTime='2023-03-11T14:05:32.301396200Z'/><EventRecordID>49883</EventRecordID><Correlation ActivityID='{2ffe60e4-5419-0001-1661-fe2f1954d901}'/><Execution ProcessID='596' ThreadID='636'/><Channel>Security</Channel><Computer>AttackDefense</Computer><Security/></System><EventData><Data Name='SubjectUserSid'>S-1-0-0</Data><Data Name='SubjectUserName'>-</Data><Data Name='SubjectDomainName'>-</Data><Data Name='SubjectLogonId'>0x0</Data><Data Name='TargetUserSid'>S-1-0-0</Data><Data Name='TargetUserName'>administrator</Data><Data Name='TargetDomainName'></Data><Data Name='Status'>0xc000006d</Data><Data Name='FailureReason'>%%2313</Data><Data Name='SubStatus'>0xc000006a</Data><Data Name='LogonType'>3</Data><Data Name='LogonProcessName'>NtLmSsp </Data><Data Name='AuthenticationPackageName'>NTLM</Data><Data Name='WorkstationName'>\\10.10.21.3</Data><Data Name='TransmittedServices'>-</Data><Data Name='LmPackageName'>-</Data><Data Name='KeyLength'>0</Data><Data Name='ProcessId'>0x0</Data><Data Name='ProcessName'>-</Data><Data Name='IpAddress'>10.10.21.3</Data><Data Name='IpPort'>42524</Data></EventData></Event><Event xmlns='http://schemas.microsoft.com/win/2004/08/events/event'><System><Provider Name='Microsoft-Windows-Security-Auditing' Guid='{54849625-5478-4994-a5ba-3e3b0328c30d}'/><EventID>4625</EventID><Version>0</Version><Level>0</Level><Task>12544</Task><Opcode>0</Opcode><Keywords>0x8010000000000000</Keywords><TimeCreated SystemTime='2023-03-11T14:05:32.291875300Z'/><EventRecordID>49882</EventRecordID><Correlation ActivityID='{2ffe60e4-5419-0001-1661-fe2f1954d901}'/><Execution ProcessID='596' ThreadID='636'/><Channel>Security</Channel><Computer>AttackDefense</Computer><Security/></System><EventData><Data Name='SubjectUserSid'>S-1-0-0</Data><Data Name='SubjectUserName'>-</Data><Data Name='SubjectDomainName'>-</Data><Data Name='SubjectLogonId'>0x0</Data><Data Name='TargetUserSid'>S-1-0-0</Data><Data Name='TargetUserName'>administrator</Data><Data Name='TargetDomainName'></Data><Data Name='Status'>0xc000006d</Data><Data Name='FailureReason'>%%2313</Data><Data Name='SubStatus'>0xc000006a</Data><Data Name='LogonType'>3</Data><Data Name='LogonProcessName'>NtLmSsp </Data><Data Name='AuthenticationPackageName'>NTLM</Data><Data Name='WorkstationName'>\\10.10.21.3</Data><Data Name='TransmittedServices'>-</Data><Data Name='LmPackageName'>-</Data><Data Name='KeyLength'>0</Data><Data Name='ProcessId'>0x0</Data><Data Name='ProcessName'>-</Data><Data Name='IpAddress'>10.10.21.3</Data><Data Name='IpPort'>42522</Data></EventData></Event><Event xmlns='http://schemas.microsoft.com/win/2004/08/events/event'><System><Provider Name='Microsoft-Windows-Security-Auditing' Guid='{54849625-5478-4994-a5ba-3e3b0328c30d}'/><EventID>4625</EventID><Version>0</Version><Level>0</Level><Task>12544</Task><Opcode>0</Opcode><Keywords>0x8010000000000000</Keywords><TimeCreated SystemTime='2023-03-11T14:05:32.281652900Z'/><EventRecordID>49881</EventRecordID><Correlation ActivityID='{2ffe60e4-5419-0001-1661-fe2f1954d901}'/><Execution ProcessID='596' ThreadID='636'/><Channel>Security</Channel><Computer>AttackDefense</Computer><Security/></System><EventData><Data Name='SubjectUserSid'>S-1-0-0</Data><Data Name='SubjectUserName'>-</Data><Data Name='SubjectDomainName'>-</Data><Data Name='SubjectLogonId'>0x0</Data><Data Name='TargetUserSid'>S-1-0-0</Data><Data Name='TargetUserName'>administrator</Data><Data Name='TargetDomainName'></Data><Data Name='Status'>0xc000006d</Data><Data Name='FailureReason'>%%2313</Data><Data Name='SubStatus'>0xc000006a</Data><Data Name='LogonType'>3</Data><Data Name='LogonProcessName'>NtLmSsp </Data><Data Name='AuthenticationPackageName'>NTLM</Data><Data Name='WorkstationName'>\\10.10.21.3</Data><Data Name='TransmittedServices'>-</Data><Data Name='LmPackageName'>-</Data><Data Name='KeyLength'>0</Data><Data Name='ProcessId'>0x0</Data><Data Name='ProcessName'>-</Data><Data Name='IpAddress'>10.10.21.3</Data><Data Name='IpPort'>42520</Data></EventData></Event><Event xmlns='http://schemas.microsoft.com/win/2004/08/events/event'><System><Provider Name='Microsoft-Windows-Security-Auditing' Guid='{54849625-5478-4994-a5ba-3e3b0328c30d}'/><EventID>4625</EventID><Version>0</Version><Level>0</Level><Task>12544</Task><Opcode>0</Opcode><Keywords>0x8010000000000000</Keywords><TimeCreated SystemTime='2023-03-11T14:05:32.271464000Z'/><EventRecordID>49880</EventRecordID><Correlation ActivityID='{2ffe60e4-5419-0001-1661-fe2f1954d901}'/><Execution ProcessID='596' ThreadID='636'/><Channel>Security</Channel><Computer>AttackDefense</Computer><Security/></System><EventData><Data Name='SubjectUserSid'>S-1-0-0</Data><Data Name='SubjectUserName'>-</Data><Data Name='SubjectDomainName'>-</Data><Data Name='SubjectLogonId'>0x0</Data><Data Name='TargetUserSid'>S-1-0-0</Data><Data Name='TargetUserName'>administrator</Data><Data Name='TargetDomainName'></Data><Data Name='Status'>0xc000006d</Data><Data Name='FailureReason'>%%2313</Data><Data Name='SubStatus'>0xc000006a</Data><Data Name='LogonType'>3</Data><Data Name='LogonProcessName'>NtLmSsp </Data><Data Name='AuthenticationPackageName'>NTLM</Data><Data Name='WorkstationName'>\\10.10.21.3</Data><Data Name='TransmittedServices'>-</Data><Data Name='LmPackageName'>-</Data><Data Name='KeyLength'>0</Data><Data Name='ProcessId'>0x0</Data><Data Name='ProcessName'>-</Data><Data Name='IpAddress'>10.10.21.3</Data><Data Name='IpPort'>42518</Data></EventData></Event><Event xmlns='http://schemas.microsoft.com/win/2004/08/events/event'><System><Provider Name='Microsoft-Windows-Security-Auditing' Guid='{54849625-5478-4994-a5ba-3e3b0328c30d}'/><EventID>4625</EventID><Version>0</Version><Level>0</Level><Task>12544</Task><Opcode>0</Opcode><Keywords>0x8010000000000000</Keywords><TimeCreated SystemTime='2023-03-11T14:05:32.261298200Z'/><EventRecordID>49879</EventRecordID><Correlation ActivityID='{2ffe60e4-5419-0001-1661-fe2f1954d901}'/><Execution ProcessID='596' ThreadID='636'/><Channel>Security</Channel><Computer>AttackDefense</Computer><Security/></System><EventData><Data Name='SubjectUserSid'>S-1-0-0</Data><Data Name='SubjectUserName'>-</Data><Data Name='SubjectDomainName'>-</Data><Data Name='SubjectLogonId'>0x0</Data><Data Name='TargetUserSid'>S-1-0-0</Data><Data Name='TargetUserName'>administrator</Data><Data Name='TargetDomainName'></Data><Data Name='Status'>0xc000006d</Data><Data Name='FailureReason'>%%2313</Data><Data Name='SubStatus'>0xc000006a</Data><Data Name='LogonType'>3</Data><Data Name='LogonProcessName'>NtLmSsp </Data><Data Name='AuthenticationPackageName'>NTLM</Data><Data Name='WorkstationName'>\\10.10.21.3</Data><Data Name='TransmittedServices'>-</Data><Data Name='LmPackageName'>-</Data><Data Name='KeyLength'>0</Data><Data Name='ProcessId'>0x0</Data><Data Name='ProcessName'>-</Data><Data Name='IpAddress'>10.10.21.3</Data><Data Name='IpPort'>42516</Data></EventData></Event><Event xmlns='http://schemas.microsoft.com/win/2004/08/events/event'><System><Provider Name='Microsoft-Windows-Security-Auditing' Guid='{54849625-5478-4994-a5ba-3e3b0328c30d}'/><EventID>4625</EventID><Version>0</Version><Level>0</Level><Task>12544</Task><Opcode>0</Opcode><Keywords>0x8010000000000000</Keywords><TimeCreated SystemTime='2023-03-11T14:05:32.251723500Z'/><EventRecordID>49878</EventRecordID><Correlation ActivityID='{2ffe60e4-5419-0001-1661-fe2f1954d901}'/><Execution ProcessID='596' ThreadID='636'/><Channel>Security</Channel><Computer>AttackDefense</Computer><Security/></System><EventData><Data Name='SubjectUserSid'>S-1-0-0</Data><Data Name='SubjectUserName'>-</Data><Data Name='SubjectDomainName'>-</Data><Data Name='SubjectLogonId'>0x0</Data><Data Name='TargetUserSid'>S-1-0-0</Data><Data Name='TargetUserName'>administrator</Data><Data Name='TargetDomainName'></Data><Data Name='Status'>0xc000006d</Data><Data Name='FailureReason'>%%2313</Data><Data Name='SubStatus'>0xc000006a</Data><Data Name='LogonType'>3</Data><Data Name='LogonProcessName'>NtLmSsp </Data><Data Name='AuthenticationPackageName'>NTLM</Data><Data Name='WorkstationName'>\\10.10.21.3</Data><Data Name='TransmittedServices'>-</Data><Data Name='LmPackageName'>-</Data><Data Name='KeyLength'>0</Data><Data Name='ProcessId'>0x0</Data><Data Name='ProcessName'>-</Data><Data Name='IpAddress'>10.10.21.3</Data><Data Name='IpPort'>42514</Data></EventData></Event><Event xmlns='http://schemas.microsoft.com/win/2004/08/events/event'><System><Provider Name='Microsoft-Windows-Security-Auditing' Guid='{54849625-5478-4994-a5ba-3e3b0328c30d}'/><EventID>4625</EventID><Version>0</Version><Level>0</Level><Task>12544</Task><Opcode>0</Opcode><Keywords>0x8010000000000000</Keywords><TimeCreated SystemTime='2023-03-11T14:05:32.241786600Z'/><EventRecordID>49877</EventRecordID><Correlation ActivityID='{2ffe60e4-5419-0001-1661-fe2f1954d901}'/><Execution ProcessID='596' ThreadID='636'/><Channel>Security</Channel><Computer>AttackDefense</Computer><Security/></System><EventData><Data Name='SubjectUserSid'>S-1-0-0</Data><Data Name='SubjectUserName'>-</Data><Data Name='SubjectDomainName'>-</Data><Data Name='SubjectLogonId'>0x0</Data><Data Name='TargetUserSid'>S-1-0-0</Data><Data Name='TargetUserName'>administrator</Data><Data Name='TargetDomainName'></Data><Data Name='Status'>0xc000006d</Data><Data Name='FailureReason'>%%2313</Data><Data Name='SubStatus'>0xc000006a</Data><Data Name='LogonType'>3</Data><Data Name='LogonProcessName'>NtLmSsp </Data><Data Name='AuthenticationPackageName'>NTLM</Data><Data Name='WorkstationName'>\\10.10.21.3</Data><Data Name='TransmittedServices'>-</Data><Data Name='LmPackageName'>-</Data><Data Name='KeyLength'>0</Data><Data Name='ProcessId'>0x0</Data><Data Name='ProcessName'>-</Data><Data Name='IpAddress'>10.10.21.3</Data><Data Name='IpPort'>42512</Data></EventData></Event><Event xmlns='http://schemas.microsoft.com/win/2004/08/events/event'><System><Provider Name='Microsoft-Windows-Security-Auditing' Guid='{54849625-5478-4994-a5ba-3e3b0328c30d}'/><EventID>4625</EventID><Version>0</Version><Level>0</Level><Task>12544</Task><Opcode>0</Opcode><Keywords>0x8010000000000000</Keywords><TimeCreated SystemTime='2023-03-11T14:05:32.231650400Z'/><EventRecordID>49876</EventRecordID><Correlation ActivityID='{2ffe60e4-5419-0001-1661-fe2f1954d901}'/><Execution ProcessID='596' ThreadID='636'/><Channel>Security</Channel><Computer>AttackDefense</Computer><Security/></System><EventData><Data Name='SubjectUserSid'>S-1-0-0</Data><Data Name='SubjectUserName'>-</Data><Data Name='SubjectDomainName'>-</Data><Data Name='SubjectLogonId'>0x0</Data><Data Name='TargetUserSid'>S-1-0-0</Data><Data Name='TargetUserName'>administrator</Data><Data Name='TargetDomainName'></Data><Data Name='Status'>0xc000006d</Data><Data Name='FailureReason'>%%2313</Data><Data Name='SubStatus'>0xc000006a</Data><Data Name='LogonType'>3</Data><Data Name='LogonProcessName'>NtLmSsp </Data><Data Name='AuthenticationPackageName'>NTLM</Data><Data Name='WorkstationName'>\\10.10.21.3</Data><Data Name='TransmittedServices'>-</Data><Data Name='LmPackageName'>-</Data><Data Name='KeyLength'>0</Data><Data Name='ProcessId'>0x0</Data><Data Name='ProcessName'>-</Data><Data Name='IpAddress'>10.10.21.3</Data><Data Name='IpPort'>42510</Data></EventData></Event><Event xmlns='http://schemas.microsoft.com/win/2004/08/events/event'><System><Provider Name='Microsoft-Windows-Security-Auditing' Guid='{54849625-5478-4994-a5ba-3e3b0328c30d}'/><EventID>4625</EventID><Version>0</Version><Level>0</Level><Task>12544</Task><Opcode>0</Opcode><Keywords>0x8010000000000000</Keywords><TimeCreated SystemTime='2023-03-11T14:05:32.221564600Z'/><EventRecordID>49875</EventRecordID><Correlation ActivityID='{2ffe60e4-5419-0001-1661-fe2f1954d901}'/><Execution ProcessID='596' ThreadID='636'/><Channel>Security</Channel><Computer>AttackDefense</Computer><Security/></System><EventData><Data Name='SubjectUserSid'>S-1-0-0</Data><Data Name='SubjectUserName'>-</Data><Data Name='SubjectDomainName'>-</Data><Data Name='SubjectLogonId'>0x0</Data><Data Name='TargetUserSid'>S-1-0-0</Data><Data Name='TargetUserName'>administrator</Data><Data Name='TargetDomainName'></Data><Data Name='Status'>0xc000006d</Data><Data Name='FailureReason'>%%2313</Data><Data Name='SubStatus'>0xc000006a</Data><Data Name='LogonType'>3</Data><Data Name='LogonProcessName'>NtLmSsp </Data><Data Name='AuthenticationPackageName'>NTLM</Data><Data Name='WorkstationName'>\\10.10.21.3</Data><Data Name='TransmittedServices'>-</Data><Data Name='LmPackageName'>-</Data><Data Name='KeyLength'>0</Data><Data Name='ProcessId'>0x0</Data><Data Name='ProcessName'>-</Data><Data Name='IpAddress'>10.10.21.3</Data><Data Name='IpPort'>42508</Data></EventData></Event><Event xmlns='http://schemas.microsoft.com/win/2004/08/events/event'><System><Provider Name='Microsoft-Windows-Security-Auditing' Guid='{54849625-5478-4994-a5ba-3e3b0328c30d}'/><EventID>4625</EventID><Version>0</Version><Level>0</Level><Task>12544</Task><Opcode>0</Opcode><Keywords>0x8010000000000000</Keywords><TimeCreated SystemTime='2023-03-11T14:05:32.211536100Z'/><EventRecordID>49874</EventRecordID><Correlation ActivityID='{2ffe60e4-5419-0001-1661-fe2f1954d901}'/><Execution ProcessID='596' ThreadID='636'/><Channel>Security</Channel><Computer>AttackDefense</Computer><Security/></System><EventData><Data Name='SubjectUserSid'>S-1-0-0</Data><Data Name='SubjectUserName'>-</Data><Data Name='SubjectDomainName'>-</Data><Data Name='SubjectLogonId'>0x0</Data><Data Name='TargetUserSid'>S-1-0-0</Data><Data Name='TargetUserName'>administrator</Data><Data Name='TargetDomainName'></Data><Data Name='Status'>0xc000006d</Data><Data Name='FailureReason'>%%2313</Data><Data Name='SubStatus'>0xc000006a</Data><Data Name='LogonType'>3</Data><Data Name='LogonProcessName'>NtLmSsp </Data><Data Name='AuthenticationPackageName'>NTLM</Data><Data Name='WorkstationName'>\\10.10.21.3</Data><Data Name='TransmittedServices'>-</Data><Data Name='LmPackageName'>-</Data><Data Name='KeyLength'>0</Data><Data Name='ProcessId'>0x0</Data><Data Name='ProcessName'>-</Data><Data Name='IpAddress'>10.10.21.3</Data><Data Name='IpPort'>42506</Data></EventData></Event><Event xmlns='http://schemas.microsoft.com/win/2004/08/events/event'><System><Provider Name='Microsoft-Windows-Security-Auditing' Guid='{54849625-5478-4994-a5ba-3e3b0328c30d}'/><EventID>4625</EventID><Version>0</Version><Level>0</Level><Task>12544</Task><Opcode>0</Opcode><Keywords>0x8010000000000000</Keywords><TimeCreated SystemTime='2023-03-11T14:05:32.201240000Z'/><EventRecordID>49873</EventRecordID><Correlation ActivityID='{2ffe60e4-5419-0001-1661-fe2f1954d901}'/><Execution ProcessID='596' ThreadID='636'/><Channel>Security</Channel><Computer>AttackDefense</Computer><Security/></System><EventData><Data Name='SubjectUserSid'>S-1-0-0</Data><Data Name='SubjectUserName'>-</Data><Data Name='SubjectDomainName'>-</Data><Data Name='SubjectLogonId'>0x0</Data><Data Name='TargetUserSid'>S-1-0-0</Data><Data Name='TargetUserName'>administrator</Data><Data Name='TargetDomainName'></Data><Data Name='Status'>0xc000006d</Data><Data Name='FailureReason'>%%2313</Data><Data Name='SubStatus'>0xc000006a</Data><Data Name='LogonType'>3</Data><Data Name='LogonProcessName'>NtLmSsp </Data><Data Name='AuthenticationPackageName'>NTLM</Data><Data Name='WorkstationName'>\\10.10.21.3</Data><Data Name='TransmittedServices'>-</Data><Data Name='LmPackageName'>-</Data><Data Name='KeyLength'>0</Data><Data Name='ProcessId'>0x0</Data><Data Name='ProcessName'>-</Data><Data Name='IpAddress'>10.10.21.3</Data><Data Name='IpPort'>42504</Data></EventData></Event><Event xmlns='http://schemas.microsoft.com/win/2004/08/events/event'><System><Provider Name='Microsoft-Windows-Security-Auditing' Guid='{54849625-5478-4994-a5ba-3e3b0328c30d}'/><EventID>4625</EventID><Version>0</Version><Level>0</Level><Task>12544</Task><Opcode>0</Opcode><Keywords>0x8010000000000000</Keywords><TimeCreated SystemTime='2023-03-11T14:05:32.191948900Z'/><EventRecordID>49872</EventRecordID><Correlation ActivityID='{2ffe60e4-5419-0001-1661-fe2f1954d901}'/><Execution ProcessID='596' ThreadID='636'/><Channel>Security</Channel><Computer>AttackDefense</Computer><Security/></System><EventData><Data Name='SubjectUserSid'>S-1-0-0</Data><Data Name='SubjectUserName'>-</Data><Data Name='SubjectDomainName'>-</Data><Data Name='SubjectLogonId'>0x0</Data><Data Name='TargetUserSid'>S-1-0-0</Data><Data Name='TargetUserName'>administrator</Data><Data Name='TargetDomainName'></Data><Data Name='Status'>0xc000006d</Data><Data Name='FailureReason'>%%2313</Data><Data Name='SubStatus'>0xc000006a</Data><Data Name='LogonType'>3</Data><Data Name='LogonProcessName'>NtLmSsp </Data><Data Name='AuthenticationPackageName'>NTLM</Data><Data Name='WorkstationName'>\\10.10.21.3</Data><Data Name='TransmittedServices'>-</Data><Data Name='LmPackageName'>-</Data><Data Name='KeyLength'>0</Data><Data Name='ProcessId'>0x0</Data><Data Name='ProcessName'>-</Data><Data Name='IpAddress'>10.10.21.3</Data><Data Name='IpPort'>42502</Data></EventData></Event><Event xmlns='http://schemas.microsoft.com/win/2004/08/events/event'><System><Provider Name='Microsoft-Windows-Security-Auditing' Guid='{54849625-5478-4994-a5ba-3e3b0328c30d}'/><EventID>4625</EventID><Version>0</Version><Level>0</Level><Task>12544</Task><Opcode>0</Opcode><Keywords>0x8010000000000000</Keywords><TimeCreated SystemTime='2023-03-11T14:05:32.180981100Z'/><EventRecordID>49871</EventRecordID><Correlation ActivityID='{2ffe60e4-5419-0001-1661-fe2f1954d901}'/><Execution ProcessID='596' ThreadID='636'/><Channel>Security</Channel><Computer>AttackDefense</Computer><Security/></System><EventData><Data Name='SubjectUserSid'>S-1-0-0</Data><Data Name='SubjectUserName'>-</Data><Data Name='SubjectDomainName'>-</Data><Data Name='SubjectLogonId'>0x0</Data><Data Name='TargetUserSid'>S-1-0-0</Data><Data Name='TargetUserName'>administrator</Data><Data Name='TargetDomainName'></Data><Data Name='Status'>0xc000006d</Data><Data Name='FailureReason'>%%2313</Data><Data Name='SubStatus'>0xc000006a</Data><Data Name='LogonType'>3</Data><Data Name='LogonProcessName'>NtLmSsp </Data><Data Name='AuthenticationPackageName'>NTLM</Data><Data Name='WorkstationName'>\\10.10.21.3</Data><Data Name='TransmittedServices'>-</Data><Data Name='LmPackageName'>-</Data><Data Name='KeyLength'>0</Data><Data Name='ProcessId'>0x0</Data><Data Name='ProcessName'>-</Data><Data Name='IpAddress'>10.10.21.3</Data><Data Name='IpPort'>42500</Data></EventData></Event><Event xmlns='http://schemas.microsoft.com/win/2004/08/events/event'><System><Provider Name='Microsoft-Windows-Security-Auditing' Guid='{54849625-5478-4994-a5ba-3e3b0328c30d}'/><EventID>4625</EventID><Version>0</Version><Level>0</Level><Task>12544</Task><Opcode>0</Opcode><Keywords>0x8010000000000000</Keywords><TimeCreated SystemTime='2023-03-11T14:05:32.171807700Z'/><EventRecordID>49870</EventRecordID><Correlation ActivityID='{2ffe60e4-5419-0001-1661-fe2f1954d901}'/><Execution ProcessID='596' ThreadID='636'/><Channel>Security</Channel><Computer>AttackDefense</Computer><Security/></System><EventData><Data Name='SubjectUserSid'>S-1-0-0</Data><Data Name='SubjectUserName'>-</Data><Data Name='SubjectDomainName'>-</Data><Data Name='SubjectLogonId'>0x0</Data><Data Name='TargetUserSid'>S-1-0-0</Data><Data Name='TargetUserName'>administrator</Data><Data Name='TargetDomainName'></Data><Data Name='Status'>0xc000006d</Data><Data Name='FailureReason'>%%2313</Data><Data Name='SubStatus'>0xc000006a</Data><Data Name='LogonType'>3</Data><Data Name='LogonProcessName'>NtLmSsp </Data><Data Name='AuthenticationPackageName'>NTLM</Data><Data Name='WorkstationName'>\\10.10.21.3</Data><Data Name='TransmittedServices'>-</Data><Data Name='LmPackageName'>-</Data><Data Name='KeyLength'>0</Data><Data Name='ProcessId'>0x0</Data><Data Name='ProcessName'>-</Data><Data Name='IpAddress'>10.10.21.3</Data><Data Name='IpPort'>42498</Data></EventData></Event><Event xmlns='http://schemas.microsoft.com/win/2004/08/events/event'><System><Provider Name='Microsoft-Windows-Security-Auditing' Guid='{54849625-5478-4994-a5ba-3e3b0328c30d}'/><EventID>4625</EventID><Version>0</Version><Level>0</Level><Task>12544</Task><Opcode>0</Opcode><Keywords>0x8010000000000000</Keywords><TimeCreated SystemTime='2023-03-11T14:05:32.161601100Z'/><EventRecordID>49869</EventRecordID><Correlation ActivityID='{2ffe60e4-5419-0001-1661-fe2f1954d901}'/><Execution ProcessID='596' ThreadID='636'/><Channel>Security</Channel><Computer>AttackDefense</Computer><Security/></System><EventData><Data Name='SubjectUserSid'>S-1-0-0</Data><Data Name='SubjectUserName'>-</Data><Data Name='SubjectDomainName'>-</Data><Data Name='SubjectLogonId'>0x0</Data><Data Name='TargetUserSid'>S-1-0-0</Data><Data Name='TargetUserName'>administrator</Data><Data Name='TargetDomainName'></Data><Data Name='Status'>0xc000006d</Data><Data Name='FailureReason'>%%2313</Data><Data Name='SubStatus'>0xc000006a</Data><Data Name='LogonType'>3</Data><Data Name='LogonProcessName'>NtLmSsp </Data><Data Name='AuthenticationPackageName'>NTLM</Data><Data Name='WorkstationName'>\\10.10.21.3</Data><Data Name='TransmittedServices'>-</Data><Data Name='LmPackageName'>-</Data><Data Name='KeyLength'>0</Data><Data Name='ProcessId'>0x0</Data><Data Name='ProcessName'>-</Data><Data Name='IpAddress'>10.10.21.3</Data><Data Name='IpPort'>42496</Data></EventData></Event><Event xmlns='http://schemas.microsoft.com/win/2004/08/events/event'><System><Provider Name='Microsoft-Windows-Eventlog' Guid='{fc65ddd8-d6ef-4962-83d5-6e5cfe9ce148}'/><EventID>1102</EventID><Version>0</Version><Level>4</Level><Task>104</Task><Opcode>0</Opcode><Keywords>0x4020000000000000</Keywords><TimeCreated SystemTime='2023-03-11T14:05:22.442651300Z'/><EventRecordID>49868</EventRecordID><Correlation/><Execution ProcessID='1060' ThreadID='5540'/><Channel>Security</Channel><Computer>AttackDefense</Computer><Security/></System><UserData><LogFileCleared xmlns='http://manifests.microsoft.com/win/2004/08/windows/eventlog'><SubjectUserSid>S-1-5-21-3688751335-3073641799-161370460-500</SubjectUserSid><SubjectUserName>Administrator</SubjectUserName><SubjectDomainName>ATTACKDEFENSE</SubjectDomainName><SubjectLogonId>0x47ddc</SubjectLogonId></LogFileCleared></UserData></Event></Events>