﻿<?xml version="1.0" encoding="utf-8" standalone="yes"?>
<Events><Event xmlns='http://schemas.microsoft.com/win/2004/08/events/event'><System><Provider Name='Microsoft-Windows-SMBServer' Guid='{d48ce617-33a2-4bc3-a5c7-11aa4f29619e}'/><EventID>551</EventID><Version>2</Version><Level>2</Level><Task>551</Task><Opcode>0</Opcode><Keywords>0x810000000000008</Keywords><TimeCreated SystemTime='2023-03-11T14:05:32.695642300Z'/><EventRecordID>2894</EventRecordID><Correlation/><Execution ProcessID='4' ThreadID='3056'/><Channel>Microsoft-Windows-SMBServer/Security</Channel><Computer>AttackDefense</Computer><Security UserID='S-1-5-18'/></System><UserData><EventData xmlns='Smb2Namespace'><SessionGUID>{00000000-0000-0000-0000-000000000000}</SessionGUID><ConnectionGUID>{00000000-0000-0000-0000-000000000000}</ConnectionGUID><Status>0xc000006d</Status><TranslatedStatus>0xc000006d</TranslatedStatus><ClientAddressLength>16</ClientAddressLength><ClientAddress>0200A66A0A0A15030000000000000000</ClientAddress><SessionId>0x0</SessionId><UserNameLength>13</UserNameLength><UserName>administrator</UserName><ClientNameLength>12</ClientNameLength><ClientName>\\10.10.21.3</ClientName><SPN>session setup failed before the SPN could be queried</SPN><SPNValidationPolicy>0</SPNValidationPolicy></EventData></UserData></Event><Event xmlns='http://schemas.microsoft.com/win/2004/08/events/event'><System><Provider Name='Microsoft-Windows-SMBServer' Guid='{d48ce617-33a2-4bc3-a5c7-11aa4f29619e}'/><EventID>551</EventID><Version>2</Version><Level>2</Level><Task>551</Task><Opcode>0</Opcode><Keywords>0x810000000000008</Keywords><TimeCreated SystemTime='2023-03-11T14:05:32.685780900Z'/><EventRecordID>2893</EventRecordID><Correlation/><Execution ProcessID='4' ThreadID='3056'/><Channel>Microsoft-Windows-SMBServer/Security</Channel><Computer>AttackDefense</Computer><Security UserID='S-1-5-18'/></System><UserData><EventData xmlns='Smb2Namespace'><SessionGUID>{00000000-0000-0000-0000-000000000000}</SessionGUID><ConnectionGUID>{00000000-0000-0000-0000-000000000000}</ConnectionGUID><Status>0xc000006d</Status><TranslatedStatus>0xc000006d</TranslatedStatus><ClientAddressLength>16</ClientAddressLength><ClientAddress>0200A6680A0A15030000000000000000</ClientAddress><SessionId>0x0</SessionId><UserNameLength>13</UserNameLength><UserName>administrator</UserName><ClientNameLength>12</ClientNameLength><ClientName>\\10.10.21.3</ClientName><SPN>session setup failed before the SPN could be queried</SPN><SPNValidationPolicy>0</SPNValidationPolicy></EventData></UserData></Event><Event xmlns='http://schemas.microsoft.com/win/2004/08/events/event'><System><Provider Name='Microsoft-Windows-SMBServer' Guid='{d48ce617-33a2-4bc3-a5c7-11aa4f29619e}'/><EventID>551</EventID><Version>2</Version><Level>2</Level><Task>551</Task><Opcode>0</Opcode><Keywords>0x810000000000008</Keywords><TimeCreated SystemTime='2023-03-11T14:05:32.675116600Z'/><EventRecordID>2892</EventRecordID><Correlation/><Execution ProcessID='4' ThreadID='3056'/><Channel>Microsoft-Windows-SMBServer/Security</Channel><Computer>AttackDefense</Computer><Security UserID='S-1-5-18'/></System><UserData><EventData xmlns='Smb2Namespace'><SessionGUID>{00000000-0000-0000-0000-000000000000}</SessionGUID><ConnectionGUID>{00000000-0000-0000-0000-000000000000}</ConnectionGUID><Status>0xc000006d</Status><TranslatedStatus>0xc000006d</TranslatedStatus><ClientAddressLength>16</ClientAddressLength><ClientAddress>0200A6660A0A15030000000000000000</ClientAddress><SessionId>0x0</SessionId><UserNameLength>13</UserNameLength><UserName>administrator</UserName><ClientNameLength>12</ClientNameLength><ClientName>\\10.10.21.3</ClientName><SPN>session setup failed before the SPN could be queried</SPN><SPNValidationPolicy>0</SPNValidationPolicy></EventData></UserData></Event><Event xmlns='http://schemas.microsoft.com/win/2004/08/events/event'><System><Provider Name='Microsoft-Windows-SMBServer' Guid='{d48ce617-33a2-4bc3-a5c7-11aa4f29619e}'/><EventID>551</EventID><Version>2</Version><Level>2</Level><Task>551</Task><Opcode>0</Opcode><Keywords>0x810000000000008</Keywords><TimeCreated SystemTime='2023-03-11T14:05:32.664940100Z'/><EventRecordID>2891</EventRecordID><Correlation/><Execution ProcessID='4' ThreadID='3056'/><Channel>Microsoft-Windows-SMBServer/Security</Channel><Computer>AttackDefense</Computer><Security UserID='S-1-5-18'/></System><UserData><EventData xmlns='Smb2Namespace'><SessionGUID>{00000000-0000-0000-0000-000000000000}</SessionGUID><ConnectionGUID>{00000000-0000-0000-0000-000000000000}</ConnectionGUID><Status>0xc000006d</Status><TranslatedStatus>0xc000006d</TranslatedStatus><ClientAddressLength>16</ClientAddressLength><ClientAddress>0200A6640A0A15030000000000000000</ClientAddress><SessionId>0x0</SessionId><UserNameLength>13</UserNameLength><UserName>administrator</UserName><ClientNameLength>12</ClientNameLength><ClientName>\\10.10.21.3</ClientName><SPN>session setup failed before the SPN could be queried</SPN><SPNValidationPolicy>0</SPNValidationPolicy></EventData></UserData></Event><Event xmlns='http://schemas.microsoft.com/win/2004/08/events/event'><System><Provider Name='Microsoft-Windows-SMBServer' Guid='{d48ce617-33a2-4bc3-a5c7-11aa4f29619e}'/><EventID>551</EventID><Version>2</Version><Level>2</Level><Task>551</Task><Opcode>0</Opcode><Keywords>0x810000000000008</Keywords><TimeCreated SystemTime='2023-03-11T14:05:32.654721000Z'/><EventRecordID>2890</EventRecordID><Correlation/><Execution ProcessID='4' ThreadID='3056'/><Channel>Microsoft-Windows-SMBServer/Security</Channel><Computer>AttackDefense</Computer><Security UserID='S-1-5-18'/></System><UserData><EventData xmlns='Smb2Namespace'><SessionGUID>{00000000-0000-0000-0000-000000000000}</SessionGUID><ConnectionGUID>{00000000-0000-0000-0000-000000000000}</ConnectionGUID><Status>0xc000006d</Status><TranslatedStatus>0xc000006d</TranslatedStatus><ClientAddressLength>16</ClientAddressLength><ClientAddress>0200A6620A0A15030000000000000000</ClientAddress><SessionId>0x0</SessionId><UserNameLength>13</UserNameLength><UserName>administrator</UserName><ClientNameLength>12</ClientNameLength><ClientName>\\10.10.21.3</ClientName><SPN>session setup failed before the SPN could be queried</SPN><SPNValidationPolicy>0</SPNValidationPolicy></EventData></UserData></Event><Event xmlns='http://schemas.microsoft.com/win/2004/08/events/event'><System><Provider Name='Microsoft-Windows-SMBServer' Guid='{d48ce617-33a2-4bc3-a5c7-11aa4f29619e}'/><EventID>551</EventID><Version>2</Version><Level>2</Level><Task>551</Task><Opcode>0</Opcode><Keywords>0x810000000000008</Keywords><TimeCreated SystemTime='2023-03-11T14:05:32.644524500Z'/><EventRecordID>2889</EventRecordID><Correlation/><Execution ProcessID='4' ThreadID='3056'/><Channel>Microsoft-Windows-SMBServer/Security</Channel><Computer>AttackDefense</Computer><Security UserID='S-1-5-18'/></System><UserData><EventData xmlns='Smb2Namespace'><SessionGUID>{00000000-0000-0000-0000-000000000000}</SessionGUID><ConnectionGUID>{00000000-0000-0000-0000-000000000000}</ConnectionGUID><Status>0xc000006d</Status><TranslatedStatus>0xc000006d</TranslatedStatus><ClientAddressLength>16</ClientAddressLength><ClientAddress>0200A6600A0A15030000000000000000</ClientAddress><SessionId>0x0</SessionId><UserNameLength>13</UserNameLength><UserName>administrator</UserName><ClientNameLength>12</ClientNameLength><ClientName>\\10.10.21.3</ClientName><SPN>session setup failed before the SPN could be queried</SPN><SPNValidationPolicy>0</SPNValidationPolicy></EventData></UserData></Event><Event xmlns='http://schemas.microsoft.com/win/2004/08/events/event'><System><Provider Name='Microsoft-Windows-SMBServer' Guid='{d48ce617-33a2-4bc3-a5c7-11aa4f29619e}'/><EventID>551</EventID><Version>2</Version><Level>2</Level><Task>551</Task><Opcode>0</Opcode><Keywords>0x810000000000008</Keywords><TimeCreated SystemTime='2023-03-11T14:05:32.634565500Z'/><EventRecordID>2888</EventRecordID><Correlation/><Execution ProcessID='4' ThreadID='3056'/><Channel>Microsoft-Windows-SMBServer/Security</Channel><Computer>AttackDefense</Computer><Security UserID='S-1-5-18'/></System><UserData><EventData xmlns='Smb2Namespace'><SessionGUID>{00000000-0000-0000-0000-000000000000}</SessionGUID><ConnectionGUID>{00000000-0000-0000-0000-000000000000}</ConnectionGUID><Status>0xc000006d</Status><TranslatedStatus>0xc000006d</TranslatedStatus><ClientAddressLength>16</ClientAddressLength><ClientAddress>0200A65E0A0A15030000000000000000</ClientAddress><SessionId>0x0</SessionId><UserNameLength>13</UserNameLength><UserName>administrator</UserName><ClientNameLength>12</ClientNameLength><ClientName>\\10.10.21.3</ClientName><SPN>session setup failed before the SPN could be queried</SPN><SPNValidationPolicy>0</SPNValidationPolicy></EventData></UserData></Event><Event xmlns='http://schemas.microsoft.com/win/2004/08/events/event'><System><Provider Name='Microsoft-Windows-SMBServer' Guid='{d48ce617-33a2-4bc3-a5c7-11aa4f29619e}'/><EventID>551</EventID><Version>2</Version><Level>2</Level><Task>551</Task><Opcode>0</Opcode><Keywords>0x810000000000008</Keywords><TimeCreated SystemTime='2023-03-11T14:05:32.625238200Z'/><EventRecordID>2887</EventRecordID><Correlation/><Execution ProcessID='4' ThreadID='3056'/><Channel>Microsoft-Windows-SMBServer/Security</Channel><Computer>AttackDefense</Computer><Security UserID='S-1-5-18'/></System><UserData><EventData xmlns='Smb2Namespace'><SessionGUID>{00000000-0000-0000-0000-000000000000}</SessionGUID><ConnectionGUID>{00000000-0000-0000-0000-000000000000}</ConnectionGUID><Status>0xc000006d</Status><TranslatedStatus>0xc000006d</TranslatedStatus><ClientAddressLength>16</ClientAddressLength><ClientAddress>0200A65C0A0A15030000000000000000</ClientAddress><SessionId>0x0</SessionId><UserNameLength>13</UserNameLength><UserName>administrator</UserName><ClientNameLength>12</ClientNameLength><ClientName>\\10.10.21.3</ClientName><SPN>session setup failed before the SPN could be queried</SPN><SPNValidationPolicy>0</SPNValidationPolicy></EventData></UserData></Event><Event xmlns='http://schemas.microsoft.com/win/2004/08/events/event'><System><Provider Name='Microsoft-Windows-SMBServer' Guid='{d48ce617-33a2-4bc3-a5c7-11aa4f29619e}'/><EventID>551</EventID><Version>2</Version><Level>2</Level><Task>551</Task><Opcode>0</Opcode><Keywords>0x810000000000008</Keywords><TimeCreated SystemTime='2023-03-11T14:05:32.614530200Z'/><EventRecordID>2886</EventRecordID><Correlation/><Execution ProcessID='4' ThreadID='3056'/><Channel>Microsoft-Windows-SMBServer/Security</Channel><Computer>AttackDefense</Computer><Security UserID='S-1-5-18'/></System><UserData><EventData xmlns='Smb2Namespace'><SessionGUID>{00000000-0000-0000-0000-000000000000}</SessionGUID><ConnectionGUID>{00000000-0000-0000-0000-000000000000}</ConnectionGUID><Status>0xc000006d</Status><TranslatedStatus>0xc000006d</TranslatedStatus><ClientAddressLength>16</ClientAddressLength><ClientAddress>0200A65A0A0A15030000000000000000</ClientAddress><SessionId>0x0</SessionId><UserNameLength>13</UserNameLength><UserName>administrator</UserName><ClientNameLength>12</ClientNameLength><ClientName>\\10.10.21.3</ClientName><SPN>session setup failed before the SPN could be queried</SPN><SPNValidationPolicy>0</SPNValidationPolicy></EventData></UserData></Event><Event xmlns='http://schemas.microsoft.com/win/2004/08/events/event'><System><Provider Name='Microsoft-Windows-SMBServer' Guid='{d48ce617-33a2-4bc3-a5c7-11aa4f29619e}'/><EventID>551</EventID><Version>2</Version><Level>2</Level><Task>551</Task><Opcode>0</Opcode><Keywords>0x810000000000008</Keywords><TimeCreated SystemTime='2023-03-11T14:05:32.604773200Z'/><EventRecordID>2885</EventRecordID><Correlation/><Execution ProcessID='4' ThreadID='3056'/><Channel>Microsoft-Windows-SMBServer/Security</Channel><Computer>AttackDefense</Computer><Security UserID='S-1-5-18'/></System><UserData><EventData xmlns='Smb2Namespace'><SessionGUID>{00000000-0000-0000-0000-000000000000}</SessionGUID><ConnectionGUID>{00000000-0000-0000-0000-000000000000}</ConnectionGUID><Status>0xc000006d</Status><TranslatedStatus>0xc000006d</TranslatedStatus><ClientAddressLength>16</ClientAddressLength><ClientAddress>0200A6580A0A15030000000000000000</ClientAddress><SessionId>0x0</SessionId><UserNameLength>13</UserNameLength><UserName>administrator</UserName><ClientNameLength>12</ClientNameLength><ClientName>\\10.10.21.3</ClientName><SPN>session setup failed before the SPN could be queried</SPN><SPNValidationPolicy>0</SPNValidationPolicy></EventData></UserData></Event><Event xmlns='http://schemas.microsoft.com/win/2004/08/events/event'><System><Provider Name='Microsoft-Windows-SMBServer' Guid='{d48ce617-33a2-4bc3-a5c7-11aa4f29619e}'/><EventID>551</EventID><Version>2</Version><Level>2</Level><Task>551</Task><Opcode>0</Opcode><Keywords>0x810000000000008</Keywords><TimeCreated SystemTime='2023-03-11T14:05:32.594147400Z'/><EventRecordID>2884</EventRecordID><Correlation/><Execution ProcessID='4' ThreadID='3056'/><Channel>Microsoft-Windows-SMBServer/Security</Channel><Computer>AttackDefense</Computer><Security UserID='S-1-5-18'/></System><UserData><EventData xmlns='Smb2Namespace'><SessionGUID>{00000000-0000-0000-0000-000000000000}</SessionGUID><ConnectionGUID>{00000000-0000-0000-0000-000000000000}</ConnectionGUID><Status>0xc000006d</Status><TranslatedStatus>0xc000006d</TranslatedStatus><ClientAddressLength>16</ClientAddressLength><ClientAddress>0200A6560A0A15030000000000000000</ClientAddress><SessionId>0x0</SessionId><UserNameLength>13</UserNameLength><UserName>administrator</UserName><ClientNameLength>12</ClientNameLength><ClientName>\\10.10.21.3</ClientName><SPN>session setup failed before the SPN could be queried</SPN><SPNValidationPolicy>0</SPNValidationPolicy></EventData></UserData></Event><Event xmlns='http://schemas.microsoft.com/win/2004/08/events/event'><System><Provider Name='Microsoft-Windows-SMBServer' Guid='{d48ce617-33a2-4bc3-a5c7-11aa4f29619e}'/><EventID>551</EventID><Version>2</Version><Level>2</Level><Task>551</Task><Opcode>0</Opcode><Keywords>0x810000000000008</Keywords><TimeCreated SystemTime='2023-03-11T14:05:32.583974900Z'/><EventRecordID>2883</EventRecordID><Correlation/><Execution ProcessID='4' ThreadID='3056'/><Channel>Microsoft-Windows-SMBServer/Security</Channel><Computer>AttackDefense</Computer><Security UserID='S-1-5-18'/></System><UserData><EventData xmlns='Smb2Namespace'><SessionGUID>{00000000-0000-0000-0000-000000000000}</SessionGUID><ConnectionGUID>{00000000-0000-0000-0000-000000000000}</ConnectionGUID><Status>0xc000006d</Status><TranslatedStatus>0xc000006d</TranslatedStatus><ClientAddressLength>16</ClientAddressLength><ClientAddress>0200A6540A0A15030000000000000000</ClientAddress><SessionId>0x0</SessionId><UserNameLength>13</UserNameLength><UserName>administrator</UserName><ClientNameLength>12</ClientNameLength><ClientName>\\10.10.21.3</ClientName><SPN>session setup failed before the SPN could be queried</SPN><SPNValidationPolicy>0</SPNValidationPolicy></EventData></UserData></Event><Event xmlns='http://schemas.microsoft.com/win/2004/08/events/event'><System><Provider Name='Microsoft-Windows-SMBServer' Guid='{d48ce617-33a2-4bc3-a5c7-11aa4f29619e}'/><EventID>551</EventID><Version>2</Version><Level>2</Level><Task>551</Task><Opcode>0</Opcode><Keywords>0x810000000000008</Keywords><TimeCreated SystemTime='2023-03-11T14:05:32.574595300Z'/><EventRecordID>2882</EventRecordID><Correlation/><Execution ProcessID='4' ThreadID='3056'/><Channel>Microsoft-Windows-SMBServer/Security</Channel><Computer>AttackDefense</Computer><Security UserID='S-1-5-18'/></System><UserData><EventData xmlns='Smb2Namespace'><SessionGUID>{00000000-0000-0000-0000-000000000000}</SessionGUID><ConnectionGUID>{00000000-0000-0000-0000-000000000000}</ConnectionGUID><Status>0xc000006d</Status><TranslatedStatus>0xc000006d</TranslatedStatus><ClientAddressLength>16</ClientAddressLength><ClientAddress>0200A6520A0A15030000000000000000</ClientAddress><SessionId>0x0</SessionId><UserNameLength>13</UserNameLength><UserName>administrator</UserName><ClientNameLength>12</ClientNameLength><ClientName>\\10.10.21.3</ClientName><SPN>session setup failed before the SPN could be queried</SPN><SPNValidationPolicy>0</SPNValidationPolicy></EventData></UserData></Event><Event xmlns='http://schemas.microsoft.com/win/2004/08/events/event'><System><Provider Name='Microsoft-Windows-SMBServer' Guid='{d48ce617-33a2-4bc3-a5c7-11aa4f29619e}'/><EventID>551</EventID><Version>2</Version><Level>2</Level><Task>551</Task><Opcode>0</Opcode><Keywords>0x810000000000008</Keywords><TimeCreated SystemTime='2023-03-11T14:05:32.564035200Z'/><EventRecordID>2881</EventRecordID><Correlation/><Execution ProcessID='4' ThreadID='3056'/><Channel>Microsoft-Windows-SMBServer/Security</Channel><Computer>AttackDefense</Computer><Security UserID='S-1-5-18'/></System><UserData><EventData xmlns='Smb2Namespace'><SessionGUID>{00000000-0000-0000-0000-000000000000}</SessionGUID><ConnectionGUID>{00000000-0000-0000-0000-000000000000}</ConnectionGUID><Status>0xc000006d</Status><TranslatedStatus>0xc000006d</TranslatedStatus><ClientAddressLength>16</ClientAddressLength><ClientAddress>0200A6500A0A15030000000000000000</ClientAddress><SessionId>0x0</SessionId><UserNameLength>13</UserNameLength><UserName>administrator</UserName><ClientNameLength>12</ClientNameLength><ClientName>\\10.10.21.3</ClientName><SPN>session setup failed before the SPN could be queried</SPN><SPNValidationPolicy>0</SPNValidationPolicy></EventData></UserData></Event><Event xmlns='http://schemas.microsoft.com/win/2004/08/events/event'><System><Provider Name='Microsoft-Windows-SMBServer' Guid='{d48ce617-33a2-4bc3-a5c7-11aa4f29619e}'/><EventID>551</EventID><Version>2</Version><Level>2</Level><Task>551</Task><Opcode>0</Opcode><Keywords>0x810000000000008</Keywords><TimeCreated SystemTime='2023-03-11T14:05:32.554616100Z'/><EventRecordID>2880</EventRecordID><Correlation/><Execution ProcessID='4' ThreadID='3056'/><Channel>Microsoft-Windows-SMBServer/Security</Channel><Computer>AttackDefense</Computer><Security UserID='S-1-5-18'/></System><UserData><EventData xmlns='Smb2Namespace'><SessionGUID>{00000000-0000-0000-0000-000000000000}</SessionGUID><ConnectionGUID>{00000000-0000-0000-0000-000000000000}</ConnectionGUID><Status>0xc000006d</Status><TranslatedStatus>0xc000006d</TranslatedStatus><ClientAddressLength>16</ClientAddressLength><ClientAddress>0200A64E0A0A15030000000000000000</ClientAddress><SessionId>0x0</SessionId><UserNameLength>13</UserNameLength><UserName>administrator</UserName><ClientNameLength>12</ClientNameLength><ClientName>\\10.10.21.3</ClientName><SPN>session setup failed before the SPN could be queried</SPN><SPNValidationPolicy>0</SPNValidationPolicy></EventData></UserData></Event><Event xmlns='http://schemas.microsoft.com/win/2004/08/events/event'><System><Provider Name='Microsoft-Windows-SMBServer' Guid='{d48ce617-33a2-4bc3-a5c7-11aa4f29619e}'/><EventID>551</EventID><Version>2</Version><Level>2</Level><Task>551</Task><Opcode>0</Opcode><Keywords>0x810000000000008</Keywords><TimeCreated SystemTime='2023-03-11T14:05:32.544475200Z'/><EventRecordID>2879</EventRecordID><Correlation/><Execution ProcessID='4' ThreadID='3056'/><Channel>Microsoft-Windows-SMBServer/Security</Channel><Computer>AttackDefense</Computer><Security UserID='S-1-5-18'/></System><UserData><EventData xmlns='Smb2Namespace'><SessionGUID>{00000000-0000-0000-0000-000000000000}</SessionGUID><ConnectionGUID>{00000000-0000-0000-0000-000000000000}</ConnectionGUID><Status>0xc000006d</Status><TranslatedStatus>0xc000006d</TranslatedStatus><ClientAddressLength>16</ClientAddressLength><ClientAddress>0200A64C0A0A15030000000000000000</ClientAddress><SessionId>0x0</SessionId><UserNameLength>13</UserNameLength><UserName>administrator</UserName><ClientNameLength>12</ClientNameLength><ClientName>\\10.10.21.3</ClientName><SPN>session setup failed before the SPN could be queried</SPN><SPNValidationPolicy>0</SPNValidationPolicy></EventData></UserData></Event><Event xmlns='http://schemas.microsoft.com/win/2004/08/events/event'><System><Provider Name='Microsoft-Windows-SMBServer' Guid='{d48ce617-33a2-4bc3-a5c7-11aa4f29619e}'/><EventID>551</EventID><Version>2</Version><Level>2</Level><Task>551</Task><Opcode>0</Opcode><Keywords>0x810000000000008</Keywords><TimeCreated SystemTime='2023-03-11T14:05:32.534609800Z'/><EventRecordID>2878</EventRecordID><Correlation/><Execution ProcessID='4' ThreadID='3056'/><Channel>Microsoft-Windows-SMBServer/Security</Channel><Computer>AttackDefense</Computer><Security UserID='S-1-5-18'/></System><UserData><EventData xmlns='Smb2Namespace'><SessionGUID>{00000000-0000-0000-0000-000000000000}</SessionGUID><ConnectionGUID>{00000000-0000-0000-0000-000000000000}</ConnectionGUID><Status>0xc000006d</Status><TranslatedStatus>0xc000006d</TranslatedStatus><ClientAddressLength>16</ClientAddressLength><ClientAddress>0200A64A0A0A15030000000000000000</ClientAddress><SessionId>0x0</SessionId><UserNameLength>13</UserNameLength><UserName>administrator</UserName><ClientNameLength>12</ClientNameLength><ClientName>\\10.10.21.3</ClientName><SPN>session setup failed before the SPN could be queried</SPN><SPNValidationPolicy>0</SPNValidationPolicy></EventData></UserData></Event><Event xmlns='http://schemas.microsoft.com/win/2004/08/events/event'><System><Provider Name='Microsoft-Windows-SMBServer' Guid='{d48ce617-33a2-4bc3-a5c7-11aa4f29619e}'/><EventID>551</EventID><Version>2</Version><Level>2</Level><Task>551</Task><Opcode>0</Opcode><Keywords>0x810000000000008</Keywords><TimeCreated SystemTime='2023-03-11T14:05:32.524395300Z'/><EventRecordID>2877</EventRecordID><Correlation/><Execution ProcessID='4' ThreadID='3056'/><Channel>Microsoft-Windows-SMBServer/Security</Channel><Computer>AttackDefense</Computer><Security UserID='S-1-5-18'/></System><UserData><EventData xmlns='Smb2Namespace'><SessionGUID>{00000000-0000-0000-0000-000000000000}</SessionGUID><ConnectionGUID>{00000000-0000-0000-0000-000000000000}</ConnectionGUID><Status>0xc000006d</Status><TranslatedStatus>0xc000006d</TranslatedStatus><ClientAddressLength>16</ClientAddressLength><ClientAddress>0200A6480A0A15030000000000000000</ClientAddress><SessionId>0x0</SessionId><UserNameLength>13</UserNameLength><UserName>administrator</UserName><ClientNameLength>12</ClientNameLength><ClientName>\\10.10.21.3</ClientName><SPN>session setup failed before the SPN could be queried</SPN><SPNValidationPolicy>0</SPNValidationPolicy></EventData></UserData></Event><Event xmlns='http://schemas.microsoft.com/win/2004/08/events/event'><System><Provider Name='Microsoft-Windows-SMBServer' Guid='{d48ce617-33a2-4bc3-a5c7-11aa4f29619e}'/><EventID>551</EventID><Version>2</Version><Level>2</Level><Task>551</Task><Opcode>0</Opcode><Keywords>0x810000000000008</Keywords><TimeCreated SystemTime='2023-03-11T14:05:32.513616200Z'/><EventRecordID>2876</EventRecordID><Correlation/><Execution ProcessID='4' ThreadID='3056'/><Channel>Microsoft-Windows-SMBServer/Security</Channel><Computer>AttackDefense</Computer><Security UserID='S-1-5-18'/></System><UserData><EventData xmlns='Smb2Namespace'><SessionGUID>{00000000-0000-0000-0000-000000000000}</SessionGUID><ConnectionGUID>{00000000-0000-0000-0000-000000000000}</ConnectionGUID><Status>0xc000006d</Status><TranslatedStatus>0xc000006d</TranslatedStatus><ClientAddressLength>16</ClientAddressLength><ClientAddress>0200A6460A0A15030000000000000000</ClientAddress><SessionId>0x0</SessionId><UserNameLength>13</UserNameLength><UserName>administrator</UserName><ClientNameLength>12</ClientNameLength><ClientName>\\10.10.21.3</ClientName><SPN>session setup failed before the SPN could be queried</SPN><SPNValidationPolicy>0</SPNValidationPolicy></EventData></UserData></Event><Event xmlns='http://schemas.microsoft.com/win/2004/08/events/event'><System><Provider Name='Microsoft-Windows-SMBServer' Guid='{d48ce617-33a2-4bc3-a5c7-11aa4f29619e}'/><EventID>551</EventID><Version>2</Version><Level>2</Level><Task>551</Task><Opcode>0</Opcode><Keywords>0x810000000000008</Keywords><TimeCreated SystemTime='2023-03-11T14:05:32.503597300Z'/><EventRecordID>2875</EventRecordID><Correlation/><Execution ProcessID='4' ThreadID='3056'/><Channel>Microsoft-Windows-SMBServer/Security</Channel><Computer>AttackDefense</Computer><Security UserID='S-1-5-18'/></System><UserData><EventData xmlns='Smb2Namespace'><SessionGUID>{00000000-0000-0000-0000-000000000000}</SessionGUID><ConnectionGUID>{00000000-0000-0000-0000-000000000000}</ConnectionGUID><Status>0xc000006d</Status><TranslatedStatus>0xc000006d</TranslatedStatus><ClientAddressLength>16</ClientAddressLength><ClientAddress>0200A6440A0A15030000000000000000</ClientAddress><SessionId>0x0</SessionId><UserNameLength>13</UserNameLength><UserName>administrator</UserName><ClientNameLength>12</ClientNameLength><ClientName>\\10.10.21.3</ClientName><SPN>session setup failed before the SPN could be queried</SPN><SPNValidationPolicy>0</SPNValidationPolicy></EventData></UserData></Event><Event xmlns='http://schemas.microsoft.com/win/2004/08/events/event'><System><Provider Name='Microsoft-Windows-SMBServer' Guid='{d48ce617-33a2-4bc3-a5c7-11aa4f29619e}'/><EventID>551</EventID><Version>2</Version><Level>2</Level><Task>551</Task><Opcode>0</Opcode><Keywords>0x810000000000008</Keywords><TimeCreated SystemTime='2023-03-11T14:05:32.493925700Z'/><EventRecordID>2874</EventRecordID><Correlation/><Execution ProcessID='4' ThreadID='3056'/><Channel>Microsoft-Windows-SMBServer/Security</Channel><Computer>AttackDefense</Computer><Security UserID='S-1-5-18'/></System><UserData><EventData xmlns='Smb2Namespace'><SessionGUID>{00000000-0000-0000-0000-000000000000}</SessionGUID><ConnectionGUID>{00000000-0000-0000-0000-000000000000}</ConnectionGUID><Status>0xc000006d</Status><TranslatedStatus>0xc000006d</TranslatedStatus><ClientAddressLength>16</ClientAddressLength><ClientAddress>0200A6420A0A15030000000000000000</ClientAddress><SessionId>0x0</SessionId><UserNameLength>13</UserNameLength><UserName>administrator</UserName><ClientNameLength>12</ClientNameLength><ClientName>\\10.10.21.3</ClientName><SPN>session setup failed before the SPN could be queried</SPN><SPNValidationPolicy>0</SPNValidationPolicy></EventData></UserData></Event><Event xmlns='http://schemas.microsoft.com/win/2004/08/events/event'><System><Provider Name='Microsoft-Windows-SMBServer' Guid='{d48ce617-33a2-4bc3-a5c7-11aa4f29619e}'/><EventID>551</EventID><Version>2</Version><Level>2</Level><Task>551</Task><Opcode>0</Opcode><Keywords>0x810000000000008</Keywords><TimeCreated SystemTime='2023-03-11T14:05:32.483473400Z'/><EventRecordID>2873</EventRecordID><Correlation/><Execution ProcessID='4' ThreadID='3056'/><Channel>Microsoft-Windows-SMBServer/Security</Channel><Computer>AttackDefense</Computer><Security UserID='S-1-5-18'/></System><UserData><EventData xmlns='Smb2Namespace'><SessionGUID>{00000000-0000-0000-0000-000000000000}</SessionGUID><ConnectionGUID>{00000000-0000-0000-0000-000000000000}</ConnectionGUID><Status>0xc000006d</Status><TranslatedStatus>0xc000006d</TranslatedStatus><ClientAddressLength>16</ClientAddressLength><ClientAddress>0200A6400A0A15030000000000000000</ClientAddress><SessionId>0x0</SessionId><UserNameLength>13</UserNameLength><UserName>administrator</UserName><ClientNameLength>12</ClientNameLength><ClientName>\\10.10.21.3</ClientName><SPN>session setup failed before the SPN could be queried</SPN><SPNValidationPolicy>0</SPNValidationPolicy></EventData></UserData></Event><Event xmlns='http://schemas.microsoft.com/win/2004/08/events/event'><System><Provider Name='Microsoft-Windows-SMBServer' Guid='{d48ce617-33a2-4bc3-a5c7-11aa4f29619e}'/><EventID>551</EventID><Version>2</Version><Level>2</Level><Task>551</Task><Opcode>0</Opcode><Keywords>0x810000000000008</Keywords><TimeCreated SystemTime='2023-03-11T14:05:32.473496600Z'/><EventRecordID>2872</EventRecordID><Correlation/><Execution ProcessID='4' ThreadID='3056'/><Channel>Microsoft-Windows-SMBServer/Security</Channel><Computer>AttackDefense</Computer><Security UserID='S-1-5-18'/></System><UserData><EventData xmlns='Smb2Namespace'><SessionGUID>{00000000-0000-0000-0000-000000000000}</SessionGUID><ConnectionGUID>{00000000-0000-0000-0000-000000000000}</ConnectionGUID><Status>0xc000006d</Status><TranslatedStatus>0xc000006d</TranslatedStatus><ClientAddressLength>16</ClientAddressLength><ClientAddress>0200A63E0A0A15030000000000000000</ClientAddress><SessionId>0x0</SessionId><UserNameLength>13</UserNameLength><UserName>administrator</UserName><ClientNameLength>12</ClientNameLength><ClientName>\\10.10.21.3</ClientName><SPN>session setup failed before the SPN could be queried</SPN><SPNValidationPolicy>0</SPNValidationPolicy></EventData></UserData></Event><Event xmlns='http://schemas.microsoft.com/win/2004/08/events/event'><System><Provider Name='Microsoft-Windows-SMBServer' Guid='{d48ce617-33a2-4bc3-a5c7-11aa4f29619e}'/><EventID>551</EventID><Version>2</Version><Level>2</Level><Task>551</Task><Opcode>0</Opcode><Keywords>0x810000000000008</Keywords><TimeCreated SystemTime='2023-03-11T14:05:32.463543000Z'/><EventRecordID>2871</EventRecordID><Correlation/><Execution ProcessID='4' ThreadID='3056'/><Channel>Microsoft-Windows-SMBServer/Security</Channel><Computer>AttackDefense</Computer><Security UserID='S-1-5-18'/></System><UserData><EventData xmlns='Smb2Namespace'><SessionGUID>{00000000-0000-0000-0000-000000000000}</SessionGUID><ConnectionGUID>{00000000-0000-0000-0000-000000000000}</ConnectionGUID><Status>0xc000006d</Status><TranslatedStatus>0xc000006d</TranslatedStatus><ClientAddressLength>16</ClientAddressLength><ClientAddress>0200A63C0A0A15030000000000000000</ClientAddress><SessionId>0x0</SessionId><UserNameLength>13</UserNameLength><UserName>administrator</UserName><ClientNameLength>12</ClientNameLength><ClientName>\\10.10.21.3</ClientName><SPN>session setup failed before the SPN could be queried</SPN><SPNValidationPolicy>0</SPNValidationPolicy></EventData></UserData></Event><Event xmlns='http://schemas.microsoft.com/win/2004/08/events/event'><System><Provider Name='Microsoft-Windows-SMBServer' Guid='{d48ce617-33a2-4bc3-a5c7-11aa4f29619e}'/><EventID>551</EventID><Version>2</Version><Level>2</Level><Task>551</Task><Opcode>0</Opcode><Keywords>0x810000000000008</Keywords><TimeCreated SystemTime='2023-03-11T14:05:32.452652700Z'/><EventRecordID>2870</EventRecordID><Correlation/><Execution ProcessID='4' ThreadID='3056'/><Channel>Microsoft-Windows-SMBServer/Security</Channel><Computer>AttackDefense</Computer><Security UserID='S-1-5-18'/></System><UserData><EventData xmlns='Smb2Namespace'><SessionGUID>{00000000-0000-0000-0000-000000000000}</SessionGUID><ConnectionGUID>{00000000-0000-0000-0000-000000000000}</ConnectionGUID><Status>0xc000006d</Status><TranslatedStatus>0xc000006d</TranslatedStatus><ClientAddressLength>16</ClientAddressLength><ClientAddress>0200A63A0A0A15030000000000000000</ClientAddress><SessionId>0x0</SessionId><UserNameLength>13</UserNameLength><UserName>administrator</UserName><ClientNameLength>12</ClientNameLength><ClientName>\\10.10.21.3</ClientName><SPN>session setup failed before the SPN could be queried</SPN><SPNValidationPolicy>0</SPNValidationPolicy></EventData></UserData></Event><Event xmlns='http://schemas.microsoft.com/win/2004/08/events/event'><System><Provider Name='Microsoft-Windows-SMBServer' Guid='{d48ce617-33a2-4bc3-a5c7-11aa4f29619e}'/><EventID>551</EventID><Version>2</Version><Level>2</Level><Task>551</Task><Opcode>0</Opcode><Keywords>0x810000000000008</Keywords><TimeCreated SystemTime='2023-03-11T14:05:32.443344700Z'/><EventRecordID>2869</EventRecordID><Correlation/><Execution ProcessID='4' ThreadID='3056'/><Channel>Microsoft-Windows-SMBServer/Security</Channel><Computer>AttackDefense</Computer><Security UserID='S-1-5-18'/></System><UserData><EventData xmlns='Smb2Namespace'><SessionGUID>{00000000-0000-0000-0000-000000000000}</SessionGUID><ConnectionGUID>{00000000-0000-0000-0000-000000000000}</ConnectionGUID><Status>0xc000006d</Status><TranslatedStatus>0xc000006d</TranslatedStatus><ClientAddressLength>16</ClientAddressLength><ClientAddress>0200A6380A0A15030000000000000000</ClientAddress><SessionId>0x0</SessionId><UserNameLength>13</UserNameLength><UserName>administrator</UserName><ClientNameLength>12</ClientNameLength><ClientName>\\10.10.21.3</ClientName><SPN>session setup failed before the SPN could be queried</SPN><SPNValidationPolicy>0</SPNValidationPolicy></EventData></UserData></Event><Event xmlns='http://schemas.microsoft.com/win/2004/08/events/event'><System><Provider Name='Microsoft-Windows-SMBServer' Guid='{d48ce617-33a2-4bc3-a5c7-11aa4f29619e}'/><EventID>551</EventID><Version>2</Version><Level>2</Level><Task>551</Task><Opcode>0</Opcode><Keywords>0x810000000000008</Keywords><TimeCreated SystemTime='2023-03-11T14:05:32.432963400Z'/><EventRecordID>2868</EventRecordID><Correlation/><Execution ProcessID='4' ThreadID='3056'/><Channel>Microsoft-Windows-SMBServer/Security</Channel><Computer>AttackDefense</Computer><Security UserID='S-1-5-18'/></System><UserData><EventData xmlns='Smb2Namespace'><SessionGUID>{00000000-0000-0000-0000-000000000000}</SessionGUID><ConnectionGUID>{00000000-0000-0000-0000-000000000000}</ConnectionGUID><Status>0xc000006d</Status><TranslatedStatus>0xc000006d</TranslatedStatus><ClientAddressLength>16</ClientAddressLength><ClientAddress>0200A6360A0A15030000000000000000</ClientAddress><SessionId>0x0</SessionId><UserNameLength>13</UserNameLength><UserName>administrator</UserName><ClientNameLength>12</ClientNameLength><ClientName>\\10.10.21.3</ClientName><SPN>session setup failed before the SPN could be queried</SPN><SPNValidationPolicy>0</SPNValidationPolicy></EventData></UserData></Event><Event xmlns='http://schemas.microsoft.com/win/2004/08/events/event'><System><Provider Name='Microsoft-Windows-SMBServer' Guid='{d48ce617-33a2-4bc3-a5c7-11aa4f29619e}'/><EventID>551</EventID><Version>2</Version><Level>2</Level><Task>551</Task><Opcode>0</Opcode><Keywords>0x810000000000008</Keywords><TimeCreated SystemTime='2023-03-11T14:05:32.423552200Z'/><EventRecordID>2867</EventRecordID><Correlation/><Execution ProcessID='4' ThreadID='3056'/><Channel>Microsoft-Windows-SMBServer/Security</Channel><Computer>AttackDefense</Computer><Security UserID='S-1-5-18'/></System><UserData><EventData xmlns='Smb2Namespace'><SessionGUID>{00000000-0000-0000-0000-000000000000}</SessionGUID><ConnectionGUID>{00000000-0000-0000-0000-000000000000}</ConnectionGUID><Status>0xc000006d</Status><TranslatedStatus>0xc000006d</TranslatedStatus><ClientAddressLength>16</ClientAddressLength><ClientAddress>0200A6340A0A15030000000000000000</ClientAddress><SessionId>0x0</SessionId><UserNameLength>13</UserNameLength><UserName>administrator</UserName><ClientNameLength>12</ClientNameLength><ClientName>\\10.10.21.3</ClientName><SPN>session setup failed before the SPN could be queried</SPN><SPNValidationPolicy>0</SPNValidationPolicy></EventData></UserData></Event><Event xmlns='http://schemas.microsoft.com/win/2004/08/events/event'><System><Provider Name='Microsoft-Windows-SMBServer' Guid='{d48ce617-33a2-4bc3-a5c7-11aa4f29619e}'/><EventID>551</EventID><Version>2</Version><Level>2</Level><Task>551</Task><Opcode>0</Opcode><Keywords>0x810000000000008</Keywords><TimeCreated SystemTime='2023-03-11T14:05:32.413070900Z'/><EventRecordID>2866</EventRecordID><Correlation/><Execution ProcessID='4' ThreadID='3056'/><Channel>Microsoft-Windows-SMBServer/Security</Channel><Computer>AttackDefense</Computer><Security UserID='S-1-5-18'/></System><UserData><EventData xmlns='Smb2Namespace'><SessionGUID>{00000000-0000-0000-0000-000000000000}</SessionGUID><ConnectionGUID>{00000000-0000-0000-0000-000000000000}</ConnectionGUID><Status>0xc000006d</Status><TranslatedStatus>0xc000006d</TranslatedStatus><ClientAddressLength>16</ClientAddressLength><ClientAddress>0200A6320A0A15030000000000000000</ClientAddress><SessionId>0x0</SessionId><UserNameLength>13</UserNameLength><UserName>administrator</UserName><ClientNameLength>12</ClientNameLength><ClientName>\\10.10.21.3</ClientName><SPN>session setup failed before the SPN could be queried</SPN><SPNValidationPolicy>0</SPNValidationPolicy></EventData></UserData></Event><Event xmlns='http://schemas.microsoft.com/win/2004/08/events/event'><System><Provider Name='Microsoft-Windows-SMBServer' Guid='{d48ce617-33a2-4bc3-a5c7-11aa4f29619e}'/><EventID>551</EventID><Version>2</Version><Level>2</Level><Task>551</Task><Opcode>0</Opcode><Keywords>0x810000000000008</Keywords><TimeCreated SystemTime='2023-03-11T14:05:32.403306000Z'/><EventRecordID>2865</EventRecordID><Correlation/><Execution ProcessID='4' ThreadID='3056'/><Channel>Microsoft-Windows-SMBServer/Security</Channel><Computer>AttackDefense</Computer><Security UserID='S-1-5-18'/></System><UserData><EventData xmlns='Smb2Namespace'><SessionGUID>{00000000-0000-0000-0000-000000000000}</SessionGUID><ConnectionGUID>{00000000-0000-0000-0000-000000000000}</ConnectionGUID><Status>0xc000006d</Status><TranslatedStatus>0xc000006d</TranslatedStatus><ClientAddressLength>16</ClientAddressLength><ClientAddress>0200A6300A0A15030000000000000000</ClientAddress><SessionId>0x0</SessionId><UserNameLength>13</UserNameLength><UserName>administrator</UserName><ClientNameLength>12</ClientNameLength><ClientName>\\10.10.21.3</ClientName><SPN>session setup failed before the SPN could be queried</SPN><SPNValidationPolicy>0</SPNValidationPolicy></EventData></UserData></Event><Event xmlns='http://schemas.microsoft.com/win/2004/08/events/event'><System><Provider Name='Microsoft-Windows-SMBServer' Guid='{d48ce617-33a2-4bc3-a5c7-11aa4f29619e}'/><EventID>551</EventID><Version>2</Version><Level>2</Level><Task>551</Task><Opcode>0</Opcode><Keywords>0x810000000000008</Keywords><TimeCreated SystemTime='2023-03-11T14:05:32.392826600Z'/><EventRecordID>2864</EventRecordID><Correlation/><Execution ProcessID='4' ThreadID='3056'/><Channel>Microsoft-Windows-SMBServer/Security</Channel><Computer>AttackDefense</Computer><Security UserID='S-1-5-18'/></System><UserData><EventData xmlns='Smb2Namespace'><SessionGUID>{00000000-0000-0000-0000-000000000000}</SessionGUID><ConnectionGUID>{00000000-0000-0000-0000-000000000000}</ConnectionGUID><Status>0xc000006d</Status><TranslatedStatus>0xc000006d</TranslatedStatus><ClientAddressLength>16</ClientAddressLength><ClientAddress>0200A62E0A0A15030000000000000000</ClientAddress><SessionId>0x0</SessionId><UserNameLength>13</UserNameLength><UserName>administrator</UserName><ClientNameLength>12</ClientNameLength><ClientName>\\10.10.21.3</ClientName><SPN>session setup failed before the SPN could be queried</SPN><SPNValidationPolicy>0</SPNValidationPolicy></EventData></UserData></Event><Event xmlns='http://schemas.microsoft.com/win/2004/08/events/event'><System><Provider Name='Microsoft-Windows-SMBServer' Guid='{d48ce617-33a2-4bc3-a5c7-11aa4f29619e}'/><EventID>551</EventID><Version>2</Version><Level>2</Level><Task>551</Task><Opcode>0</Opcode><Keywords>0x810000000000008</Keywords><TimeCreated SystemTime='2023-03-11T14:05:32.382063700Z'/><EventRecordID>2863</EventRecordID><Correlation/><Execution ProcessID='4' ThreadID='3056'/><Channel>Microsoft-Windows-SMBServer/Security</Channel><Computer>AttackDefense</Computer><Security UserID='S-1-5-18'/></System><UserData><EventData xmlns='Smb2Namespace'><SessionGUID>{00000000-0000-0000-0000-000000000000}</SessionGUID><ConnectionGUID>{00000000-0000-0000-0000-000000000000}</ConnectionGUID><Status>0xc000006d</Status><TranslatedStatus>0xc000006d</TranslatedStatus><ClientAddressLength>16</ClientAddressLength><ClientAddress>0200A62C0A0A15030000000000000000</ClientAddress><SessionId>0x0</SessionId><UserNameLength>13</UserNameLength><UserName>administrator</UserName><ClientNameLength>12</ClientNameLength><ClientName>\\10.10.21.3</ClientName><SPN>session setup failed before the SPN could be queried</SPN><SPNValidationPolicy>0</SPNValidationPolicy></EventData></UserData></Event><Event xmlns='http://schemas.microsoft.com/win/2004/08/events/event'><System><Provider Name='Microsoft-Windows-SMBServer' Guid='{d48ce617-33a2-4bc3-a5c7-11aa4f29619e}'/><EventID>551</EventID><Version>2</Version><Level>2</Level><Task>551</Task><Opcode>0</Opcode><Keywords>0x810000000000008</Keywords><TimeCreated SystemTime='2023-03-11T14:05:32.373361000Z'/><EventRecordID>2862</EventRecordID><Correlation/><Execution ProcessID='4' ThreadID='3056'/><Channel>Microsoft-Windows-SMBServer/Security</Channel><Computer>AttackDefense</Computer><Security UserID='S-1-5-18'/></System><UserData><EventData xmlns='Smb2Namespace'><SessionGUID>{00000000-0000-0000-0000-000000000000}</SessionGUID><ConnectionGUID>{00000000-0000-0000-0000-000000000000}</ConnectionGUID><Status>0xc000006d</Status><TranslatedStatus>0xc000006d</TranslatedStatus><ClientAddressLength>16</ClientAddressLength><ClientAddress>0200A62A0A0A15030000000000000000</ClientAddress><SessionId>0x0</SessionId><UserNameLength>13</UserNameLength><UserName>administrator</UserName><ClientNameLength>12</ClientNameLength><ClientName>\\10.10.21.3</ClientName><SPN>session setup failed before the SPN could be queried</SPN><SPNValidationPolicy>0</SPNValidationPolicy></EventData></UserData></Event><Event xmlns='http://schemas.microsoft.com/win/2004/08/events/event'><System><Provider Name='Microsoft-Windows-SMBServer' Guid='{d48ce617-33a2-4bc3-a5c7-11aa4f29619e}'/><EventID>551</EventID><Version>2</Version><Level>2</Level><Task>551</Task><Opcode>0</Opcode><Keywords>0x810000000000008</Keywords><TimeCreated SystemTime='2023-03-11T14:05:32.362772300Z'/><EventRecordID>2861</EventRecordID><Correlation/><Execution ProcessID='4' ThreadID='3056'/><Channel>Microsoft-Windows-SMBServer/Security</Channel><Computer>AttackDefense</Computer><Security UserID='S-1-5-18'/></System><UserData><EventData xmlns='Smb2Namespace'><SessionGUID>{00000000-0000-0000-0000-000000000000}</SessionGUID><ConnectionGUID>{00000000-0000-0000-0000-000000000000}</ConnectionGUID><Status>0xc000006d</Status><TranslatedStatus>0xc000006d</TranslatedStatus><ClientAddressLength>16</ClientAddressLength><ClientAddress>0200A6280A0A15030000000000000000</ClientAddress><SessionId>0x0</SessionId><UserNameLength>13</UserNameLength><UserName>administrator</UserName><ClientNameLength>12</ClientNameLength><ClientName>\\10.10.21.3</ClientName><SPN>session setup failed before the SPN could be queried</SPN><SPNValidationPolicy>0</SPNValidationPolicy></EventData></UserData></Event><Event xmlns='http://schemas.microsoft.com/win/2004/08/events/event'><System><Provider Name='Microsoft-Windows-SMBServer' Guid='{d48ce617-33a2-4bc3-a5c7-11aa4f29619e}'/><EventID>551</EventID><Version>2</Version><Level>2</Level><Task>551</Task><Opcode>0</Opcode><Keywords>0x810000000000008</Keywords><TimeCreated SystemTime='2023-03-11T14:05:32.351870900Z'/><EventRecordID>2860</EventRecordID><Correlation/><Execution ProcessID='4' ThreadID='3056'/><Channel>Microsoft-Windows-SMBServer/Security</Channel><Computer>AttackDefense</Computer><Security UserID='S-1-5-18'/></System><UserData><EventData xmlns='Smb2Namespace'><SessionGUID>{00000000-0000-0000-0000-000000000000}</SessionGUID><ConnectionGUID>{00000000-0000-0000-0000-000000000000}</ConnectionGUID><Status>0xc000006d</Status><TranslatedStatus>0xc000006d</TranslatedStatus><ClientAddressLength>16</ClientAddressLength><ClientAddress>0200A6260A0A15030000000000000000</ClientAddress><SessionId>0x0</SessionId><UserNameLength>13</UserNameLength><UserName>administrator</UserName><ClientNameLength>12</ClientNameLength><ClientName>\\10.10.21.3</ClientName><SPN>session setup failed before the SPN could be queried</SPN><SPNValidationPolicy>0</SPNValidationPolicy></EventData></UserData></Event><Event xmlns='http://schemas.microsoft.com/win/2004/08/events/event'><System><Provider Name='Microsoft-Windows-SMBServer' Guid='{d48ce617-33a2-4bc3-a5c7-11aa4f29619e}'/><EventID>551</EventID><Version>2</Version><Level>2</Level><Task>551</Task><Opcode>0</Opcode><Keywords>0x810000000000008</Keywords><TimeCreated SystemTime='2023-03-11T14:05:32.342191300Z'/><EventRecordID>2859</EventRecordID><Correlation/><Execution ProcessID='4' ThreadID='3056'/><Channel>Microsoft-Windows-SMBServer/Security</Channel><Computer>AttackDefense</Computer><Security UserID='S-1-5-18'/></System><UserData><EventData xmlns='Smb2Namespace'><SessionGUID>{00000000-0000-0000-0000-000000000000}</SessionGUID><ConnectionGUID>{00000000-0000-0000-0000-000000000000}</ConnectionGUID><Status>0xc000006d</Status><TranslatedStatus>0xc000006d</TranslatedStatus><ClientAddressLength>16</ClientAddressLength><ClientAddress>0200A6240A0A15030000000000000000</ClientAddress><SessionId>0x0</SessionId><UserNameLength>13</UserNameLength><UserName>administrator</UserName><ClientNameLength>12</ClientNameLength><ClientName>\\10.10.21.3</ClientName><SPN>session setup failed before the SPN could be queried</SPN><SPNValidationPolicy>0</SPNValidationPolicy></EventData></UserData></Event><Event xmlns='http://schemas.microsoft.com/win/2004/08/events/event'><System><Provider Name='Microsoft-Windows-SMBServer' Guid='{d48ce617-33a2-4bc3-a5c7-11aa4f29619e}'/><EventID>551</EventID><Version>2</Version><Level>2</Level><Task>551</Task><Opcode>0</Opcode><Keywords>0x810000000000008</Keywords><TimeCreated SystemTime='2023-03-11T14:05:32.332504500Z'/><EventRecordID>2858</EventRecordID><Correlation/><Execution ProcessID='4' ThreadID='3056'/><Channel>Microsoft-Windows-SMBServer/Security</Channel><Computer>AttackDefense</Computer><Security UserID='S-1-5-18'/></System><UserData><EventData xmlns='Smb2Namespace'><SessionGUID>{00000000-0000-0000-0000-000000000000}</SessionGUID><ConnectionGUID>{00000000-0000-0000-0000-000000000000}</ConnectionGUID><Status>0xc000006d</Status><TranslatedStatus>0xc000006d</TranslatedStatus><ClientAddressLength>16</ClientAddressLength><ClientAddress>0200A6220A0A15030000000000000000</ClientAddress><SessionId>0x0</SessionId><UserNameLength>13</UserNameLength><UserName>administrator</UserName><ClientNameLength>12</ClientNameLength><ClientName>\\10.10.21.3</ClientName><SPN>session setup failed before the SPN could be queried</SPN><SPNValidationPolicy>0</SPNValidationPolicy></EventData></UserData></Event><Event xmlns='http://schemas.microsoft.com/win/2004/08/events/event'><System><Provider Name='Microsoft-Windows-SMBServer' Guid='{d48ce617-33a2-4bc3-a5c7-11aa4f29619e}'/><EventID>551</EventID><Version>2</Version><Level>2</Level><Task>551</Task><Opcode>0</Opcode><Keywords>0x810000000000008</Keywords><TimeCreated SystemTime='2023-03-11T14:05:32.322039900Z'/><EventRecordID>2857</EventRecordID><Correlation/><Execution ProcessID='4' ThreadID='3056'/><Channel>Microsoft-Windows-SMBServer/Security</Channel><Computer>AttackDefense</Computer><Security UserID='S-1-5-18'/></System><UserData><EventData xmlns='Smb2Namespace'><SessionGUID>{00000000-0000-0000-0000-000000000000}</SessionGUID><ConnectionGUID>{00000000-0000-0000-0000-000000000000}</ConnectionGUID><Status>0xc000006d</Status><TranslatedStatus>0xc000006d</TranslatedStatus><ClientAddressLength>16</ClientAddressLength><ClientAddress>0200A6200A0A15030000000000000000</ClientAddress><SessionId>0x0</SessionId><UserNameLength>13</UserNameLength><UserName>administrator</UserName><ClientNameLength>12</ClientNameLength><ClientName>\\10.10.21.3</ClientName><SPN>session setup failed before the SPN could be queried</SPN><SPNValidationPolicy>0</SPNValidationPolicy></EventData></UserData></Event><Event xmlns='http://schemas.microsoft.com/win/2004/08/events/event'><System><Provider Name='Microsoft-Windows-SMBServer' Guid='{d48ce617-33a2-4bc3-a5c7-11aa4f29619e}'/><EventID>551</EventID><Version>2</Version><Level>2</Level><Task>551</Task><Opcode>0</Opcode><Keywords>0x810000000000008</Keywords><TimeCreated SystemTime='2023-03-11T14:05:32.312156700Z'/><EventRecordID>2856</EventRecordID><Correlation/><Execution ProcessID='4' ThreadID='3056'/><Channel>Microsoft-Windows-SMBServer/Security</Channel><Computer>AttackDefense</Computer><Security UserID='S-1-5-18'/></System><UserData><EventData xmlns='Smb2Namespace'><SessionGUID>{00000000-0000-0000-0000-000000000000}</SessionGUID><ConnectionGUID>{00000000-0000-0000-0000-000000000000}</ConnectionGUID><Status>0xc000006d</Status><TranslatedStatus>0xc000006d</TranslatedStatus><ClientAddressLength>16</ClientAddressLength><ClientAddress>0200A61E0A0A15030000000000000000</ClientAddress><SessionId>0x0</SessionId><UserNameLength>13</UserNameLength><UserName>administrator</UserName><ClientNameLength>12</ClientNameLength><ClientName>\\10.10.21.3</ClientName><SPN>session setup failed before the SPN could be queried</SPN><SPNValidationPolicy>0</SPNValidationPolicy></EventData></UserData></Event><Event xmlns='http://schemas.microsoft.com/win/2004/08/events/event'><System><Provider Name='Microsoft-Windows-SMBServer' Guid='{d48ce617-33a2-4bc3-a5c7-11aa4f29619e}'/><EventID>551</EventID><Version>2</Version><Level>2</Level><Task>551</Task><Opcode>0</Opcode><Keywords>0x810000000000008</Keywords><TimeCreated SystemTime='2023-03-11T14:05:32.301479100Z'/><EventRecordID>2855</EventRecordID><Correlation/><Execution ProcessID='4' ThreadID='3056'/><Channel>Microsoft-Windows-SMBServer/Security</Channel><Computer>AttackDefense</Computer><Security UserID='S-1-5-18'/></System><UserData><EventData xmlns='Smb2Namespace'><SessionGUID>{00000000-0000-0000-0000-000000000000}</SessionGUID><ConnectionGUID>{00000000-0000-0000-0000-000000000000}</ConnectionGUID><Status>0xc000006d</Status><TranslatedStatus>0xc000006d</TranslatedStatus><ClientAddressLength>16</ClientAddressLength><ClientAddress>0200A61C0A0A15030000000000000000</ClientAddress><SessionId>0x0</SessionId><UserNameLength>13</UserNameLength><UserName>administrator</UserName><ClientNameLength>12</ClientNameLength><ClientName>\\10.10.21.3</ClientName><SPN>session setup failed before the SPN could be queried</SPN><SPNValidationPolicy>0</SPNValidationPolicy></EventData></UserData></Event><Event xmlns='http://schemas.microsoft.com/win/2004/08/events/event'><System><Provider Name='Microsoft-Windows-SMBServer' Guid='{d48ce617-33a2-4bc3-a5c7-11aa4f29619e}'/><EventID>551</EventID><Version>2</Version><Level>2</Level><Task>551</Task><Opcode>0</Opcode><Keywords>0x810000000000008</Keywords><TimeCreated SystemTime='2023-03-11T14:05:32.291943300Z'/><EventRecordID>2854</EventRecordID><Correlation/><Execution ProcessID='4' ThreadID='3056'/><Channel>Microsoft-Windows-SMBServer/Security</Channel><Computer>AttackDefense</Computer><Security UserID='S-1-5-18'/></System><UserData><EventData xmlns='Smb2Namespace'><SessionGUID>{00000000-0000-0000-0000-000000000000}</SessionGUID><ConnectionGUID>{00000000-0000-0000-0000-000000000000}</ConnectionGUID><Status>0xc000006d</Status><TranslatedStatus>0xc000006d</TranslatedStatus><ClientAddressLength>16</ClientAddressLength><ClientAddress>0200A61A0A0A15030000000000000000</ClientAddress><SessionId>0x0</SessionId><UserNameLength>13</UserNameLength><UserName>administrator</UserName><ClientNameLength>12</ClientNameLength><ClientName>\\10.10.21.3</ClientName><SPN>session setup failed before the SPN could be queried</SPN><SPNValidationPolicy>0</SPNValidationPolicy></EventData></UserData></Event><Event xmlns='http://schemas.microsoft.com/win/2004/08/events/event'><System><Provider Name='Microsoft-Windows-SMBServer' Guid='{d48ce617-33a2-4bc3-a5c7-11aa4f29619e}'/><EventID>551</EventID><Version>2</Version><Level>2</Level><Task>551</Task><Opcode>0</Opcode><Keywords>0x810000000000008</Keywords><TimeCreated SystemTime='2023-03-11T14:05:32.281719100Z'/><EventRecordID>2853</EventRecordID><Correlation/><Execution ProcessID='4' ThreadID='3056'/><Channel>Microsoft-Windows-SMBServer/Security</Channel><Computer>AttackDefense</Computer><Security UserID='S-1-5-18'/></System><UserData><EventData xmlns='Smb2Namespace'><SessionGUID>{00000000-0000-0000-0000-000000000000}</SessionGUID><ConnectionGUID>{00000000-0000-0000-0000-000000000000}</ConnectionGUID><Status>0xc000006d</Status><TranslatedStatus>0xc000006d</TranslatedStatus><ClientAddressLength>16</ClientAddressLength><ClientAddress>0200A6180A0A15030000000000000000</ClientAddress><SessionId>0x0</SessionId><UserNameLength>13</UserNameLength><UserName>administrator</UserName><ClientNameLength>12</ClientNameLength><ClientName>\\10.10.21.3</ClientName><SPN>session setup failed before the SPN could be queried</SPN><SPNValidationPolicy>0</SPNValidationPolicy></EventData></UserData></Event><Event xmlns='http://schemas.microsoft.com/win/2004/08/events/event'><System><Provider Name='Microsoft-Windows-SMBServer' Guid='{d48ce617-33a2-4bc3-a5c7-11aa4f29619e}'/><EventID>551</EventID><Version>2</Version><Level>2</Level><Task>551</Task><Opcode>0</Opcode><Keywords>0x810000000000008</Keywords><TimeCreated SystemTime='2023-03-11T14:05:32.271530800Z'/><EventRecordID>2852</EventRecordID><Correlation/><Execution ProcessID='4' ThreadID='3056'/><Channel>Microsoft-Windows-SMBServer/Security</Channel><Computer>AttackDefense</Computer><Security UserID='S-1-5-18'/></System><UserData><EventData xmlns='Smb2Namespace'><SessionGUID>{00000000-0000-0000-0000-000000000000}</SessionGUID><ConnectionGUID>{00000000-0000-0000-0000-000000000000}</ConnectionGUID><Status>0xc000006d</Status><TranslatedStatus>0xc000006d</TranslatedStatus><ClientAddressLength>16</ClientAddressLength><ClientAddress>0200A6160A0A15030000000000000000</ClientAddress><SessionId>0x0</SessionId><UserNameLength>13</UserNameLength><UserName>administrator</UserName><ClientNameLength>12</ClientNameLength><ClientName>\\10.10.21.3</ClientName><SPN>session setup failed before the SPN could be queried</SPN><SPNValidationPolicy>0</SPNValidationPolicy></EventData></UserData></Event><Event xmlns='http://schemas.microsoft.com/win/2004/08/events/event'><System><Provider Name='Microsoft-Windows-SMBServer' Guid='{d48ce617-33a2-4bc3-a5c7-11aa4f29619e}'/><EventID>551</EventID><Version>2</Version><Level>2</Level><Task>551</Task><Opcode>0</Opcode><Keywords>0x810000000000008</Keywords><TimeCreated SystemTime='2023-03-11T14:05:32.261366100Z'/><EventRecordID>2851</EventRecordID><Correlation/><Execution ProcessID='4' ThreadID='3056'/><Channel>Microsoft-Windows-SMBServer/Security</Channel><Computer>AttackDefense</Computer><Security UserID='S-1-5-18'/></System><UserData><EventData xmlns='Smb2Namespace'><SessionGUID>{00000000-0000-0000-0000-000000000000}</SessionGUID><ConnectionGUID>{00000000-0000-0000-0000-000000000000}</ConnectionGUID><Status>0xc000006d</Status><TranslatedStatus>0xc000006d</TranslatedStatus><ClientAddressLength>16</ClientAddressLength><ClientAddress>0200A6140A0A15030000000000000000</ClientAddress><SessionId>0x0</SessionId><UserNameLength>13</UserNameLength><UserName>administrator</UserName><ClientNameLength>12</ClientNameLength><ClientName>\\10.10.21.3</ClientName><SPN>session setup failed before the SPN could be queried</SPN><SPNValidationPolicy>0</SPNValidationPolicy></EventData></UserData></Event><Event xmlns='http://schemas.microsoft.com/win/2004/08/events/event'><System><Provider Name='Microsoft-Windows-SMBServer' Guid='{d48ce617-33a2-4bc3-a5c7-11aa4f29619e}'/><EventID>551</EventID><Version>2</Version><Level>2</Level><Task>551</Task><Opcode>0</Opcode><Keywords>0x810000000000008</Keywords><TimeCreated SystemTime='2023-03-11T14:05:32.251793500Z'/><EventRecordID>2850</EventRecordID><Correlation/><Execution ProcessID='4' ThreadID='3056'/><Channel>Microsoft-Windows-SMBServer/Security</Channel><Computer>AttackDefense</Computer><Security UserID='S-1-5-18'/></System><UserData><EventData xmlns='Smb2Namespace'><SessionGUID>{00000000-0000-0000-0000-000000000000}</SessionGUID><ConnectionGUID>{00000000-0000-0000-0000-000000000000}</ConnectionGUID><Status>0xc000006d</Status><TranslatedStatus>0xc000006d</TranslatedStatus><ClientAddressLength>16</ClientAddressLength><ClientAddress>0200A6120A0A15030000000000000000</ClientAddress><SessionId>0x0</SessionId><UserNameLength>13</UserNameLength><UserName>administrator</UserName><ClientNameLength>12</ClientNameLength><ClientName>\\10.10.21.3</ClientName><SPN>session setup failed before the SPN could be queried</SPN><SPNValidationPolicy>0</SPNValidationPolicy></EventData></UserData></Event><Event xmlns='http://schemas.microsoft.com/win/2004/08/events/event'><System><Provider Name='Microsoft-Windows-SMBServer' Guid='{d48ce617-33a2-4bc3-a5c7-11aa4f29619e}'/><EventID>551</EventID><Version>2</Version><Level>2</Level><Task>551</Task><Opcode>0</Opcode><Keywords>0x810000000000008</Keywords><TimeCreated SystemTime='2023-03-11T14:05:32.241853200Z'/><EventRecordID>2849</EventRecordID><Correlation/><Execution ProcessID='4' ThreadID='3056'/><Channel>Microsoft-Windows-SMBServer/Security</Channel><Computer>AttackDefense</Computer><Security UserID='S-1-5-18'/></System><UserData><EventData xmlns='Smb2Namespace'><SessionGUID>{00000000-0000-0000-0000-000000000000}</SessionGUID><ConnectionGUID>{00000000-0000-0000-0000-000000000000}</ConnectionGUID><Status>0xc000006d</Status><TranslatedStatus>0xc000006d</TranslatedStatus><ClientAddressLength>16</ClientAddressLength><ClientAddress>0200A6100A0A15030000000000000000</ClientAddress><SessionId>0x0</SessionId><UserNameLength>13</UserNameLength><UserName>administrator</UserName><ClientNameLength>12</ClientNameLength><ClientName>\\10.10.21.3</ClientName><SPN>session setup failed before the SPN could be queried</SPN><SPNValidationPolicy>0</SPNValidationPolicy></EventData></UserData></Event><Event xmlns='http://schemas.microsoft.com/win/2004/08/events/event'><System><Provider Name='Microsoft-Windows-SMBServer' Guid='{d48ce617-33a2-4bc3-a5c7-11aa4f29619e}'/><EventID>551</EventID><Version>2</Version><Level>2</Level><Task>551</Task><Opcode>0</Opcode><Keywords>0x810000000000008</Keywords><TimeCreated SystemTime='2023-03-11T14:05:32.231762000Z'/><EventRecordID>2848</EventRecordID><Correlation/><Execution ProcessID='4' ThreadID='3056'/><Channel>Microsoft-Windows-SMBServer/Security</Channel><Computer>AttackDefense</Computer><Security UserID='S-1-5-18'/></System><UserData><EventData xmlns='Smb2Namespace'><SessionGUID>{00000000-0000-0000-0000-000000000000}</SessionGUID><ConnectionGUID>{00000000-0000-0000-0000-000000000000}</ConnectionGUID><Status>0xc000006d</Status><TranslatedStatus>0xc000006d</TranslatedStatus><ClientAddressLength>16</ClientAddressLength><ClientAddress>0200A60E0A0A15030000000000000000</ClientAddress><SessionId>0x0</SessionId><UserNameLength>13</UserNameLength><UserName>administrator</UserName><ClientNameLength>12</ClientNameLength><ClientName>\\10.10.21.3</ClientName><SPN>session setup failed before the SPN could be queried</SPN><SPNValidationPolicy>0</SPNValidationPolicy></EventData></UserData></Event><Event xmlns='http://schemas.microsoft.com/win/2004/08/events/event'><System><Provider Name='Microsoft-Windows-SMBServer' Guid='{d48ce617-33a2-4bc3-a5c7-11aa4f29619e}'/><EventID>551</EventID><Version>2</Version><Level>2</Level><Task>551</Task><Opcode>0</Opcode><Keywords>0x810000000000008</Keywords><TimeCreated SystemTime='2023-03-11T14:05:32.221637400Z'/><EventRecordID>2847</EventRecordID><Correlation/><Execution ProcessID='4' ThreadID='3056'/><Channel>Microsoft-Windows-SMBServer/Security</Channel><Computer>AttackDefense</Computer><Security UserID='S-1-5-18'/></System><UserData><EventData xmlns='Smb2Namespace'><SessionGUID>{00000000-0000-0000-0000-000000000000}</SessionGUID><ConnectionGUID>{00000000-0000-0000-0000-000000000000}</ConnectionGUID><Status>0xc000006d</Status><TranslatedStatus>0xc000006d</TranslatedStatus><ClientAddressLength>16</ClientAddressLength><ClientAddress>0200A60C0A0A15030000000000000000</ClientAddress><SessionId>0x0</SessionId><UserNameLength>13</UserNameLength><UserName>administrator</UserName><ClientNameLength>12</ClientNameLength><ClientName>\\10.10.21.3</ClientName><SPN>session setup failed before the SPN could be queried</SPN><SPNValidationPolicy>0</SPNValidationPolicy></EventData></UserData></Event><Event xmlns='http://schemas.microsoft.com/win/2004/08/events/event'><System><Provider Name='Microsoft-Windows-SMBServer' Guid='{d48ce617-33a2-4bc3-a5c7-11aa4f29619e}'/><EventID>551</EventID><Version>2</Version><Level>2</Level><Task>551</Task><Opcode>0</Opcode><Keywords>0x810000000000008</Keywords><TimeCreated SystemTime='2023-03-11T14:05:32.211602000Z'/><EventRecordID>2846</EventRecordID><Correlation/><Execution ProcessID='4' ThreadID='3056'/><Channel>Microsoft-Windows-SMBServer/Security</Channel><Computer>AttackDefense</Computer><Security UserID='S-1-5-18'/></System><UserData><EventData xmlns='Smb2Namespace'><SessionGUID>{00000000-0000-0000-0000-000000000000}</SessionGUID><ConnectionGUID>{00000000-0000-0000-0000-000000000000}</ConnectionGUID><Status>0xc000006d</Status><TranslatedStatus>0xc000006d</TranslatedStatus><ClientAddressLength>16</ClientAddressLength><ClientAddress>0200A60A0A0A15030000000000000000</ClientAddress><SessionId>0x0</SessionId><UserNameLength>13</UserNameLength><UserName>administrator</UserName><ClientNameLength>12</ClientNameLength><ClientName>\\10.10.21.3</ClientName><SPN>session setup failed before the SPN could be queried</SPN><SPNValidationPolicy>0</SPNValidationPolicy></EventData></UserData></Event><Event xmlns='http://schemas.microsoft.com/win/2004/08/events/event'><System><Provider Name='Microsoft-Windows-SMBServer' Guid='{d48ce617-33a2-4bc3-a5c7-11aa4f29619e}'/><EventID>551</EventID><Version>2</Version><Level>2</Level><Task>551</Task><Opcode>0</Opcode><Keywords>0x810000000000008</Keywords><TimeCreated SystemTime='2023-03-11T14:05:32.201311700Z'/><EventRecordID>2845</EventRecordID><Correlation/><Execution ProcessID='4' ThreadID='3056'/><Channel>Microsoft-Windows-SMBServer/Security</Channel><Computer>AttackDefense</Computer><Security UserID='S-1-5-18'/></System><UserData><EventData xmlns='Smb2Namespace'><SessionGUID>{00000000-0000-0000-0000-000000000000}</SessionGUID><ConnectionGUID>{00000000-0000-0000-0000-000000000000}</ConnectionGUID><Status>0xc000006d</Status><TranslatedStatus>0xc000006d</TranslatedStatus><ClientAddressLength>16</ClientAddressLength><ClientAddress>0200A6080A0A15030000000000000000</ClientAddress><SessionId>0x0</SessionId><UserNameLength>13</UserNameLength><UserName>administrator</UserName><ClientNameLength>12</ClientNameLength><ClientName>\\10.10.21.3</ClientName><SPN>session setup failed before the SPN could be queried</SPN><SPNValidationPolicy>0</SPNValidationPolicy></EventData></UserData></Event><Event xmlns='http://schemas.microsoft.com/win/2004/08/events/event'><System><Provider Name='Microsoft-Windows-SMBServer' Guid='{d48ce617-33a2-4bc3-a5c7-11aa4f29619e}'/><EventID>551</EventID><Version>2</Version><Level>2</Level><Task>551</Task><Opcode>0</Opcode><Keywords>0x810000000000008</Keywords><TimeCreated SystemTime='2023-03-11T14:05:32.192019600Z'/><EventRecordID>2844</EventRecordID><Correlation/><Execution ProcessID='4' ThreadID='3056'/><Channel>Microsoft-Windows-SMBServer/Security</Channel><Computer>AttackDefense</Computer><Security UserID='S-1-5-18'/></System><UserData><EventData xmlns='Smb2Namespace'><SessionGUID>{00000000-0000-0000-0000-000000000000}</SessionGUID><ConnectionGUID>{00000000-0000-0000-0000-000000000000}</ConnectionGUID><Status>0xc000006d</Status><TranslatedStatus>0xc000006d</TranslatedStatus><ClientAddressLength>16</ClientAddressLength><ClientAddress>0200A6060A0A15030000000000000000</ClientAddress><SessionId>0x0</SessionId><UserNameLength>13</UserNameLength><UserName>administrator</UserName><ClientNameLength>12</ClientNameLength><ClientName>\\10.10.21.3</ClientName><SPN>session setup failed before the SPN could be queried</SPN><SPNValidationPolicy>0</SPNValidationPolicy></EventData></UserData></Event><Event xmlns='http://schemas.microsoft.com/win/2004/08/events/event'><System><Provider Name='Microsoft-Windows-SMBServer' Guid='{d48ce617-33a2-4bc3-a5c7-11aa4f29619e}'/><EventID>551</EventID><Version>2</Version><Level>2</Level><Task>551</Task><Opcode>0</Opcode><Keywords>0x810000000000008</Keywords><TimeCreated SystemTime='2023-03-11T14:05:32.181047000Z'/><EventRecordID>2843</EventRecordID><Correlation/><Execution ProcessID='4' ThreadID='3056'/><Channel>Microsoft-Windows-SMBServer/Security</Channel><Computer>AttackDefense</Computer><Security UserID='S-1-5-18'/></System><UserData><EventData xmlns='Smb2Namespace'><SessionGUID>{00000000-0000-0000-0000-000000000000}</SessionGUID><ConnectionGUID>{00000000-0000-0000-0000-000000000000}</ConnectionGUID><Status>0xc000006d</Status><TranslatedStatus>0xc000006d</TranslatedStatus><ClientAddressLength>16</ClientAddressLength><ClientAddress>0200A6040A0A15030000000000000000</ClientAddress><SessionId>0x0</SessionId><UserNameLength>13</UserNameLength><UserName>administrator</UserName><ClientNameLength>12</ClientNameLength><ClientName>\\10.10.21.3</ClientName><SPN>session setup failed before the SPN could be queried</SPN><SPNValidationPolicy>0</SPNValidationPolicy></EventData></UserData></Event><Event xmlns='http://schemas.microsoft.com/win/2004/08/events/event'><System><Provider Name='Microsoft-Windows-SMBServer' Guid='{d48ce617-33a2-4bc3-a5c7-11aa4f29619e}'/><EventID>551</EventID><Version>2</Version><Level>2</Level><Task>551</Task><Opcode>0</Opcode><Keywords>0x810000000000008</Keywords><TimeCreated SystemTime='2023-03-11T14:05:32.171876700Z'/><EventRecordID>2842</EventRecordID><Correlation/><Execution ProcessID='4' ThreadID='3056'/><Channel>Microsoft-Windows-SMBServer/Security</Channel><Computer>AttackDefense</Computer><Security UserID='S-1-5-18'/></System><UserData><EventData xmlns='Smb2Namespace'><SessionGUID>{00000000-0000-0000-0000-000000000000}</SessionGUID><ConnectionGUID>{00000000-0000-0000-0000-000000000000}</ConnectionGUID><Status>0xc000006d</Status><TranslatedStatus>0xc000006d</TranslatedStatus><ClientAddressLength>16</ClientAddressLength><ClientAddress>0200A6020A0A15030000000000000000</ClientAddress><SessionId>0x0</SessionId><UserNameLength>13</UserNameLength><UserName>administrator</UserName><ClientNameLength>12</ClientNameLength><ClientName>\\10.10.21.3</ClientName><SPN>session setup failed before the SPN could be queried</SPN><SPNValidationPolicy>0</SPNValidationPolicy></EventData></UserData></Event><Event xmlns='http://schemas.microsoft.com/win/2004/08/events/event'><System><Provider Name='Microsoft-Windows-SMBServer' Guid='{d48ce617-33a2-4bc3-a5c7-11aa4f29619e}'/><EventID>551</EventID><Version>2</Version><Level>2</Level><Task>551</Task><Opcode>0</Opcode><Keywords>0x810000000000008</Keywords><TimeCreated SystemTime='2023-03-11T14:05:32.161678000Z'/><EventRecordID>2841</EventRecordID><Correlation/><Execution ProcessID='4' ThreadID='3056'/><Channel>Microsoft-Windows-SMBServer/Security</Channel><Computer>AttackDefense</Computer><Security UserID='S-1-5-18'/></System><UserData><EventData xmlns='Smb2Namespace'><SessionGUID>{00000000-0000-0000-0000-000000000000}</SessionGUID><ConnectionGUID>{00000000-0000-0000-0000-000000000000}</ConnectionGUID><Status>0xc000006d</Status><TranslatedStatus>0xc000006d</TranslatedStatus><ClientAddressLength>16</ClientAddressLength><ClientAddress>0200A6000A0A15030000000000000000</ClientAddress><SessionId>0x0</SessionId><UserNameLength>13</UserNameLength><UserName>administrator</UserName><ClientNameLength>12</ClientNameLength><ClientName>\\10.10.21.3</ClientName><SPN>session setup failed before the SPN could be queried</SPN><SPNValidationPolicy>0</SPNValidationPolicy></EventData></UserData></Event></Events>