﻿<?xml version="1.0" encoding="utf-8" standalone="yes"?>
<Events><Event xmlns='http://schemas.microsoft.com/win/2004/08/events/event'><System><Provider Name='Microsoft-Windows-Sysmon' Guid='{5770385f-c22a-43e0-bf4c-06f5698ffbd9}'/><EventID>1</EventID><Version>5</Version><Level>4</Level><Task>1</Task><Opcode>0</Opcode><Keywords>0x8000000000000000</Keywords><TimeCreated SystemTime='2023-03-11T14:07:42.965972600Z'/><EventRecordID>3868</EventRecordID><Correlation/><Execution ProcessID='2204' ThreadID='668'/><Channel>Microsoft-Windows-Sysmon/Operational</Channel><Computer>AttackDefense</Computer><Security UserID='S-1-5-18'/></System><EventData><Data Name='RuleName'>-</Data><Data Name='UtcTime'>2023-03-11 14:07:42.964</Data><Data Name='ProcessGuid'>{221ce7aa-8b2e-640c-ad01-00000000df00}</Data><Data Name='ProcessId'>5668</Data><Data Name='Image'>C:\Windows\System32\wbem\WMIC.exe</Data><Data Name='FileVersion'>10.0.17763.1 (WinBuild.160101.0800)</Data><Data Name='Description'>WMI Commandline Utility</Data><Data Name='Product'>Microsoft® Windows® Operating System</Data><Data Name='Company'>Microsoft Corporation</Data><Data Name='OriginalFileName'>wmic.exe</Data><Data Name='CommandLine'>wmic OS get Version /format:list</Data><Data Name='CurrentDirectory'>C:\Windows\system32\</Data><Data Name='User'>NT AUTHORITY\SYSTEM</Data><Data Name='LogonGuid'>{221ce7aa-7b0a-640c-e703-000000000000}</Data><Data Name='LogonId'>0x3e7</Data><Data Name='TerminalSessionId'>0</Data><Data Name='IntegrityLevel'>System</Data><Data Name='Hashes'>MD5=390B2038C9ED2C94AB505921BC827FC7,SHA256=34C4ED50A3441BD7CB6411749771C637A8C18C791525D8FCB5AE71B0B1969BA6,IMPHASH=AF8CD6625FCE3244397EE550EFF4091E</Data><Data Name='ParentProcessGuid'>{221ce7aa-7b10-640c-3b00-00000000df00}</Data><Data Name='ParentProcessId'>2524</Data><Data Name='ParentImage'>C:\Program Files\Amazon\SSM\amazon-ssm-agent.exe</Data><Data Name='ParentCommandLine'>"C:\Program Files\Amazon\SSM\amazon-ssm-agent.exe"</Data><Data Name='ParentUser'>NT AUTHORITY\SYSTEM</Data></EventData></Event><Event xmlns='http://schemas.microsoft.com/win/2004/08/events/event'><System><Provider Name='Microsoft-Windows-Sysmon' Guid='{5770385f-c22a-43e0-bf4c-06f5698ffbd9}'/><EventID>1</EventID><Version>5</Version><Level>4</Level><Task>1</Task><Opcode>0</Opcode><Keywords>0x8000000000000000</Keywords><TimeCreated SystemTime='2023-03-11T14:07:42.877857100Z'/><EventRecordID>3867</EventRecordID><Correlation/><Execution ProcessID='2204' ThreadID='668'/><Channel>Microsoft-Windows-Sysmon/Operational</Channel><Computer>AttackDefense</Computer><Security UserID='S-1-5-18'/></System><EventData><Data Name='RuleName'>-</Data><Data Name='UtcTime'>2023-03-11 14:07:42.876</Data><Data Name='ProcessGuid'>{221ce7aa-8b2e-640c-ab01-00000000df00}</Data><Data Name='ProcessId'>712</Data><Data Name='Image'>C:\Windows\System32\wbem\WMIC.exe</Data><Data Name='FileVersion'>10.0.17763.1 (WinBuild.160101.0800)</Data><Data Name='Description'>WMI Commandline Utility</Data><Data Name='Product'>Microsoft® Windows® Operating System</Data><Data Name='Company'>Microsoft Corporation</Data><Data Name='OriginalFileName'>wmic.exe</Data><Data Name='CommandLine'>wmic OS get Caption /format:list</Data><Data Name='CurrentDirectory'>C:\Windows\system32\</Data><Data Name='User'>NT AUTHORITY\SYSTEM</Data><Data Name='LogonGuid'>{221ce7aa-7b0a-640c-e703-000000000000}</Data><Data Name='LogonId'>0x3e7</Data><Data Name='TerminalSessionId'>0</Data><Data Name='IntegrityLevel'>System</Data><Data Name='Hashes'>MD5=390B2038C9ED2C94AB505921BC827FC7,SHA256=34C4ED50A3441BD7CB6411749771C637A8C18C791525D8FCB5AE71B0B1969BA6,IMPHASH=AF8CD6625FCE3244397EE550EFF4091E</Data><Data Name='ParentProcessGuid'>{221ce7aa-7b10-640c-3b00-00000000df00}</Data><Data Name='ParentProcessId'>2524</Data><Data Name='ParentImage'>C:\Program Files\Amazon\SSM\amazon-ssm-agent.exe</Data><Data Name='ParentCommandLine'>"C:\Program Files\Amazon\SSM\amazon-ssm-agent.exe"</Data><Data Name='ParentUser'>NT AUTHORITY\SYSTEM</Data></EventData></Event><Event xmlns='http://schemas.microsoft.com/win/2004/08/events/event'><System><Provider Name='Microsoft-Windows-Sysmon' Guid='{5770385f-c22a-43e0-bf4c-06f5698ffbd9}'/><EventID>1</EventID><Version>5</Version><Level>4</Level><Task>1</Task><Opcode>0</Opcode><Keywords>0x8000000000000000</Keywords><TimeCreated SystemTime='2023-03-11T14:07:42.799577200Z'/><EventRecordID>3866</EventRecordID><Correlation/><Execution ProcessID='2204' ThreadID='668'/><Channel>Microsoft-Windows-Sysmon/Operational</Channel><Computer>AttackDefense</Computer><Security UserID='S-1-5-18'/></System><EventData><Data Name='RuleName'>-</Data><Data Name='UtcTime'>2023-03-11 14:07:42.798</Data><Data Name='ProcessGuid'>{221ce7aa-8b2e-640c-a901-00000000df00}</Data><Data Name='ProcessId'>4208</Data><Data Name='Image'>C:\Windows\System32\wbem\WMIC.exe</Data><Data Name='FileVersion'>10.0.17763.1 (WinBuild.160101.0800)</Data><Data Name='Description'>WMI Commandline Utility</Data><Data Name='Product'>Microsoft® Windows® Operating System</Data><Data Name='Company'>Microsoft Corporation</Data><Data Name='OriginalFileName'>wmic.exe</Data><Data Name='CommandLine'>C:\Windows\System32\wbem\wmic.exe computersystem get Domain /value</Data><Data Name='CurrentDirectory'>C:\Windows\system32\</Data><Data Name='User'>NT AUTHORITY\SYSTEM</Data><Data Name='LogonGuid'>{221ce7aa-7b0a-640c-e703-000000000000}</Data><Data Name='LogonId'>0x3e7</Data><Data Name='TerminalSessionId'>0</Data><Data Name='IntegrityLevel'>System</Data><Data Name='Hashes'>MD5=390B2038C9ED2C94AB505921BC827FC7,SHA256=34C4ED50A3441BD7CB6411749771C637A8C18C791525D8FCB5AE71B0B1969BA6,IMPHASH=AF8CD6625FCE3244397EE550EFF4091E</Data><Data Name='ParentProcessGuid'>{221ce7aa-7b10-640c-3b00-00000000df00}</Data><Data Name='ParentProcessId'>2524</Data><Data Name='ParentImage'>C:\Program Files\Amazon\SSM\amazon-ssm-agent.exe</Data><Data Name='ParentCommandLine'>"C:\Program Files\Amazon\SSM\amazon-ssm-agent.exe"</Data><Data Name='ParentUser'>NT AUTHORITY\SYSTEM</Data></EventData></Event><Event xmlns='http://schemas.microsoft.com/win/2004/08/events/event'><System><Provider Name='Microsoft-Windows-Sysmon' Guid='{5770385f-c22a-43e0-bf4c-06f5698ffbd9}'/><EventID>1</EventID><Version>5</Version><Level>4</Level><Task>1</Task><Opcode>0</Opcode><Keywords>0x8000000000000000</Keywords><TimeCreated SystemTime='2023-03-11T14:07:42.674117100Z'/><EventRecordID>3865</EventRecordID><Correlation/><Execution ProcessID='2204' ThreadID='668'/><Channel>Microsoft-Windows-Sysmon/Operational</Channel><Computer>AttackDefense</Computer><Security UserID='S-1-5-18'/></System><EventData><Data Name='RuleName'>-</Data><Data Name='UtcTime'>2023-03-11 14:07:42.669</Data><Data Name='ProcessGuid'>{221ce7aa-8b2e-640c-a601-00000000df00}</Data><Data Name='ProcessId'>6044</Data><Data Name='Image'>C:\Windows\System32\wbem\WMIC.exe</Data><Data Name='FileVersion'>10.0.17763.1 (WinBuild.160101.0800)</Data><Data Name='Description'>WMI Commandline Utility</Data><Data Name='Product'>Microsoft® Windows® Operating System</Data><Data Name='Company'>Microsoft Corporation</Data><Data Name='OriginalFileName'>wmic.exe</Data><Data Name='CommandLine'>C:\Windows\System32\wbem\wmic.exe computersystem get DNSHostName /value</Data><Data Name='CurrentDirectory'>C:\Windows\system32\</Data><Data Name='User'>NT AUTHORITY\SYSTEM</Data><Data Name='LogonGuid'>{221ce7aa-7b0a-640c-e703-000000000000}</Data><Data Name='LogonId'>0x3e7</Data><Data Name='TerminalSessionId'>0</Data><Data Name='IntegrityLevel'>System</Data><Data Name='Hashes'>MD5=390B2038C9ED2C94AB505921BC827FC7,SHA256=34C4ED50A3441BD7CB6411749771C637A8C18C791525D8FCB5AE71B0B1969BA6,IMPHASH=AF8CD6625FCE3244397EE550EFF4091E</Data><Data Name='ParentProcessGuid'>{221ce7aa-7b10-640c-3b00-00000000df00}</Data><Data Name='ParentProcessId'>2524</Data><Data Name='ParentImage'>C:\Program Files\Amazon\SSM\amazon-ssm-agent.exe</Data><Data Name='ParentCommandLine'>"C:\Program Files\Amazon\SSM\amazon-ssm-agent.exe"</Data><Data Name='ParentUser'>NT AUTHORITY\SYSTEM</Data></EventData></Event><Event xmlns='http://schemas.microsoft.com/win/2004/08/events/event'><System><Provider Name='Microsoft-Windows-Sysmon' Guid='{5770385f-c22a-43e0-bf4c-06f5698ffbd9}'/><EventID>3</EventID><Version>5</Version><Level>4</Level><Task>3</Task><Opcode>0</Opcode><Keywords>0x8000000000000000</Keywords><TimeCreated SystemTime='2023-03-11T14:05:34.275904000Z'/><EventRecordID>3864</EventRecordID><Correlation/><Execution ProcessID='2204' ThreadID='540'/><Channel>Microsoft-Windows-Sysmon/Operational</Channel><Computer>AttackDefense</Computer><Security UserID='S-1-5-18'/></System><EventData><Data Name='RuleName'>SMB</Data><Data Name='UtcTime'>2023-03-11 14:05:32.684</Data><Data Name='ProcessGuid'>{221ce7aa-7afe-640c-eb03-000000000000}</Data><Data Name='ProcessId'>4</Data><Data Name='Image'>System</Data><Data Name='User'>NT AUTHORITY\SYSTEM</Data><Data Name='Protocol'>tcp</Data><Data Name='Initiated'>false</Data><Data Name='SourceIsIpv6'>false</Data><Data Name='SourceIp'>10.10.21.3</Data><Data Name='SourceHostname'>ip-10-10-21-3.ap-southeast-1.compute.internal</Data><Data Name='SourcePort'>42604</Data><Data Name='SourcePortName'>-</Data><Data Name='DestinationIsIpv6'>false</Data><Data Name='DestinationIp'>10.0.28.224</Data><Data Name='DestinationHostname'>AttackDefense.ap-southeast-1.compute.internal</Data><Data Name='DestinationPort'>445</Data><Data Name='DestinationPortName'>microsoft-ds</Data></EventData></Event><Event xmlns='http://schemas.microsoft.com/win/2004/08/events/event'><System><Provider Name='Microsoft-Windows-Sysmon' Guid='{5770385f-c22a-43e0-bf4c-06f5698ffbd9}'/><EventID>3</EventID><Version>5</Version><Level>4</Level><Task>3</Task><Opcode>0</Opcode><Keywords>0x8000000000000000</Keywords><TimeCreated SystemTime='2023-03-11T14:05:34.275895200Z'/><EventRecordID>3863</EventRecordID><Correlation/><Execution ProcessID='2204' ThreadID='540'/><Channel>Microsoft-Windows-Sysmon/Operational</Channel><Computer>AttackDefense</Computer><Security UserID='S-1-5-18'/></System><EventData><Data Name='RuleName'>SMB</Data><Data Name='UtcTime'>2023-03-11 14:05:32.674</Data><Data Name='ProcessGuid'>{221ce7aa-7afe-640c-eb03-000000000000}</Data><Data Name='ProcessId'>4</Data><Data Name='Image'>System</Data><Data Name='User'>NT AUTHORITY\SYSTEM</Data><Data Name='Protocol'>tcp</Data><Data Name='Initiated'>false</Data><Data Name='SourceIsIpv6'>false</Data><Data Name='SourceIp'>10.10.21.3</Data><Data Name='SourceHostname'>ip-10-10-21-3.ap-southeast-1.compute.internal</Data><Data Name='SourcePort'>42602</Data><Data Name='SourcePortName'>-</Data><Data Name='DestinationIsIpv6'>false</Data><Data Name='DestinationIp'>10.0.28.224</Data><Data Name='DestinationHostname'>AttackDefense.ap-southeast-1.compute.internal</Data><Data Name='DestinationPort'>445</Data><Data Name='DestinationPortName'>microsoft-ds</Data></EventData></Event><Event xmlns='http://schemas.microsoft.com/win/2004/08/events/event'><System><Provider Name='Microsoft-Windows-Sysmon' Guid='{5770385f-c22a-43e0-bf4c-06f5698ffbd9}'/><EventID>3</EventID><Version>5</Version><Level>4</Level><Task>3</Task><Opcode>0</Opcode><Keywords>0x8000000000000000</Keywords><TimeCreated SystemTime='2023-03-11T14:05:34.275886600Z'/><EventRecordID>3862</EventRecordID><Correlation/><Execution ProcessID='2204' ThreadID='540'/><Channel>Microsoft-Windows-Sysmon/Operational</Channel><Computer>AttackDefense</Computer><Security UserID='S-1-5-18'/></System><EventData><Data Name='RuleName'>SMB</Data><Data Name='UtcTime'>2023-03-11 14:05:32.665</Data><Data Name='ProcessGuid'>{221ce7aa-7afe-640c-eb03-000000000000}</Data><Data Name='ProcessId'>4</Data><Data Name='Image'>System</Data><Data Name='User'>NT AUTHORITY\SYSTEM</Data><Data Name='Protocol'>tcp</Data><Data Name='Initiated'>false</Data><Data Name='SourceIsIpv6'>false</Data><Data Name='SourceIp'>10.10.21.3</Data><Data Name='SourceHostname'>ip-10-10-21-3.ap-southeast-1.compute.internal</Data><Data Name='SourcePort'>42600</Data><Data Name='SourcePortName'>-</Data><Data Name='DestinationIsIpv6'>false</Data><Data Name='DestinationIp'>10.0.28.224</Data><Data Name='DestinationHostname'>AttackDefense.ap-southeast-1.compute.internal</Data><Data Name='DestinationPort'>445</Data><Data Name='DestinationPortName'>microsoft-ds</Data></EventData></Event><Event xmlns='http://schemas.microsoft.com/win/2004/08/events/event'><System><Provider Name='Microsoft-Windows-Sysmon' Guid='{5770385f-c22a-43e0-bf4c-06f5698ffbd9}'/><EventID>3</EventID><Version>5</Version><Level>4</Level><Task>3</Task><Opcode>0</Opcode><Keywords>0x8000000000000000</Keywords><TimeCreated SystemTime='2023-03-11T14:05:34.275878100Z'/><EventRecordID>3861</EventRecordID><Correlation/><Execution ProcessID='2204' ThreadID='540'/><Channel>Microsoft-Windows-Sysmon/Operational</Channel><Computer>AttackDefense</Computer><Security UserID='S-1-5-18'/></System><EventData><Data Name='RuleName'>SMB</Data><Data Name='UtcTime'>2023-03-11 14:05:32.654</Data><Data Name='ProcessGuid'>{221ce7aa-7afe-640c-eb03-000000000000}</Data><Data Name='ProcessId'>4</Data><Data Name='Image'>System</Data><Data Name='User'>NT AUTHORITY\SYSTEM</Data><Data Name='Protocol'>tcp</Data><Data Name='Initiated'>false</Data><Data Name='SourceIsIpv6'>false</Data><Data Name='SourceIp'>10.10.21.3</Data><Data Name='SourceHostname'>ip-10-10-21-3.ap-southeast-1.compute.internal</Data><Data Name='SourcePort'>42598</Data><Data Name='SourcePortName'>-</Data><Data Name='DestinationIsIpv6'>false</Data><Data Name='DestinationIp'>10.0.28.224</Data><Data Name='DestinationHostname'>AttackDefense.ap-southeast-1.compute.internal</Data><Data Name='DestinationPort'>445</Data><Data Name='DestinationPortName'>microsoft-ds</Data></EventData></Event><Event xmlns='http://schemas.microsoft.com/win/2004/08/events/event'><System><Provider Name='Microsoft-Windows-Sysmon' Guid='{5770385f-c22a-43e0-bf4c-06f5698ffbd9}'/><EventID>3</EventID><Version>5</Version><Level>4</Level><Task>3</Task><Opcode>0</Opcode><Keywords>0x8000000000000000</Keywords><TimeCreated SystemTime='2023-03-11T14:05:34.275869000Z'/><EventRecordID>3860</EventRecordID><Correlation/><Execution ProcessID='2204' ThreadID='540'/><Channel>Microsoft-Windows-Sysmon/Operational</Channel><Computer>AttackDefense</Computer><Security UserID='S-1-5-18'/></System><EventData><Data Name='RuleName'>SMB</Data><Data Name='UtcTime'>2023-03-11 14:05:32.644</Data><Data Name='ProcessGuid'>{221ce7aa-7afe-640c-eb03-000000000000}</Data><Data Name='ProcessId'>4</Data><Data Name='Image'>System</Data><Data Name='User'>NT AUTHORITY\SYSTEM</Data><Data Name='Protocol'>tcp</Data><Data Name='Initiated'>false</Data><Data Name='SourceIsIpv6'>false</Data><Data Name='SourceIp'>10.10.21.3</Data><Data Name='SourceHostname'>ip-10-10-21-3.ap-southeast-1.compute.internal</Data><Data Name='SourcePort'>42596</Data><Data Name='SourcePortName'>-</Data><Data Name='DestinationIsIpv6'>false</Data><Data Name='DestinationIp'>10.0.28.224</Data><Data Name='DestinationHostname'>AttackDefense.ap-southeast-1.compute.internal</Data><Data Name='DestinationPort'>445</Data><Data Name='DestinationPortName'>microsoft-ds</Data></EventData></Event><Event xmlns='http://schemas.microsoft.com/win/2004/08/events/event'><System><Provider Name='Microsoft-Windows-Sysmon' Guid='{5770385f-c22a-43e0-bf4c-06f5698ffbd9}'/><EventID>3</EventID><Version>5</Version><Level>4</Level><Task>3</Task><Opcode>0</Opcode><Keywords>0x8000000000000000</Keywords><TimeCreated SystemTime='2023-03-11T14:05:34.275860100Z'/><EventRecordID>3859</EventRecordID><Correlation/><Execution ProcessID='2204' ThreadID='540'/><Channel>Microsoft-Windows-Sysmon/Operational</Channel><Computer>AttackDefense</Computer><Security UserID='S-1-5-18'/></System><EventData><Data Name='RuleName'>SMB</Data><Data Name='UtcTime'>2023-03-11 14:05:32.634</Data><Data Name='ProcessGuid'>{221ce7aa-7afe-640c-eb03-000000000000}</Data><Data Name='ProcessId'>4</Data><Data Name='Image'>System</Data><Data Name='User'>NT AUTHORITY\SYSTEM</Data><Data Name='Protocol'>tcp</Data><Data Name='Initiated'>false</Data><Data Name='SourceIsIpv6'>false</Data><Data Name='SourceIp'>10.10.21.3</Data><Data Name='SourceHostname'>ip-10-10-21-3.ap-southeast-1.compute.internal</Data><Data Name='SourcePort'>42594</Data><Data Name='SourcePortName'>-</Data><Data Name='DestinationIsIpv6'>false</Data><Data Name='DestinationIp'>10.0.28.224</Data><Data Name='DestinationHostname'>AttackDefense.ap-southeast-1.compute.internal</Data><Data Name='DestinationPort'>445</Data><Data Name='DestinationPortName'>microsoft-ds</Data></EventData></Event><Event xmlns='http://schemas.microsoft.com/win/2004/08/events/event'><System><Provider Name='Microsoft-Windows-Sysmon' Guid='{5770385f-c22a-43e0-bf4c-06f5698ffbd9}'/><EventID>3</EventID><Version>5</Version><Level>4</Level><Task>3</Task><Opcode>0</Opcode><Keywords>0x8000000000000000</Keywords><TimeCreated SystemTime='2023-03-11T14:05:34.275851400Z'/><EventRecordID>3858</EventRecordID><Correlation/><Execution ProcessID='2204' ThreadID='540'/><Channel>Microsoft-Windows-Sysmon/Operational</Channel><Computer>AttackDefense</Computer><Security UserID='S-1-5-18'/></System><EventData><Data Name='RuleName'>SMB</Data><Data Name='UtcTime'>2023-03-11 14:05:32.623</Data><Data Name='ProcessGuid'>{221ce7aa-7afe-640c-eb03-000000000000}</Data><Data Name='ProcessId'>4</Data><Data Name='Image'>System</Data><Data Name='User'>NT AUTHORITY\SYSTEM</Data><Data Name='Protocol'>tcp</Data><Data Name='Initiated'>false</Data><Data Name='SourceIsIpv6'>false</Data><Data Name='SourceIp'>10.10.21.3</Data><Data Name='SourceHostname'>ip-10-10-21-3.ap-southeast-1.compute.internal</Data><Data Name='SourcePort'>42592</Data><Data Name='SourcePortName'>-</Data><Data Name='DestinationIsIpv6'>false</Data><Data Name='DestinationIp'>10.0.28.224</Data><Data Name='DestinationHostname'>AttackDefense.ap-southeast-1.compute.internal</Data><Data Name='DestinationPort'>445</Data><Data Name='DestinationPortName'>microsoft-ds</Data></EventData></Event><Event xmlns='http://schemas.microsoft.com/win/2004/08/events/event'><System><Provider Name='Microsoft-Windows-Sysmon' Guid='{5770385f-c22a-43e0-bf4c-06f5698ffbd9}'/><EventID>3</EventID><Version>5</Version><Level>4</Level><Task>3</Task><Opcode>0</Opcode><Keywords>0x8000000000000000</Keywords><TimeCreated SystemTime='2023-03-11T14:05:34.275842700Z'/><EventRecordID>3857</EventRecordID><Correlation/><Execution ProcessID='2204' ThreadID='540'/><Channel>Microsoft-Windows-Sysmon/Operational</Channel><Computer>AttackDefense</Computer><Security UserID='S-1-5-18'/></System><EventData><Data Name='RuleName'>SMB</Data><Data Name='UtcTime'>2023-03-11 14:05:32.613</Data><Data Name='ProcessGuid'>{221ce7aa-7afe-640c-eb03-000000000000}</Data><Data Name='ProcessId'>4</Data><Data Name='Image'>System</Data><Data Name='User'>NT AUTHORITY\SYSTEM</Data><Data Name='Protocol'>tcp</Data><Data Name='Initiated'>false</Data><Data Name='SourceIsIpv6'>false</Data><Data Name='SourceIp'>10.10.21.3</Data><Data Name='SourceHostname'>ip-10-10-21-3.ap-southeast-1.compute.internal</Data><Data Name='SourcePort'>42590</Data><Data Name='SourcePortName'>-</Data><Data Name='DestinationIsIpv6'>false</Data><Data Name='DestinationIp'>10.0.28.224</Data><Data Name='DestinationHostname'>AttackDefense.ap-southeast-1.compute.internal</Data><Data Name='DestinationPort'>445</Data><Data Name='DestinationPortName'>microsoft-ds</Data></EventData></Event><Event xmlns='http://schemas.microsoft.com/win/2004/08/events/event'><System><Provider Name='Microsoft-Windows-Sysmon' Guid='{5770385f-c22a-43e0-bf4c-06f5698ffbd9}'/><EventID>3</EventID><Version>5</Version><Level>4</Level><Task>3</Task><Opcode>0</Opcode><Keywords>0x8000000000000000</Keywords><TimeCreated SystemTime='2023-03-11T14:05:34.275833800Z'/><EventRecordID>3856</EventRecordID><Correlation/><Execution ProcessID='2204' ThreadID='540'/><Channel>Microsoft-Windows-Sysmon/Operational</Channel><Computer>AttackDefense</Computer><Security UserID='S-1-5-18'/></System><EventData><Data Name='RuleName'>SMB</Data><Data Name='UtcTime'>2023-03-11 14:05:32.604</Data><Data Name='ProcessGuid'>{221ce7aa-7afe-640c-eb03-000000000000}</Data><Data Name='ProcessId'>4</Data><Data Name='Image'>System</Data><Data Name='User'>NT AUTHORITY\SYSTEM</Data><Data Name='Protocol'>tcp</Data><Data Name='Initiated'>false</Data><Data Name='SourceIsIpv6'>false</Data><Data Name='SourceIp'>10.10.21.3</Data><Data Name='SourceHostname'>ip-10-10-21-3.ap-southeast-1.compute.internal</Data><Data Name='SourcePort'>42588</Data><Data Name='SourcePortName'>-</Data><Data Name='DestinationIsIpv6'>false</Data><Data Name='DestinationIp'>10.0.28.224</Data><Data Name='DestinationHostname'>AttackDefense.ap-southeast-1.compute.internal</Data><Data Name='DestinationPort'>445</Data><Data Name='DestinationPortName'>microsoft-ds</Data></EventData></Event><Event xmlns='http://schemas.microsoft.com/win/2004/08/events/event'><System><Provider Name='Microsoft-Windows-Sysmon' Guid='{5770385f-c22a-43e0-bf4c-06f5698ffbd9}'/><EventID>3</EventID><Version>5</Version><Level>4</Level><Task>3</Task><Opcode>0</Opcode><Keywords>0x8000000000000000</Keywords><TimeCreated SystemTime='2023-03-11T14:05:34.275824900Z'/><EventRecordID>3855</EventRecordID><Correlation/><Execution ProcessID='2204' ThreadID='540'/><Channel>Microsoft-Windows-Sysmon/Operational</Channel><Computer>AttackDefense</Computer><Security UserID='S-1-5-18'/></System><EventData><Data Name='RuleName'>SMB</Data><Data Name='UtcTime'>2023-03-11 14:05:32.594</Data><Data Name='ProcessGuid'>{221ce7aa-7afe-640c-eb03-000000000000}</Data><Data Name='ProcessId'>4</Data><Data Name='Image'>System</Data><Data Name='User'>NT AUTHORITY\SYSTEM</Data><Data Name='Protocol'>tcp</Data><Data Name='Initiated'>false</Data><Data Name='SourceIsIpv6'>false</Data><Data Name='SourceIp'>10.10.21.3</Data><Data Name='SourceHostname'>ip-10-10-21-3.ap-southeast-1.compute.internal</Data><Data Name='SourcePort'>42586</Data><Data Name='SourcePortName'>-</Data><Data Name='DestinationIsIpv6'>false</Data><Data Name='DestinationIp'>10.0.28.224</Data><Data Name='DestinationHostname'>AttackDefense.ap-southeast-1.compute.internal</Data><Data Name='DestinationPort'>445</Data><Data Name='DestinationPortName'>microsoft-ds</Data></EventData></Event><Event xmlns='http://schemas.microsoft.com/win/2004/08/events/event'><System><Provider Name='Microsoft-Windows-Sysmon' Guid='{5770385f-c22a-43e0-bf4c-06f5698ffbd9}'/><EventID>3</EventID><Version>5</Version><Level>4</Level><Task>3</Task><Opcode>0</Opcode><Keywords>0x8000000000000000</Keywords><TimeCreated SystemTime='2023-03-11T14:05:34.275816100Z'/><EventRecordID>3854</EventRecordID><Correlation/><Execution ProcessID='2204' ThreadID='540'/><Channel>Microsoft-Windows-Sysmon/Operational</Channel><Computer>AttackDefense</Computer><Security UserID='S-1-5-18'/></System><EventData><Data Name='RuleName'>SMB</Data><Data Name='UtcTime'>2023-03-11 14:05:32.584</Data><Data Name='ProcessGuid'>{221ce7aa-7afe-640c-eb03-000000000000}</Data><Data Name='ProcessId'>4</Data><Data Name='Image'>System</Data><Data Name='User'>NT AUTHORITY\SYSTEM</Data><Data Name='Protocol'>tcp</Data><Data Name='Initiated'>false</Data><Data Name='SourceIsIpv6'>false</Data><Data Name='SourceIp'>10.10.21.3</Data><Data Name='SourceHostname'>ip-10-10-21-3.ap-southeast-1.compute.internal</Data><Data Name='SourcePort'>42584</Data><Data Name='SourcePortName'>-</Data><Data Name='DestinationIsIpv6'>false</Data><Data Name='DestinationIp'>10.0.28.224</Data><Data Name='DestinationHostname'>AttackDefense.ap-southeast-1.compute.internal</Data><Data Name='DestinationPort'>445</Data><Data Name='DestinationPortName'>microsoft-ds</Data></EventData></Event><Event xmlns='http://schemas.microsoft.com/win/2004/08/events/event'><System><Provider Name='Microsoft-Windows-Sysmon' Guid='{5770385f-c22a-43e0-bf4c-06f5698ffbd9}'/><EventID>3</EventID><Version>5</Version><Level>4</Level><Task>3</Task><Opcode>0</Opcode><Keywords>0x8000000000000000</Keywords><TimeCreated SystemTime='2023-03-11T14:05:34.275807000Z'/><EventRecordID>3853</EventRecordID><Correlation/><Execution ProcessID='2204' ThreadID='540'/><Channel>Microsoft-Windows-Sysmon/Operational</Channel><Computer>AttackDefense</Computer><Security UserID='S-1-5-18'/></System><EventData><Data Name='RuleName'>SMB</Data><Data Name='UtcTime'>2023-03-11 14:05:32.573</Data><Data Name='ProcessGuid'>{221ce7aa-7afe-640c-eb03-000000000000}</Data><Data Name='ProcessId'>4</Data><Data Name='Image'>System</Data><Data Name='User'>NT AUTHORITY\SYSTEM</Data><Data Name='Protocol'>tcp</Data><Data Name='Initiated'>false</Data><Data Name='SourceIsIpv6'>false</Data><Data Name='SourceIp'>10.10.21.3</Data><Data Name='SourceHostname'>ip-10-10-21-3.ap-southeast-1.compute.internal</Data><Data Name='SourcePort'>42582</Data><Data Name='SourcePortName'>-</Data><Data Name='DestinationIsIpv6'>false</Data><Data Name='DestinationIp'>10.0.28.224</Data><Data Name='DestinationHostname'>AttackDefense.ap-southeast-1.compute.internal</Data><Data Name='DestinationPort'>445</Data><Data Name='DestinationPortName'>microsoft-ds</Data></EventData></Event><Event xmlns='http://schemas.microsoft.com/win/2004/08/events/event'><System><Provider Name='Microsoft-Windows-Sysmon' Guid='{5770385f-c22a-43e0-bf4c-06f5698ffbd9}'/><EventID>3</EventID><Version>5</Version><Level>4</Level><Task>3</Task><Opcode>0</Opcode><Keywords>0x8000000000000000</Keywords><TimeCreated SystemTime='2023-03-11T14:05:34.275788800Z'/><EventRecordID>3852</EventRecordID><Correlation/><Execution ProcessID='2204' ThreadID='540'/><Channel>Microsoft-Windows-Sysmon/Operational</Channel><Computer>AttackDefense</Computer><Security UserID='S-1-5-18'/></System><EventData><Data Name='RuleName'>SMB</Data><Data Name='UtcTime'>2023-03-11 14:05:32.563</Data><Data Name='ProcessGuid'>{221ce7aa-7afe-640c-eb03-000000000000}</Data><Data Name='ProcessId'>4</Data><Data Name='Image'>System</Data><Data Name='User'>NT AUTHORITY\SYSTEM</Data><Data Name='Protocol'>tcp</Data><Data Name='Initiated'>false</Data><Data Name='SourceIsIpv6'>false</Data><Data Name='SourceIp'>10.10.21.3</Data><Data Name='SourceHostname'>ip-10-10-21-3.ap-southeast-1.compute.internal</Data><Data Name='SourcePort'>42580</Data><Data Name='SourcePortName'>-</Data><Data Name='DestinationIsIpv6'>false</Data><Data Name='DestinationIp'>10.0.28.224</Data><Data Name='DestinationHostname'>AttackDefense.ap-southeast-1.compute.internal</Data><Data Name='DestinationPort'>445</Data><Data Name='DestinationPortName'>microsoft-ds</Data></EventData></Event><Event xmlns='http://schemas.microsoft.com/win/2004/08/events/event'><System><Provider Name='Microsoft-Windows-Sysmon' Guid='{5770385f-c22a-43e0-bf4c-06f5698ffbd9}'/><EventID>3</EventID><Version>5</Version><Level>4</Level><Task>3</Task><Opcode>0</Opcode><Keywords>0x8000000000000000</Keywords><TimeCreated SystemTime='2023-03-11T14:05:34.275780500Z'/><EventRecordID>3851</EventRecordID><Correlation/><Execution ProcessID='2204' ThreadID='540'/><Channel>Microsoft-Windows-Sysmon/Operational</Channel><Computer>AttackDefense</Computer><Security UserID='S-1-5-18'/></System><EventData><Data Name='RuleName'>SMB</Data><Data Name='UtcTime'>2023-03-11 14:05:32.554</Data><Data Name='ProcessGuid'>{221ce7aa-7afe-640c-eb03-000000000000}</Data><Data Name='ProcessId'>4</Data><Data Name='Image'>System</Data><Data Name='User'>NT AUTHORITY\SYSTEM</Data><Data Name='Protocol'>tcp</Data><Data Name='Initiated'>false</Data><Data Name='SourceIsIpv6'>false</Data><Data Name='SourceIp'>10.10.21.3</Data><Data Name='SourceHostname'>ip-10-10-21-3.ap-southeast-1.compute.internal</Data><Data Name='SourcePort'>42578</Data><Data Name='SourcePortName'>-</Data><Data Name='DestinationIsIpv6'>false</Data><Data Name='DestinationIp'>10.0.28.224</Data><Data Name='DestinationHostname'>AttackDefense.ap-southeast-1.compute.internal</Data><Data Name='DestinationPort'>445</Data><Data Name='DestinationPortName'>microsoft-ds</Data></EventData></Event><Event xmlns='http://schemas.microsoft.com/win/2004/08/events/event'><System><Provider Name='Microsoft-Windows-Sysmon' Guid='{5770385f-c22a-43e0-bf4c-06f5698ffbd9}'/><EventID>3</EventID><Version>5</Version><Level>4</Level><Task>3</Task><Opcode>0</Opcode><Keywords>0x8000000000000000</Keywords><TimeCreated SystemTime='2023-03-11T14:05:34.275771900Z'/><EventRecordID>3850</EventRecordID><Correlation/><Execution ProcessID='2204' ThreadID='540'/><Channel>Microsoft-Windows-Sysmon/Operational</Channel><Computer>AttackDefense</Computer><Security UserID='S-1-5-18'/></System><EventData><Data Name='RuleName'>SMB</Data><Data Name='UtcTime'>2023-03-11 14:05:32.543</Data><Data Name='ProcessGuid'>{221ce7aa-7afe-640c-eb03-000000000000}</Data><Data Name='ProcessId'>4</Data><Data Name='Image'>System</Data><Data Name='User'>NT AUTHORITY\SYSTEM</Data><Data Name='Protocol'>tcp</Data><Data Name='Initiated'>false</Data><Data Name='SourceIsIpv6'>false</Data><Data Name='SourceIp'>10.10.21.3</Data><Data Name='SourceHostname'>ip-10-10-21-3.ap-southeast-1.compute.internal</Data><Data Name='SourcePort'>42576</Data><Data Name='SourcePortName'>-</Data><Data Name='DestinationIsIpv6'>false</Data><Data Name='DestinationIp'>10.0.28.224</Data><Data Name='DestinationHostname'>AttackDefense.ap-southeast-1.compute.internal</Data><Data Name='DestinationPort'>445</Data><Data Name='DestinationPortName'>microsoft-ds</Data></EventData></Event><Event xmlns='http://schemas.microsoft.com/win/2004/08/events/event'><System><Provider Name='Microsoft-Windows-Sysmon' Guid='{5770385f-c22a-43e0-bf4c-06f5698ffbd9}'/><EventID>3</EventID><Version>5</Version><Level>4</Level><Task>3</Task><Opcode>0</Opcode><Keywords>0x8000000000000000</Keywords><TimeCreated SystemTime='2023-03-11T14:05:34.275763500Z'/><EventRecordID>3849</EventRecordID><Correlation/><Execution ProcessID='2204' ThreadID='540'/><Channel>Microsoft-Windows-Sysmon/Operational</Channel><Computer>AttackDefense</Computer><Security UserID='S-1-5-18'/></System><EventData><Data Name='RuleName'>SMB</Data><Data Name='UtcTime'>2023-03-11 14:05:32.533</Data><Data Name='ProcessGuid'>{221ce7aa-7afe-640c-eb03-000000000000}</Data><Data Name='ProcessId'>4</Data><Data Name='Image'>System</Data><Data Name='User'>NT AUTHORITY\SYSTEM</Data><Data Name='Protocol'>tcp</Data><Data Name='Initiated'>false</Data><Data Name='SourceIsIpv6'>false</Data><Data Name='SourceIp'>10.10.21.3</Data><Data Name='SourceHostname'>ip-10-10-21-3.ap-southeast-1.compute.internal</Data><Data Name='SourcePort'>42574</Data><Data Name='SourcePortName'>-</Data><Data Name='DestinationIsIpv6'>false</Data><Data Name='DestinationIp'>10.0.28.224</Data><Data Name='DestinationHostname'>AttackDefense.ap-southeast-1.compute.internal</Data><Data Name='DestinationPort'>445</Data><Data Name='DestinationPortName'>microsoft-ds</Data></EventData></Event><Event xmlns='http://schemas.microsoft.com/win/2004/08/events/event'><System><Provider Name='Microsoft-Windows-Sysmon' Guid='{5770385f-c22a-43e0-bf4c-06f5698ffbd9}'/><EventID>3</EventID><Version>5</Version><Level>4</Level><Task>3</Task><Opcode>0</Opcode><Keywords>0x8000000000000000</Keywords><TimeCreated SystemTime='2023-03-11T14:05:34.275754900Z'/><EventRecordID>3848</EventRecordID><Correlation/><Execution ProcessID='2204' ThreadID='540'/><Channel>Microsoft-Windows-Sysmon/Operational</Channel><Computer>AttackDefense</Computer><Security UserID='S-1-5-18'/></System><EventData><Data Name='RuleName'>SMB</Data><Data Name='UtcTime'>2023-03-11 14:05:32.523</Data><Data Name='ProcessGuid'>{221ce7aa-7afe-640c-eb03-000000000000}</Data><Data Name='ProcessId'>4</Data><Data Name='Image'>System</Data><Data Name='User'>NT AUTHORITY\SYSTEM</Data><Data Name='Protocol'>tcp</Data><Data Name='Initiated'>false</Data><Data Name='SourceIsIpv6'>false</Data><Data Name='SourceIp'>10.10.21.3</Data><Data Name='SourceHostname'>ip-10-10-21-3.ap-southeast-1.compute.internal</Data><Data Name='SourcePort'>42572</Data><Data Name='SourcePortName'>-</Data><Data Name='DestinationIsIpv6'>false</Data><Data Name='DestinationIp'>10.0.28.224</Data><Data Name='DestinationHostname'>AttackDefense.ap-southeast-1.compute.internal</Data><Data Name='DestinationPort'>445</Data><Data Name='DestinationPortName'>microsoft-ds</Data></EventData></Event><Event xmlns='http://schemas.microsoft.com/win/2004/08/events/event'><System><Provider Name='Microsoft-Windows-Sysmon' Guid='{5770385f-c22a-43e0-bf4c-06f5698ffbd9}'/><EventID>3</EventID><Version>5</Version><Level>4</Level><Task>3</Task><Opcode>0</Opcode><Keywords>0x8000000000000000</Keywords><TimeCreated SystemTime='2023-03-11T14:05:34.275746300Z'/><EventRecordID>3847</EventRecordID><Correlation/><Execution ProcessID='2204' ThreadID='540'/><Channel>Microsoft-Windows-Sysmon/Operational</Channel><Computer>AttackDefense</Computer><Security UserID='S-1-5-18'/></System><EventData><Data Name='RuleName'>SMB</Data><Data Name='UtcTime'>2023-03-11 14:05:32.513</Data><Data Name='ProcessGuid'>{221ce7aa-7afe-640c-eb03-000000000000}</Data><Data Name='ProcessId'>4</Data><Data Name='Image'>System</Data><Data Name='User'>NT AUTHORITY\SYSTEM</Data><Data Name='Protocol'>tcp</Data><Data Name='Initiated'>false</Data><Data Name='SourceIsIpv6'>false</Data><Data Name='SourceIp'>10.10.21.3</Data><Data Name='SourceHostname'>ip-10-10-21-3.ap-southeast-1.compute.internal</Data><Data Name='SourcePort'>42570</Data><Data Name='SourcePortName'>-</Data><Data Name='DestinationIsIpv6'>false</Data><Data Name='DestinationIp'>10.0.28.224</Data><Data Name='DestinationHostname'>AttackDefense.ap-southeast-1.compute.internal</Data><Data Name='DestinationPort'>445</Data><Data Name='DestinationPortName'>microsoft-ds</Data></EventData></Event><Event xmlns='http://schemas.microsoft.com/win/2004/08/events/event'><System><Provider Name='Microsoft-Windows-Sysmon' Guid='{5770385f-c22a-43e0-bf4c-06f5698ffbd9}'/><EventID>3</EventID><Version>5</Version><Level>4</Level><Task>3</Task><Opcode>0</Opcode><Keywords>0x8000000000000000</Keywords><TimeCreated SystemTime='2023-03-11T14:05:34.275737900Z'/><EventRecordID>3846</EventRecordID><Correlation/><Execution ProcessID='2204' ThreadID='540'/><Channel>Microsoft-Windows-Sysmon/Operational</Channel><Computer>AttackDefense</Computer><Security UserID='S-1-5-18'/></System><EventData><Data Name='RuleName'>SMB</Data><Data Name='UtcTime'>2023-03-11 14:05:32.503</Data><Data Name='ProcessGuid'>{221ce7aa-7afe-640c-eb03-000000000000}</Data><Data Name='ProcessId'>4</Data><Data Name='Image'>System</Data><Data Name='User'>NT AUTHORITY\SYSTEM</Data><Data Name='Protocol'>tcp</Data><Data Name='Initiated'>false</Data><Data Name='SourceIsIpv6'>false</Data><Data Name='SourceIp'>10.10.21.3</Data><Data Name='SourceHostname'>ip-10-10-21-3.ap-southeast-1.compute.internal</Data><Data Name='SourcePort'>42568</Data><Data Name='SourcePortName'>-</Data><Data Name='DestinationIsIpv6'>false</Data><Data Name='DestinationIp'>10.0.28.224</Data><Data Name='DestinationHostname'>AttackDefense.ap-southeast-1.compute.internal</Data><Data Name='DestinationPort'>445</Data><Data Name='DestinationPortName'>microsoft-ds</Data></EventData></Event><Event xmlns='http://schemas.microsoft.com/win/2004/08/events/event'><System><Provider Name='Microsoft-Windows-Sysmon' Guid='{5770385f-c22a-43e0-bf4c-06f5698ffbd9}'/><EventID>3</EventID><Version>5</Version><Level>4</Level><Task>3</Task><Opcode>0</Opcode><Keywords>0x8000000000000000</Keywords><TimeCreated SystemTime='2023-03-11T14:05:34.275729300Z'/><EventRecordID>3845</EventRecordID><Correlation/><Execution ProcessID='2204' ThreadID='540'/><Channel>Microsoft-Windows-Sysmon/Operational</Channel><Computer>AttackDefense</Computer><Security UserID='S-1-5-18'/></System><EventData><Data Name='RuleName'>SMB</Data><Data Name='UtcTime'>2023-03-11 14:05:32.493</Data><Data Name='ProcessGuid'>{221ce7aa-7afe-640c-eb03-000000000000}</Data><Data Name='ProcessId'>4</Data><Data Name='Image'>System</Data><Data Name='User'>NT AUTHORITY\SYSTEM</Data><Data Name='Protocol'>tcp</Data><Data Name='Initiated'>false</Data><Data Name='SourceIsIpv6'>false</Data><Data Name='SourceIp'>10.10.21.3</Data><Data Name='SourceHostname'>ip-10-10-21-3.ap-southeast-1.compute.internal</Data><Data Name='SourcePort'>42566</Data><Data Name='SourcePortName'>-</Data><Data Name='DestinationIsIpv6'>false</Data><Data Name='DestinationIp'>10.0.28.224</Data><Data Name='DestinationHostname'>AttackDefense.ap-southeast-1.compute.internal</Data><Data Name='DestinationPort'>445</Data><Data Name='DestinationPortName'>microsoft-ds</Data></EventData></Event><Event xmlns='http://schemas.microsoft.com/win/2004/08/events/event'><System><Provider Name='Microsoft-Windows-Sysmon' Guid='{5770385f-c22a-43e0-bf4c-06f5698ffbd9}'/><EventID>3</EventID><Version>5</Version><Level>4</Level><Task>3</Task><Opcode>0</Opcode><Keywords>0x8000000000000000</Keywords><TimeCreated SystemTime='2023-03-11T14:05:34.275720800Z'/><EventRecordID>3844</EventRecordID><Correlation/><Execution ProcessID='2204' ThreadID='540'/><Channel>Microsoft-Windows-Sysmon/Operational</Channel><Computer>AttackDefense</Computer><Security UserID='S-1-5-18'/></System><EventData><Data Name='RuleName'>SMB</Data><Data Name='UtcTime'>2023-03-11 14:05:32.482</Data><Data Name='ProcessGuid'>{221ce7aa-7afe-640c-eb03-000000000000}</Data><Data Name='ProcessId'>4</Data><Data Name='Image'>System</Data><Data Name='User'>NT AUTHORITY\SYSTEM</Data><Data Name='Protocol'>tcp</Data><Data Name='Initiated'>false</Data><Data Name='SourceIsIpv6'>false</Data><Data Name='SourceIp'>10.10.21.3</Data><Data Name='SourceHostname'>ip-10-10-21-3.ap-southeast-1.compute.internal</Data><Data Name='SourcePort'>42564</Data><Data Name='SourcePortName'>-</Data><Data Name='DestinationIsIpv6'>false</Data><Data Name='DestinationIp'>10.0.28.224</Data><Data Name='DestinationHostname'>AttackDefense.ap-southeast-1.compute.internal</Data><Data Name='DestinationPort'>445</Data><Data Name='DestinationPortName'>microsoft-ds</Data></EventData></Event><Event xmlns='http://schemas.microsoft.com/win/2004/08/events/event'><System><Provider Name='Microsoft-Windows-Sysmon' Guid='{5770385f-c22a-43e0-bf4c-06f5698ffbd9}'/><EventID>3</EventID><Version>5</Version><Level>4</Level><Task>3</Task><Opcode>0</Opcode><Keywords>0x8000000000000000</Keywords><TimeCreated SystemTime='2023-03-11T14:05:34.275712300Z'/><EventRecordID>3843</EventRecordID><Correlation/><Execution ProcessID='2204' ThreadID='540'/><Channel>Microsoft-Windows-Sysmon/Operational</Channel><Computer>AttackDefense</Computer><Security UserID='S-1-5-18'/></System><EventData><Data Name='RuleName'>SMB</Data><Data Name='UtcTime'>2023-03-11 14:05:32.473</Data><Data Name='ProcessGuid'>{221ce7aa-7afe-640c-eb03-000000000000}</Data><Data Name='ProcessId'>4</Data><Data Name='Image'>System</Data><Data Name='User'>NT AUTHORITY\SYSTEM</Data><Data Name='Protocol'>tcp</Data><Data Name='Initiated'>false</Data><Data Name='SourceIsIpv6'>false</Data><Data Name='SourceIp'>10.10.21.3</Data><Data Name='SourceHostname'>ip-10-10-21-3.ap-southeast-1.compute.internal</Data><Data Name='SourcePort'>42562</Data><Data Name='SourcePortName'>-</Data><Data Name='DestinationIsIpv6'>false</Data><Data Name='DestinationIp'>10.0.28.224</Data><Data Name='DestinationHostname'>AttackDefense.ap-southeast-1.compute.internal</Data><Data Name='DestinationPort'>445</Data><Data Name='DestinationPortName'>microsoft-ds</Data></EventData></Event><Event xmlns='http://schemas.microsoft.com/win/2004/08/events/event'><System><Provider Name='Microsoft-Windows-Sysmon' Guid='{5770385f-c22a-43e0-bf4c-06f5698ffbd9}'/><EventID>3</EventID><Version>5</Version><Level>4</Level><Task>3</Task><Opcode>0</Opcode><Keywords>0x8000000000000000</Keywords><TimeCreated SystemTime='2023-03-11T14:05:34.275703800Z'/><EventRecordID>3842</EventRecordID><Correlation/><Execution ProcessID='2204' ThreadID='540'/><Channel>Microsoft-Windows-Sysmon/Operational</Channel><Computer>AttackDefense</Computer><Security UserID='S-1-5-18'/></System><EventData><Data Name='RuleName'>SMB</Data><Data Name='UtcTime'>2023-03-11 14:05:32.462</Data><Data Name='ProcessGuid'>{221ce7aa-7afe-640c-eb03-000000000000}</Data><Data Name='ProcessId'>4</Data><Data Name='Image'>System</Data><Data Name='User'>NT AUTHORITY\SYSTEM</Data><Data Name='Protocol'>tcp</Data><Data Name='Initiated'>false</Data><Data Name='SourceIsIpv6'>false</Data><Data Name='SourceIp'>10.10.21.3</Data><Data Name='SourceHostname'>ip-10-10-21-3.ap-southeast-1.compute.internal</Data><Data Name='SourcePort'>42560</Data><Data Name='SourcePortName'>-</Data><Data Name='DestinationIsIpv6'>false</Data><Data Name='DestinationIp'>10.0.28.224</Data><Data Name='DestinationHostname'>AttackDefense.ap-southeast-1.compute.internal</Data><Data Name='DestinationPort'>445</Data><Data Name='DestinationPortName'>microsoft-ds</Data></EventData></Event><Event xmlns='http://schemas.microsoft.com/win/2004/08/events/event'><System><Provider Name='Microsoft-Windows-Sysmon' Guid='{5770385f-c22a-43e0-bf4c-06f5698ffbd9}'/><EventID>3</EventID><Version>5</Version><Level>4</Level><Task>3</Task><Opcode>0</Opcode><Keywords>0x8000000000000000</Keywords><TimeCreated SystemTime='2023-03-11T14:05:34.275695300Z'/><EventRecordID>3841</EventRecordID><Correlation/><Execution ProcessID='2204' ThreadID='540'/><Channel>Microsoft-Windows-Sysmon/Operational</Channel><Computer>AttackDefense</Computer><Security UserID='S-1-5-18'/></System><EventData><Data Name='RuleName'>SMB</Data><Data Name='UtcTime'>2023-03-11 14:05:32.452</Data><Data Name='ProcessGuid'>{221ce7aa-7afe-640c-eb03-000000000000}</Data><Data Name='ProcessId'>4</Data><Data Name='Image'>System</Data><Data Name='User'>NT AUTHORITY\SYSTEM</Data><Data Name='Protocol'>tcp</Data><Data Name='Initiated'>false</Data><Data Name='SourceIsIpv6'>false</Data><Data Name='SourceIp'>10.10.21.3</Data><Data Name='SourceHostname'>ip-10-10-21-3.ap-southeast-1.compute.internal</Data><Data Name='SourcePort'>42558</Data><Data Name='SourcePortName'>-</Data><Data Name='DestinationIsIpv6'>false</Data><Data Name='DestinationIp'>10.0.28.224</Data><Data Name='DestinationHostname'>AttackDefense.ap-southeast-1.compute.internal</Data><Data Name='DestinationPort'>445</Data><Data Name='DestinationPortName'>microsoft-ds</Data></EventData></Event><Event xmlns='http://schemas.microsoft.com/win/2004/08/events/event'><System><Provider Name='Microsoft-Windows-Sysmon' Guid='{5770385f-c22a-43e0-bf4c-06f5698ffbd9}'/><EventID>3</EventID><Version>5</Version><Level>4</Level><Task>3</Task><Opcode>0</Opcode><Keywords>0x8000000000000000</Keywords><TimeCreated SystemTime='2023-03-11T14:05:34.275687000Z'/><EventRecordID>3840</EventRecordID><Correlation/><Execution ProcessID='2204' ThreadID='540'/><Channel>Microsoft-Windows-Sysmon/Operational</Channel><Computer>AttackDefense</Computer><Security UserID='S-1-5-18'/></System><EventData><Data Name='RuleName'>SMB</Data><Data Name='UtcTime'>2023-03-11 14:05:32.443</Data><Data Name='ProcessGuid'>{221ce7aa-7afe-640c-eb03-000000000000}</Data><Data Name='ProcessId'>4</Data><Data Name='Image'>System</Data><Data Name='User'>NT AUTHORITY\SYSTEM</Data><Data Name='Protocol'>tcp</Data><Data Name='Initiated'>false</Data><Data Name='SourceIsIpv6'>false</Data><Data Name='SourceIp'>10.10.21.3</Data><Data Name='SourceHostname'>ip-10-10-21-3.ap-southeast-1.compute.internal</Data><Data Name='SourcePort'>42556</Data><Data Name='SourcePortName'>-</Data><Data Name='DestinationIsIpv6'>false</Data><Data Name='DestinationIp'>10.0.28.224</Data><Data Name='DestinationHostname'>AttackDefense.ap-southeast-1.compute.internal</Data><Data Name='DestinationPort'>445</Data><Data Name='DestinationPortName'>microsoft-ds</Data></EventData></Event><Event xmlns='http://schemas.microsoft.com/win/2004/08/events/event'><System><Provider Name='Microsoft-Windows-Sysmon' Guid='{5770385f-c22a-43e0-bf4c-06f5698ffbd9}'/><EventID>3</EventID><Version>5</Version><Level>4</Level><Task>3</Task><Opcode>0</Opcode><Keywords>0x8000000000000000</Keywords><TimeCreated SystemTime='2023-03-11T14:05:34.275678500Z'/><EventRecordID>3839</EventRecordID><Correlation/><Execution ProcessID='2204' ThreadID='540'/><Channel>Microsoft-Windows-Sysmon/Operational</Channel><Computer>AttackDefense</Computer><Security UserID='S-1-5-18'/></System><EventData><Data Name='RuleName'>SMB</Data><Data Name='UtcTime'>2023-03-11 14:05:32.432</Data><Data Name='ProcessGuid'>{221ce7aa-7afe-640c-eb03-000000000000}</Data><Data Name='ProcessId'>4</Data><Data Name='Image'>System</Data><Data Name='User'>NT AUTHORITY\SYSTEM</Data><Data Name='Protocol'>tcp</Data><Data Name='Initiated'>false</Data><Data Name='SourceIsIpv6'>false</Data><Data Name='SourceIp'>10.10.21.3</Data><Data Name='SourceHostname'>ip-10-10-21-3.ap-southeast-1.compute.internal</Data><Data Name='SourcePort'>42554</Data><Data Name='SourcePortName'>-</Data><Data Name='DestinationIsIpv6'>false</Data><Data Name='DestinationIp'>10.0.28.224</Data><Data Name='DestinationHostname'>AttackDefense.ap-southeast-1.compute.internal</Data><Data Name='DestinationPort'>445</Data><Data Name='DestinationPortName'>microsoft-ds</Data></EventData></Event><Event xmlns='http://schemas.microsoft.com/win/2004/08/events/event'><System><Provider Name='Microsoft-Windows-Sysmon' Guid='{5770385f-c22a-43e0-bf4c-06f5698ffbd9}'/><EventID>3</EventID><Version>5</Version><Level>4</Level><Task>3</Task><Opcode>0</Opcode><Keywords>0x8000000000000000</Keywords><TimeCreated SystemTime='2023-03-11T14:05:34.275670200Z'/><EventRecordID>3838</EventRecordID><Correlation/><Execution ProcessID='2204' ThreadID='540'/><Channel>Microsoft-Windows-Sysmon/Operational</Channel><Computer>AttackDefense</Computer><Security UserID='S-1-5-18'/></System><EventData><Data Name='RuleName'>SMB</Data><Data Name='UtcTime'>2023-03-11 14:05:32.422</Data><Data Name='ProcessGuid'>{221ce7aa-7afe-640c-eb03-000000000000}</Data><Data Name='ProcessId'>4</Data><Data Name='Image'>System</Data><Data Name='User'>NT AUTHORITY\SYSTEM</Data><Data Name='Protocol'>tcp</Data><Data Name='Initiated'>false</Data><Data Name='SourceIsIpv6'>false</Data><Data Name='SourceIp'>10.10.21.3</Data><Data Name='SourceHostname'>ip-10-10-21-3.ap-southeast-1.compute.internal</Data><Data Name='SourcePort'>42552</Data><Data Name='SourcePortName'>-</Data><Data Name='DestinationIsIpv6'>false</Data><Data Name='DestinationIp'>10.0.28.224</Data><Data Name='DestinationHostname'>AttackDefense.ap-southeast-1.compute.internal</Data><Data Name='DestinationPort'>445</Data><Data Name='DestinationPortName'>microsoft-ds</Data></EventData></Event><Event xmlns='http://schemas.microsoft.com/win/2004/08/events/event'><System><Provider Name='Microsoft-Windows-Sysmon' Guid='{5770385f-c22a-43e0-bf4c-06f5698ffbd9}'/><EventID>3</EventID><Version>5</Version><Level>4</Level><Task>3</Task><Opcode>0</Opcode><Keywords>0x8000000000000000</Keywords><TimeCreated SystemTime='2023-03-11T14:05:34.275661700Z'/><EventRecordID>3837</EventRecordID><Correlation/><Execution ProcessID='2204' ThreadID='540'/><Channel>Microsoft-Windows-Sysmon/Operational</Channel><Computer>AttackDefense</Computer><Security UserID='S-1-5-18'/></System><EventData><Data Name='RuleName'>SMB</Data><Data Name='UtcTime'>2023-03-11 14:05:32.412</Data><Data Name='ProcessGuid'>{221ce7aa-7afe-640c-eb03-000000000000}</Data><Data Name='ProcessId'>4</Data><Data Name='Image'>System</Data><Data Name='User'>NT AUTHORITY\SYSTEM</Data><Data Name='Protocol'>tcp</Data><Data Name='Initiated'>false</Data><Data Name='SourceIsIpv6'>false</Data><Data Name='SourceIp'>10.10.21.3</Data><Data Name='SourceHostname'>ip-10-10-21-3.ap-southeast-1.compute.internal</Data><Data Name='SourcePort'>42550</Data><Data Name='SourcePortName'>-</Data><Data Name='DestinationIsIpv6'>false</Data><Data Name='DestinationIp'>10.0.28.224</Data><Data Name='DestinationHostname'>AttackDefense.ap-southeast-1.compute.internal</Data><Data Name='DestinationPort'>445</Data><Data Name='DestinationPortName'>microsoft-ds</Data></EventData></Event><Event xmlns='http://schemas.microsoft.com/win/2004/08/events/event'><System><Provider Name='Microsoft-Windows-Sysmon' Guid='{5770385f-c22a-43e0-bf4c-06f5698ffbd9}'/><EventID>3</EventID><Version>5</Version><Level>4</Level><Task>3</Task><Opcode>0</Opcode><Keywords>0x8000000000000000</Keywords><TimeCreated SystemTime='2023-03-11T14:05:34.275653400Z'/><EventRecordID>3836</EventRecordID><Correlation/><Execution ProcessID='2204' ThreadID='540'/><Channel>Microsoft-Windows-Sysmon/Operational</Channel><Computer>AttackDefense</Computer><Security UserID='S-1-5-18'/></System><EventData><Data Name='RuleName'>SMB</Data><Data Name='UtcTime'>2023-03-11 14:05:32.402</Data><Data Name='ProcessGuid'>{221ce7aa-7afe-640c-eb03-000000000000}</Data><Data Name='ProcessId'>4</Data><Data Name='Image'>System</Data><Data Name='User'>NT AUTHORITY\SYSTEM</Data><Data Name='Protocol'>tcp</Data><Data Name='Initiated'>false</Data><Data Name='SourceIsIpv6'>false</Data><Data Name='SourceIp'>10.10.21.3</Data><Data Name='SourceHostname'>ip-10-10-21-3.ap-southeast-1.compute.internal</Data><Data Name='SourcePort'>42548</Data><Data Name='SourcePortName'>-</Data><Data Name='DestinationIsIpv6'>false</Data><Data Name='DestinationIp'>10.0.28.224</Data><Data Name='DestinationHostname'>AttackDefense.ap-southeast-1.compute.internal</Data><Data Name='DestinationPort'>445</Data><Data Name='DestinationPortName'>microsoft-ds</Data></EventData></Event><Event xmlns='http://schemas.microsoft.com/win/2004/08/events/event'><System><Provider Name='Microsoft-Windows-Sysmon' Guid='{5770385f-c22a-43e0-bf4c-06f5698ffbd9}'/><EventID>3</EventID><Version>5</Version><Level>4</Level><Task>3</Task><Opcode>0</Opcode><Keywords>0x8000000000000000</Keywords><TimeCreated SystemTime='2023-03-11T14:05:34.275644800Z'/><EventRecordID>3835</EventRecordID><Correlation/><Execution ProcessID='2204' ThreadID='540'/><Channel>Microsoft-Windows-Sysmon/Operational</Channel><Computer>AttackDefense</Computer><Security UserID='S-1-5-18'/></System><EventData><Data Name='RuleName'>SMB</Data><Data Name='UtcTime'>2023-03-11 14:05:32.392</Data><Data Name='ProcessGuid'>{221ce7aa-7afe-640c-eb03-000000000000}</Data><Data Name='ProcessId'>4</Data><Data Name='Image'>System</Data><Data Name='User'>NT AUTHORITY\SYSTEM</Data><Data Name='Protocol'>tcp</Data><Data Name='Initiated'>false</Data><Data Name='SourceIsIpv6'>false</Data><Data Name='SourceIp'>10.10.21.3</Data><Data Name='SourceHostname'>ip-10-10-21-3.ap-southeast-1.compute.internal</Data><Data Name='SourcePort'>42546</Data><Data Name='SourcePortName'>-</Data><Data Name='DestinationIsIpv6'>false</Data><Data Name='DestinationIp'>10.0.28.224</Data><Data Name='DestinationHostname'>AttackDefense.ap-southeast-1.compute.internal</Data><Data Name='DestinationPort'>445</Data><Data Name='DestinationPortName'>microsoft-ds</Data></EventData></Event><Event xmlns='http://schemas.microsoft.com/win/2004/08/events/event'><System><Provider Name='Microsoft-Windows-Sysmon' Guid='{5770385f-c22a-43e0-bf4c-06f5698ffbd9}'/><EventID>3</EventID><Version>5</Version><Level>4</Level><Task>3</Task><Opcode>0</Opcode><Keywords>0x8000000000000000</Keywords><TimeCreated SystemTime='2023-03-11T14:05:34.275635600Z'/><EventRecordID>3834</EventRecordID><Correlation/><Execution ProcessID='2204' ThreadID='540'/><Channel>Microsoft-Windows-Sysmon/Operational</Channel><Computer>AttackDefense</Computer><Security UserID='S-1-5-18'/></System><EventData><Data Name='RuleName'>SMB</Data><Data Name='UtcTime'>2023-03-11 14:05:32.382</Data><Data Name='ProcessGuid'>{221ce7aa-7afe-640c-eb03-000000000000}</Data><Data Name='ProcessId'>4</Data><Data Name='Image'>System</Data><Data Name='User'>NT AUTHORITY\SYSTEM</Data><Data Name='Protocol'>tcp</Data><Data Name='Initiated'>false</Data><Data Name='SourceIsIpv6'>false</Data><Data Name='SourceIp'>10.10.21.3</Data><Data Name='SourceHostname'>ip-10-10-21-3.ap-southeast-1.compute.internal</Data><Data Name='SourcePort'>42544</Data><Data Name='SourcePortName'>-</Data><Data Name='DestinationIsIpv6'>false</Data><Data Name='DestinationIp'>10.0.28.224</Data><Data Name='DestinationHostname'>AttackDefense.ap-southeast-1.compute.internal</Data><Data Name='DestinationPort'>445</Data><Data Name='DestinationPortName'>microsoft-ds</Data></EventData></Event><Event xmlns='http://schemas.microsoft.com/win/2004/08/events/event'><System><Provider Name='Microsoft-Windows-Sysmon' Guid='{5770385f-c22a-43e0-bf4c-06f5698ffbd9}'/><EventID>3</EventID><Version>5</Version><Level>4</Level><Task>3</Task><Opcode>0</Opcode><Keywords>0x8000000000000000</Keywords><TimeCreated SystemTime='2023-03-11T14:05:34.275627000Z'/><EventRecordID>3833</EventRecordID><Correlation/><Execution ProcessID='2204' ThreadID='540'/><Channel>Microsoft-Windows-Sysmon/Operational</Channel><Computer>AttackDefense</Computer><Security UserID='S-1-5-18'/></System><EventData><Data Name='RuleName'>SMB</Data><Data Name='UtcTime'>2023-03-11 14:05:32.372</Data><Data Name='ProcessGuid'>{221ce7aa-7afe-640c-eb03-000000000000}</Data><Data Name='ProcessId'>4</Data><Data Name='Image'>System</Data><Data Name='User'>NT AUTHORITY\SYSTEM</Data><Data Name='Protocol'>tcp</Data><Data Name='Initiated'>false</Data><Data Name='SourceIsIpv6'>false</Data><Data Name='SourceIp'>10.10.21.3</Data><Data Name='SourceHostname'>ip-10-10-21-3.ap-southeast-1.compute.internal</Data><Data Name='SourcePort'>42542</Data><Data Name='SourcePortName'>-</Data><Data Name='DestinationIsIpv6'>false</Data><Data Name='DestinationIp'>10.0.28.224</Data><Data Name='DestinationHostname'>AttackDefense.ap-southeast-1.compute.internal</Data><Data Name='DestinationPort'>445</Data><Data Name='DestinationPortName'>microsoft-ds</Data></EventData></Event><Event xmlns='http://schemas.microsoft.com/win/2004/08/events/event'><System><Provider Name='Microsoft-Windows-Sysmon' Guid='{5770385f-c22a-43e0-bf4c-06f5698ffbd9}'/><EventID>3</EventID><Version>5</Version><Level>4</Level><Task>3</Task><Opcode>0</Opcode><Keywords>0x8000000000000000</Keywords><TimeCreated SystemTime='2023-03-11T14:05:34.275618200Z'/><EventRecordID>3832</EventRecordID><Correlation/><Execution ProcessID='2204' ThreadID='540'/><Channel>Microsoft-Windows-Sysmon/Operational</Channel><Computer>AttackDefense</Computer><Security UserID='S-1-5-18'/></System><EventData><Data Name='RuleName'>SMB</Data><Data Name='UtcTime'>2023-03-11 14:05:32.361</Data><Data Name='ProcessGuid'>{221ce7aa-7afe-640c-eb03-000000000000}</Data><Data Name='ProcessId'>4</Data><Data Name='Image'>System</Data><Data Name='User'>NT AUTHORITY\SYSTEM</Data><Data Name='Protocol'>tcp</Data><Data Name='Initiated'>false</Data><Data Name='SourceIsIpv6'>false</Data><Data Name='SourceIp'>10.10.21.3</Data><Data Name='SourceHostname'>ip-10-10-21-3.ap-southeast-1.compute.internal</Data><Data Name='SourcePort'>42540</Data><Data Name='SourcePortName'>-</Data><Data Name='DestinationIsIpv6'>false</Data><Data Name='DestinationIp'>10.0.28.224</Data><Data Name='DestinationHostname'>AttackDefense.ap-southeast-1.compute.internal</Data><Data Name='DestinationPort'>445</Data><Data Name='DestinationPortName'>microsoft-ds</Data></EventData></Event><Event xmlns='http://schemas.microsoft.com/win/2004/08/events/event'><System><Provider Name='Microsoft-Windows-Sysmon' Guid='{5770385f-c22a-43e0-bf4c-06f5698ffbd9}'/><EventID>3</EventID><Version>5</Version><Level>4</Level><Task>3</Task><Opcode>0</Opcode><Keywords>0x8000000000000000</Keywords><TimeCreated SystemTime='2023-03-11T14:05:34.275609900Z'/><EventRecordID>3831</EventRecordID><Correlation/><Execution ProcessID='2204' ThreadID='540'/><Channel>Microsoft-Windows-Sysmon/Operational</Channel><Computer>AttackDefense</Computer><Security UserID='S-1-5-18'/></System><EventData><Data Name='RuleName'>SMB</Data><Data Name='UtcTime'>2023-03-11 14:05:32.352</Data><Data Name='ProcessGuid'>{221ce7aa-7afe-640c-eb03-000000000000}</Data><Data Name='ProcessId'>4</Data><Data Name='Image'>System</Data><Data Name='User'>NT AUTHORITY\SYSTEM</Data><Data Name='Protocol'>tcp</Data><Data Name='Initiated'>false</Data><Data Name='SourceIsIpv6'>false</Data><Data Name='SourceIp'>10.10.21.3</Data><Data Name='SourceHostname'>ip-10-10-21-3.ap-southeast-1.compute.internal</Data><Data Name='SourcePort'>42538</Data><Data Name='SourcePortName'>-</Data><Data Name='DestinationIsIpv6'>false</Data><Data Name='DestinationIp'>10.0.28.224</Data><Data Name='DestinationHostname'>AttackDefense.ap-southeast-1.compute.internal</Data><Data Name='DestinationPort'>445</Data><Data Name='DestinationPortName'>microsoft-ds</Data></EventData></Event><Event xmlns='http://schemas.microsoft.com/win/2004/08/events/event'><System><Provider Name='Microsoft-Windows-Sysmon' Guid='{5770385f-c22a-43e0-bf4c-06f5698ffbd9}'/><EventID>3</EventID><Version>5</Version><Level>4</Level><Task>3</Task><Opcode>0</Opcode><Keywords>0x8000000000000000</Keywords><TimeCreated SystemTime='2023-03-11T14:05:34.275601400Z'/><EventRecordID>3830</EventRecordID><Correlation/><Execution ProcessID='2204' ThreadID='540'/><Channel>Microsoft-Windows-Sysmon/Operational</Channel><Computer>AttackDefense</Computer><Security UserID='S-1-5-18'/></System><EventData><Data Name='RuleName'>SMB</Data><Data Name='UtcTime'>2023-03-11 14:05:32.341</Data><Data Name='ProcessGuid'>{221ce7aa-7afe-640c-eb03-000000000000}</Data><Data Name='ProcessId'>4</Data><Data Name='Image'>System</Data><Data Name='User'>NT AUTHORITY\SYSTEM</Data><Data Name='Protocol'>tcp</Data><Data Name='Initiated'>false</Data><Data Name='SourceIsIpv6'>false</Data><Data Name='SourceIp'>10.10.21.3</Data><Data Name='SourceHostname'>ip-10-10-21-3.ap-southeast-1.compute.internal</Data><Data Name='SourcePort'>42536</Data><Data Name='SourcePortName'>-</Data><Data Name='DestinationIsIpv6'>false</Data><Data Name='DestinationIp'>10.0.28.224</Data><Data Name='DestinationHostname'>AttackDefense.ap-southeast-1.compute.internal</Data><Data Name='DestinationPort'>445</Data><Data Name='DestinationPortName'>microsoft-ds</Data></EventData></Event><Event xmlns='http://schemas.microsoft.com/win/2004/08/events/event'><System><Provider Name='Microsoft-Windows-Sysmon' Guid='{5770385f-c22a-43e0-bf4c-06f5698ffbd9}'/><EventID>3</EventID><Version>5</Version><Level>4</Level><Task>3</Task><Opcode>0</Opcode><Keywords>0x8000000000000000</Keywords><TimeCreated SystemTime='2023-03-11T14:05:34.275592900Z'/><EventRecordID>3829</EventRecordID><Correlation/><Execution ProcessID='2204' ThreadID='540'/><Channel>Microsoft-Windows-Sysmon/Operational</Channel><Computer>AttackDefense</Computer><Security UserID='S-1-5-18'/></System><EventData><Data Name='RuleName'>SMB</Data><Data Name='UtcTime'>2023-03-11 14:05:32.331</Data><Data Name='ProcessGuid'>{221ce7aa-7afe-640c-eb03-000000000000}</Data><Data Name='ProcessId'>4</Data><Data Name='Image'>System</Data><Data Name='User'>NT AUTHORITY\SYSTEM</Data><Data Name='Protocol'>tcp</Data><Data Name='Initiated'>false</Data><Data Name='SourceIsIpv6'>false</Data><Data Name='SourceIp'>10.10.21.3</Data><Data Name='SourceHostname'>ip-10-10-21-3.ap-southeast-1.compute.internal</Data><Data Name='SourcePort'>42534</Data><Data Name='SourcePortName'>-</Data><Data Name='DestinationIsIpv6'>false</Data><Data Name='DestinationIp'>10.0.28.224</Data><Data Name='DestinationHostname'>AttackDefense.ap-southeast-1.compute.internal</Data><Data Name='DestinationPort'>445</Data><Data Name='DestinationPortName'>microsoft-ds</Data></EventData></Event><Event xmlns='http://schemas.microsoft.com/win/2004/08/events/event'><System><Provider Name='Microsoft-Windows-Sysmon' Guid='{5770385f-c22a-43e0-bf4c-06f5698ffbd9}'/><EventID>3</EventID><Version>5</Version><Level>4</Level><Task>3</Task><Opcode>0</Opcode><Keywords>0x8000000000000000</Keywords><TimeCreated SystemTime='2023-03-11T14:05:34.275584300Z'/><EventRecordID>3828</EventRecordID><Correlation/><Execution ProcessID='2204' ThreadID='540'/><Channel>Microsoft-Windows-Sysmon/Operational</Channel><Computer>AttackDefense</Computer><Security UserID='S-1-5-18'/></System><EventData><Data Name='RuleName'>SMB</Data><Data Name='UtcTime'>2023-03-11 14:05:32.321</Data><Data Name='ProcessGuid'>{221ce7aa-7afe-640c-eb03-000000000000}</Data><Data Name='ProcessId'>4</Data><Data Name='Image'>System</Data><Data Name='User'>NT AUTHORITY\SYSTEM</Data><Data Name='Protocol'>tcp</Data><Data Name='Initiated'>false</Data><Data Name='SourceIsIpv6'>false</Data><Data Name='SourceIp'>10.10.21.3</Data><Data Name='SourceHostname'>ip-10-10-21-3.ap-southeast-1.compute.internal</Data><Data Name='SourcePort'>42532</Data><Data Name='SourcePortName'>-</Data><Data Name='DestinationIsIpv6'>false</Data><Data Name='DestinationIp'>10.0.28.224</Data><Data Name='DestinationHostname'>AttackDefense.ap-southeast-1.compute.internal</Data><Data Name='DestinationPort'>445</Data><Data Name='DestinationPortName'>microsoft-ds</Data></EventData></Event><Event xmlns='http://schemas.microsoft.com/win/2004/08/events/event'><System><Provider Name='Microsoft-Windows-Sysmon' Guid='{5770385f-c22a-43e0-bf4c-06f5698ffbd9}'/><EventID>3</EventID><Version>5</Version><Level>4</Level><Task>3</Task><Opcode>0</Opcode><Keywords>0x8000000000000000</Keywords><TimeCreated SystemTime='2023-03-11T14:05:34.275575500Z'/><EventRecordID>3827</EventRecordID><Correlation/><Execution ProcessID='2204' ThreadID='540'/><Channel>Microsoft-Windows-Sysmon/Operational</Channel><Computer>AttackDefense</Computer><Security UserID='S-1-5-18'/></System><EventData><Data Name='RuleName'>SMB</Data><Data Name='UtcTime'>2023-03-11 14:05:32.311</Data><Data Name='ProcessGuid'>{221ce7aa-7afe-640c-eb03-000000000000}</Data><Data Name='ProcessId'>4</Data><Data Name='Image'>System</Data><Data Name='User'>NT AUTHORITY\SYSTEM</Data><Data Name='Protocol'>tcp</Data><Data Name='Initiated'>false</Data><Data Name='SourceIsIpv6'>false</Data><Data Name='SourceIp'>10.10.21.3</Data><Data Name='SourceHostname'>ip-10-10-21-3.ap-southeast-1.compute.internal</Data><Data Name='SourcePort'>42530</Data><Data Name='SourcePortName'>-</Data><Data Name='DestinationIsIpv6'>false</Data><Data Name='DestinationIp'>10.0.28.224</Data><Data Name='DestinationHostname'>AttackDefense.ap-southeast-1.compute.internal</Data><Data Name='DestinationPort'>445</Data><Data Name='DestinationPortName'>microsoft-ds</Data></EventData></Event><Event xmlns='http://schemas.microsoft.com/win/2004/08/events/event'><System><Provider Name='Microsoft-Windows-Sysmon' Guid='{5770385f-c22a-43e0-bf4c-06f5698ffbd9}'/><EventID>3</EventID><Version>5</Version><Level>4</Level><Task>3</Task><Opcode>0</Opcode><Keywords>0x8000000000000000</Keywords><TimeCreated SystemTime='2023-03-11T14:05:34.275566000Z'/><EventRecordID>3826</EventRecordID><Correlation/><Execution ProcessID='2204' ThreadID='540'/><Channel>Microsoft-Windows-Sysmon/Operational</Channel><Computer>AttackDefense</Computer><Security UserID='S-1-5-18'/></System><EventData><Data Name='RuleName'>SMB</Data><Data Name='UtcTime'>2023-03-11 14:05:32.301</Data><Data Name='ProcessGuid'>{221ce7aa-7afe-640c-eb03-000000000000}</Data><Data Name='ProcessId'>4</Data><Data Name='Image'>System</Data><Data Name='User'>NT AUTHORITY\SYSTEM</Data><Data Name='Protocol'>tcp</Data><Data Name='Initiated'>false</Data><Data Name='SourceIsIpv6'>false</Data><Data Name='SourceIp'>10.10.21.3</Data><Data Name='SourceHostname'>ip-10-10-21-3.ap-southeast-1.compute.internal</Data><Data Name='SourcePort'>42528</Data><Data Name='SourcePortName'>-</Data><Data Name='DestinationIsIpv6'>false</Data><Data Name='DestinationIp'>10.0.28.224</Data><Data Name='DestinationHostname'>AttackDefense.ap-southeast-1.compute.internal</Data><Data Name='DestinationPort'>445</Data><Data Name='DestinationPortName'>microsoft-ds</Data></EventData></Event><Event xmlns='http://schemas.microsoft.com/win/2004/08/events/event'><System><Provider Name='Microsoft-Windows-Sysmon' Guid='{5770385f-c22a-43e0-bf4c-06f5698ffbd9}'/><EventID>3</EventID><Version>5</Version><Level>4</Level><Task>3</Task><Opcode>0</Opcode><Keywords>0x8000000000000000</Keywords><TimeCreated SystemTime='2023-03-11T14:05:34.275557500Z'/><EventRecordID>3825</EventRecordID><Correlation/><Execution ProcessID='2204' ThreadID='540'/><Channel>Microsoft-Windows-Sysmon/Operational</Channel><Computer>AttackDefense</Computer><Security UserID='S-1-5-18'/></System><EventData><Data Name='RuleName'>SMB</Data><Data Name='UtcTime'>2023-03-11 14:05:32.291</Data><Data Name='ProcessGuid'>{221ce7aa-7afe-640c-eb03-000000000000}</Data><Data Name='ProcessId'>4</Data><Data Name='Image'>System</Data><Data Name='User'>NT AUTHORITY\SYSTEM</Data><Data Name='Protocol'>tcp</Data><Data Name='Initiated'>false</Data><Data Name='SourceIsIpv6'>false</Data><Data Name='SourceIp'>10.10.21.3</Data><Data Name='SourceHostname'>ip-10-10-21-3.ap-southeast-1.compute.internal</Data><Data Name='SourcePort'>42526</Data><Data Name='SourcePortName'>-</Data><Data Name='DestinationIsIpv6'>false</Data><Data Name='DestinationIp'>10.0.28.224</Data><Data Name='DestinationHostname'>AttackDefense.ap-southeast-1.compute.internal</Data><Data Name='DestinationPort'>445</Data><Data Name='DestinationPortName'>microsoft-ds</Data></EventData></Event><Event xmlns='http://schemas.microsoft.com/win/2004/08/events/event'><System><Provider Name='Microsoft-Windows-Sysmon' Guid='{5770385f-c22a-43e0-bf4c-06f5698ffbd9}'/><EventID>3</EventID><Version>5</Version><Level>4</Level><Task>3</Task><Opcode>0</Opcode><Keywords>0x8000000000000000</Keywords><TimeCreated SystemTime='2023-03-11T14:05:34.275548900Z'/><EventRecordID>3824</EventRecordID><Correlation/><Execution ProcessID='2204' ThreadID='540'/><Channel>Microsoft-Windows-Sysmon/Operational</Channel><Computer>AttackDefense</Computer><Security UserID='S-1-5-18'/></System><EventData><Data Name='RuleName'>SMB</Data><Data Name='UtcTime'>2023-03-11 14:05:32.281</Data><Data Name='ProcessGuid'>{221ce7aa-7afe-640c-eb03-000000000000}</Data><Data Name='ProcessId'>4</Data><Data Name='Image'>System</Data><Data Name='User'>NT AUTHORITY\SYSTEM</Data><Data Name='Protocol'>tcp</Data><Data Name='Initiated'>false</Data><Data Name='SourceIsIpv6'>false</Data><Data Name='SourceIp'>10.10.21.3</Data><Data Name='SourceHostname'>ip-10-10-21-3.ap-southeast-1.compute.internal</Data><Data Name='SourcePort'>42524</Data><Data Name='SourcePortName'>-</Data><Data Name='DestinationIsIpv6'>false</Data><Data Name='DestinationIp'>10.0.28.224</Data><Data Name='DestinationHostname'>AttackDefense.ap-southeast-1.compute.internal</Data><Data Name='DestinationPort'>445</Data><Data Name='DestinationPortName'>microsoft-ds</Data></EventData></Event><Event xmlns='http://schemas.microsoft.com/win/2004/08/events/event'><System><Provider Name='Microsoft-Windows-Sysmon' Guid='{5770385f-c22a-43e0-bf4c-06f5698ffbd9}'/><EventID>3</EventID><Version>5</Version><Level>4</Level><Task>3</Task><Opcode>0</Opcode><Keywords>0x8000000000000000</Keywords><TimeCreated SystemTime='2023-03-11T14:05:34.275540400Z'/><EventRecordID>3823</EventRecordID><Correlation/><Execution ProcessID='2204' ThreadID='540'/><Channel>Microsoft-Windows-Sysmon/Operational</Channel><Computer>AttackDefense</Computer><Security UserID='S-1-5-18'/></System><EventData><Data Name='RuleName'>SMB</Data><Data Name='UtcTime'>2023-03-11 14:05:32.271</Data><Data Name='ProcessGuid'>{221ce7aa-7afe-640c-eb03-000000000000}</Data><Data Name='ProcessId'>4</Data><Data Name='Image'>System</Data><Data Name='User'>NT AUTHORITY\SYSTEM</Data><Data Name='Protocol'>tcp</Data><Data Name='Initiated'>false</Data><Data Name='SourceIsIpv6'>false</Data><Data Name='SourceIp'>10.10.21.3</Data><Data Name='SourceHostname'>ip-10-10-21-3.ap-southeast-1.compute.internal</Data><Data Name='SourcePort'>42522</Data><Data Name='SourcePortName'>-</Data><Data Name='DestinationIsIpv6'>false</Data><Data Name='DestinationIp'>10.0.28.224</Data><Data Name='DestinationHostname'>AttackDefense.ap-southeast-1.compute.internal</Data><Data Name='DestinationPort'>445</Data><Data Name='DestinationPortName'>microsoft-ds</Data></EventData></Event><Event xmlns='http://schemas.microsoft.com/win/2004/08/events/event'><System><Provider Name='Microsoft-Windows-Sysmon' Guid='{5770385f-c22a-43e0-bf4c-06f5698ffbd9}'/><EventID>3</EventID><Version>5</Version><Level>4</Level><Task>3</Task><Opcode>0</Opcode><Keywords>0x8000000000000000</Keywords><TimeCreated SystemTime='2023-03-11T14:05:34.275531600Z'/><EventRecordID>3822</EventRecordID><Correlation/><Execution ProcessID='2204' ThreadID='540'/><Channel>Microsoft-Windows-Sysmon/Operational</Channel><Computer>AttackDefense</Computer><Security UserID='S-1-5-18'/></System><EventData><Data Name='RuleName'>SMB</Data><Data Name='UtcTime'>2023-03-11 14:05:32.261</Data><Data Name='ProcessGuid'>{221ce7aa-7afe-640c-eb03-000000000000}</Data><Data Name='ProcessId'>4</Data><Data Name='Image'>System</Data><Data Name='User'>NT AUTHORITY\SYSTEM</Data><Data Name='Protocol'>tcp</Data><Data Name='Initiated'>false</Data><Data Name='SourceIsIpv6'>false</Data><Data Name='SourceIp'>10.10.21.3</Data><Data Name='SourceHostname'>ip-10-10-21-3.ap-southeast-1.compute.internal</Data><Data Name='SourcePort'>42520</Data><Data Name='SourcePortName'>-</Data><Data Name='DestinationIsIpv6'>false</Data><Data Name='DestinationIp'>10.0.28.224</Data><Data Name='DestinationHostname'>AttackDefense.ap-southeast-1.compute.internal</Data><Data Name='DestinationPort'>445</Data><Data Name='DestinationPortName'>microsoft-ds</Data></EventData></Event><Event xmlns='http://schemas.microsoft.com/win/2004/08/events/event'><System><Provider Name='Microsoft-Windows-Sysmon' Guid='{5770385f-c22a-43e0-bf4c-06f5698ffbd9}'/><EventID>3</EventID><Version>5</Version><Level>4</Level><Task>3</Task><Opcode>0</Opcode><Keywords>0x8000000000000000</Keywords><TimeCreated SystemTime='2023-03-11T14:05:34.275522700Z'/><EventRecordID>3821</EventRecordID><Correlation/><Execution ProcessID='2204' ThreadID='540'/><Channel>Microsoft-Windows-Sysmon/Operational</Channel><Computer>AttackDefense</Computer><Security UserID='S-1-5-18'/></System><EventData><Data Name='RuleName'>SMB</Data><Data Name='UtcTime'>2023-03-11 14:05:32.251</Data><Data Name='ProcessGuid'>{221ce7aa-7afe-640c-eb03-000000000000}</Data><Data Name='ProcessId'>4</Data><Data Name='Image'>System</Data><Data Name='User'>NT AUTHORITY\SYSTEM</Data><Data Name='Protocol'>tcp</Data><Data Name='Initiated'>false</Data><Data Name='SourceIsIpv6'>false</Data><Data Name='SourceIp'>10.10.21.3</Data><Data Name='SourceHostname'>ip-10-10-21-3.ap-southeast-1.compute.internal</Data><Data Name='SourcePort'>42518</Data><Data Name='SourcePortName'>-</Data><Data Name='DestinationIsIpv6'>false</Data><Data Name='DestinationIp'>10.0.28.224</Data><Data Name='DestinationHostname'>AttackDefense.ap-southeast-1.compute.internal</Data><Data Name='DestinationPort'>445</Data><Data Name='DestinationPortName'>microsoft-ds</Data></EventData></Event><Event xmlns='http://schemas.microsoft.com/win/2004/08/events/event'><System><Provider Name='Microsoft-Windows-Sysmon' Guid='{5770385f-c22a-43e0-bf4c-06f5698ffbd9}'/><EventID>3</EventID><Version>5</Version><Level>4</Level><Task>3</Task><Opcode>0</Opcode><Keywords>0x8000000000000000</Keywords><TimeCreated SystemTime='2023-03-11T14:05:34.275514000Z'/><EventRecordID>3820</EventRecordID><Correlation/><Execution ProcessID='2204' ThreadID='540'/><Channel>Microsoft-Windows-Sysmon/Operational</Channel><Computer>AttackDefense</Computer><Security UserID='S-1-5-18'/></System><EventData><Data Name='RuleName'>SMB</Data><Data Name='UtcTime'>2023-03-11 14:05:32.240</Data><Data Name='ProcessGuid'>{221ce7aa-7afe-640c-eb03-000000000000}</Data><Data Name='ProcessId'>4</Data><Data Name='Image'>System</Data><Data Name='User'>NT AUTHORITY\SYSTEM</Data><Data Name='Protocol'>tcp</Data><Data Name='Initiated'>false</Data><Data Name='SourceIsIpv6'>false</Data><Data Name='SourceIp'>10.10.21.3</Data><Data Name='SourceHostname'>ip-10-10-21-3.ap-southeast-1.compute.internal</Data><Data Name='SourcePort'>42516</Data><Data Name='SourcePortName'>-</Data><Data Name='DestinationIsIpv6'>false</Data><Data Name='DestinationIp'>10.0.28.224</Data><Data Name='DestinationHostname'>AttackDefense.ap-southeast-1.compute.internal</Data><Data Name='DestinationPort'>445</Data><Data Name='DestinationPortName'>microsoft-ds</Data></EventData></Event><Event xmlns='http://schemas.microsoft.com/win/2004/08/events/event'><System><Provider Name='Microsoft-Windows-Sysmon' Guid='{5770385f-c22a-43e0-bf4c-06f5698ffbd9}'/><EventID>3</EventID><Version>5</Version><Level>4</Level><Task>3</Task><Opcode>0</Opcode><Keywords>0x8000000000000000</Keywords><TimeCreated SystemTime='2023-03-11T14:05:34.275505000Z'/><EventRecordID>3819</EventRecordID><Correlation/><Execution ProcessID='2204' ThreadID='540'/><Channel>Microsoft-Windows-Sysmon/Operational</Channel><Computer>AttackDefense</Computer><Security UserID='S-1-5-18'/></System><EventData><Data Name='RuleName'>SMB</Data><Data Name='UtcTime'>2023-03-11 14:05:32.231</Data><Data Name='ProcessGuid'>{221ce7aa-7afe-640c-eb03-000000000000}</Data><Data Name='ProcessId'>4</Data><Data Name='Image'>System</Data><Data Name='User'>NT AUTHORITY\SYSTEM</Data><Data Name='Protocol'>tcp</Data><Data Name='Initiated'>false</Data><Data Name='SourceIsIpv6'>false</Data><Data Name='SourceIp'>10.10.21.3</Data><Data Name='SourceHostname'>ip-10-10-21-3.ap-southeast-1.compute.internal</Data><Data Name='SourcePort'>42514</Data><Data Name='SourcePortName'>-</Data><Data Name='DestinationIsIpv6'>false</Data><Data Name='DestinationIp'>10.0.28.224</Data><Data Name='DestinationHostname'>AttackDefense.ap-southeast-1.compute.internal</Data><Data Name='DestinationPort'>445</Data><Data Name='DestinationPortName'>microsoft-ds</Data></EventData></Event><Event xmlns='http://schemas.microsoft.com/win/2004/08/events/event'><System><Provider Name='Microsoft-Windows-Sysmon' Guid='{5770385f-c22a-43e0-bf4c-06f5698ffbd9}'/><EventID>3</EventID><Version>5</Version><Level>4</Level><Task>3</Task><Opcode>0</Opcode><Keywords>0x8000000000000000</Keywords><TimeCreated SystemTime='2023-03-11T14:05:34.275495900Z'/><EventRecordID>3818</EventRecordID><Correlation/><Execution ProcessID='2204' ThreadID='540'/><Channel>Microsoft-Windows-Sysmon/Operational</Channel><Computer>AttackDefense</Computer><Security UserID='S-1-5-18'/></System><EventData><Data Name='RuleName'>SMB</Data><Data Name='UtcTime'>2023-03-11 14:05:32.221</Data><Data Name='ProcessGuid'>{221ce7aa-7afe-640c-eb03-000000000000}</Data><Data Name='ProcessId'>4</Data><Data Name='Image'>System</Data><Data Name='User'>NT AUTHORITY\SYSTEM</Data><Data Name='Protocol'>tcp</Data><Data Name='Initiated'>false</Data><Data Name='SourceIsIpv6'>false</Data><Data Name='SourceIp'>10.10.21.3</Data><Data Name='SourceHostname'>ip-10-10-21-3.ap-southeast-1.compute.internal</Data><Data Name='SourcePort'>42512</Data><Data Name='SourcePortName'>-</Data><Data Name='DestinationIsIpv6'>false</Data><Data Name='DestinationIp'>10.0.28.224</Data><Data Name='DestinationHostname'>AttackDefense.ap-southeast-1.compute.internal</Data><Data Name='DestinationPort'>445</Data><Data Name='DestinationPortName'>microsoft-ds</Data></EventData></Event><Event xmlns='http://schemas.microsoft.com/win/2004/08/events/event'><System><Provider Name='Microsoft-Windows-Sysmon' Guid='{5770385f-c22a-43e0-bf4c-06f5698ffbd9}'/><EventID>3</EventID><Version>5</Version><Level>4</Level><Task>3</Task><Opcode>0</Opcode><Keywords>0x8000000000000000</Keywords><TimeCreated SystemTime='2023-03-11T14:05:34.275487300Z'/><EventRecordID>3817</EventRecordID><Correlation/><Execution ProcessID='2204' ThreadID='540'/><Channel>Microsoft-Windows-Sysmon/Operational</Channel><Computer>AttackDefense</Computer><Security UserID='S-1-5-18'/></System><EventData><Data Name='RuleName'>SMB</Data><Data Name='UtcTime'>2023-03-11 14:05:32.211</Data><Data Name='ProcessGuid'>{221ce7aa-7afe-640c-eb03-000000000000}</Data><Data Name='ProcessId'>4</Data><Data Name='Image'>System</Data><Data Name='User'>NT AUTHORITY\SYSTEM</Data><Data Name='Protocol'>tcp</Data><Data Name='Initiated'>false</Data><Data Name='SourceIsIpv6'>false</Data><Data Name='SourceIp'>10.10.21.3</Data><Data Name='SourceHostname'>ip-10-10-21-3.ap-southeast-1.compute.internal</Data><Data Name='SourcePort'>42510</Data><Data Name='SourcePortName'>-</Data><Data Name='DestinationIsIpv6'>false</Data><Data Name='DestinationIp'>10.0.28.224</Data><Data Name='DestinationHostname'>AttackDefense.ap-southeast-1.compute.internal</Data><Data Name='DestinationPort'>445</Data><Data Name='DestinationPortName'>microsoft-ds</Data></EventData></Event><Event xmlns='http://schemas.microsoft.com/win/2004/08/events/event'><System><Provider Name='Microsoft-Windows-Sysmon' Guid='{5770385f-c22a-43e0-bf4c-06f5698ffbd9}'/><EventID>3</EventID><Version>5</Version><Level>4</Level><Task>3</Task><Opcode>0</Opcode><Keywords>0x8000000000000000</Keywords><TimeCreated SystemTime='2023-03-11T14:05:34.275478500Z'/><EventRecordID>3816</EventRecordID><Correlation/><Execution ProcessID='2204' ThreadID='540'/><Channel>Microsoft-Windows-Sysmon/Operational</Channel><Computer>AttackDefense</Computer><Security UserID='S-1-5-18'/></System><EventData><Data Name='RuleName'>SMB</Data><Data Name='UtcTime'>2023-03-11 14:05:32.201</Data><Data Name='ProcessGuid'>{221ce7aa-7afe-640c-eb03-000000000000}</Data><Data Name='ProcessId'>4</Data><Data Name='Image'>System</Data><Data Name='User'>NT AUTHORITY\SYSTEM</Data><Data Name='Protocol'>tcp</Data><Data Name='Initiated'>false</Data><Data Name='SourceIsIpv6'>false</Data><Data Name='SourceIp'>10.10.21.3</Data><Data Name='SourceHostname'>ip-10-10-21-3.ap-southeast-1.compute.internal</Data><Data Name='SourcePort'>42508</Data><Data Name='SourcePortName'>-</Data><Data Name='DestinationIsIpv6'>false</Data><Data Name='DestinationIp'>10.0.28.224</Data><Data Name='DestinationHostname'>AttackDefense.ap-southeast-1.compute.internal</Data><Data Name='DestinationPort'>445</Data><Data Name='DestinationPortName'>microsoft-ds</Data></EventData></Event><Event xmlns='http://schemas.microsoft.com/win/2004/08/events/event'><System><Provider Name='Microsoft-Windows-Sysmon' Guid='{5770385f-c22a-43e0-bf4c-06f5698ffbd9}'/><EventID>3</EventID><Version>5</Version><Level>4</Level><Task>3</Task><Opcode>0</Opcode><Keywords>0x8000000000000000</Keywords><TimeCreated SystemTime='2023-03-11T14:05:34.275469100Z'/><EventRecordID>3815</EventRecordID><Correlation/><Execution ProcessID='2204' ThreadID='540'/><Channel>Microsoft-Windows-Sysmon/Operational</Channel><Computer>AttackDefense</Computer><Security UserID='S-1-5-18'/></System><EventData><Data Name='RuleName'>SMB</Data><Data Name='UtcTime'>2023-03-11 14:05:32.191</Data><Data Name='ProcessGuid'>{221ce7aa-7afe-640c-eb03-000000000000}</Data><Data Name='ProcessId'>4</Data><Data Name='Image'>System</Data><Data Name='User'>NT AUTHORITY\SYSTEM</Data><Data Name='Protocol'>tcp</Data><Data Name='Initiated'>false</Data><Data Name='SourceIsIpv6'>false</Data><Data Name='SourceIp'>10.10.21.3</Data><Data Name='SourceHostname'>ip-10-10-21-3.ap-southeast-1.compute.internal</Data><Data Name='SourcePort'>42506</Data><Data Name='SourcePortName'>-</Data><Data Name='DestinationIsIpv6'>false</Data><Data Name='DestinationIp'>10.0.28.224</Data><Data Name='DestinationHostname'>AttackDefense.ap-southeast-1.compute.internal</Data><Data Name='DestinationPort'>445</Data><Data Name='DestinationPortName'>microsoft-ds</Data></EventData></Event><Event xmlns='http://schemas.microsoft.com/win/2004/08/events/event'><System><Provider Name='Microsoft-Windows-Sysmon' Guid='{5770385f-c22a-43e0-bf4c-06f5698ffbd9}'/><EventID>3</EventID><Version>5</Version><Level>4</Level><Task>3</Task><Opcode>0</Opcode><Keywords>0x8000000000000000</Keywords><TimeCreated SystemTime='2023-03-11T14:05:34.275459200Z'/><EventRecordID>3814</EventRecordID><Correlation/><Execution ProcessID='2204' ThreadID='540'/><Channel>Microsoft-Windows-Sysmon/Operational</Channel><Computer>AttackDefense</Computer><Security UserID='S-1-5-18'/></System><EventData><Data Name='RuleName'>SMB</Data><Data Name='UtcTime'>2023-03-11 14:05:32.180</Data><Data Name='ProcessGuid'>{221ce7aa-7afe-640c-eb03-000000000000}</Data><Data Name='ProcessId'>4</Data><Data Name='Image'>System</Data><Data Name='User'>NT AUTHORITY\SYSTEM</Data><Data Name='Protocol'>tcp</Data><Data Name='Initiated'>false</Data><Data Name='SourceIsIpv6'>false</Data><Data Name='SourceIp'>10.10.21.3</Data><Data Name='SourceHostname'>ip-10-10-21-3.ap-southeast-1.compute.internal</Data><Data Name='SourcePort'>42504</Data><Data Name='SourcePortName'>-</Data><Data Name='DestinationIsIpv6'>false</Data><Data Name='DestinationIp'>10.0.28.224</Data><Data Name='DestinationHostname'>AttackDefense.ap-southeast-1.compute.internal</Data><Data Name='DestinationPort'>445</Data><Data Name='DestinationPortName'>microsoft-ds</Data></EventData></Event><Event xmlns='http://schemas.microsoft.com/win/2004/08/events/event'><System><Provider Name='Microsoft-Windows-Sysmon' Guid='{5770385f-c22a-43e0-bf4c-06f5698ffbd9}'/><EventID>3</EventID><Version>5</Version><Level>4</Level><Task>3</Task><Opcode>0</Opcode><Keywords>0x8000000000000000</Keywords><TimeCreated SystemTime='2023-03-11T14:05:34.275439100Z'/><EventRecordID>3813</EventRecordID><Correlation/><Execution ProcessID='2204' ThreadID='540'/><Channel>Microsoft-Windows-Sysmon/Operational</Channel><Computer>AttackDefense</Computer><Security UserID='S-1-5-18'/></System><EventData><Data Name='RuleName'>SMB</Data><Data Name='UtcTime'>2023-03-11 14:05:32.171</Data><Data Name='ProcessGuid'>{221ce7aa-7afe-640c-eb03-000000000000}</Data><Data Name='ProcessId'>4</Data><Data Name='Image'>System</Data><Data Name='User'>NT AUTHORITY\SYSTEM</Data><Data Name='Protocol'>tcp</Data><Data Name='Initiated'>false</Data><Data Name='SourceIsIpv6'>false</Data><Data Name='SourceIp'>10.10.21.3</Data><Data Name='SourceHostname'>ip-10-10-21-3.ap-southeast-1.compute.internal</Data><Data Name='SourcePort'>42502</Data><Data Name='SourcePortName'>-</Data><Data Name='DestinationIsIpv6'>false</Data><Data Name='DestinationIp'>10.0.28.224</Data><Data Name='DestinationHostname'>AttackDefense.ap-southeast-1.compute.internal</Data><Data Name='DestinationPort'>445</Data><Data Name='DestinationPortName'>microsoft-ds</Data></EventData></Event><Event xmlns='http://schemas.microsoft.com/win/2004/08/events/event'><System><Provider Name='Microsoft-Windows-Sysmon' Guid='{5770385f-c22a-43e0-bf4c-06f5698ffbd9}'/><EventID>3</EventID><Version>5</Version><Level>4</Level><Task>3</Task><Opcode>0</Opcode><Keywords>0x8000000000000000</Keywords><TimeCreated SystemTime='2023-03-11T14:05:33.247079500Z'/><EventRecordID>3812</EventRecordID><Correlation/><Execution ProcessID='2204' ThreadID='540'/><Channel>Microsoft-Windows-Sysmon/Operational</Channel><Computer>AttackDefense</Computer><Security UserID='S-1-5-18'/></System><EventData><Data Name='RuleName'>SMB</Data><Data Name='UtcTime'>2023-03-11 14:05:32.160</Data><Data Name='ProcessGuid'>{221ce7aa-7afe-640c-eb03-000000000000}</Data><Data Name='ProcessId'>4</Data><Data Name='Image'>System</Data><Data Name='User'>NT AUTHORITY\SYSTEM</Data><Data Name='Protocol'>tcp</Data><Data Name='Initiated'>false</Data><Data Name='SourceIsIpv6'>false</Data><Data Name='SourceIp'>10.10.21.3</Data><Data Name='SourceHostname'>ip-10-10-21-3.ap-southeast-1.compute.internal</Data><Data Name='SourcePort'>42500</Data><Data Name='SourcePortName'>-</Data><Data Name='DestinationIsIpv6'>false</Data><Data Name='DestinationIp'>10.0.28.224</Data><Data Name='DestinationHostname'>AttackDefense.ap-southeast-1.compute.internal</Data><Data Name='DestinationPort'>445</Data><Data Name='DestinationPortName'>microsoft-ds</Data></EventData></Event><Event xmlns='http://schemas.microsoft.com/win/2004/08/events/event'><System><Provider Name='Microsoft-Windows-Sysmon' Guid='{5770385f-c22a-43e0-bf4c-06f5698ffbd9}'/><EventID>3</EventID><Version>5</Version><Level>4</Level><Task>3</Task><Opcode>0</Opcode><Keywords>0x8000000000000000</Keywords><TimeCreated SystemTime='2023-03-11T14:05:33.247069600Z'/><EventRecordID>3811</EventRecordID><Correlation/><Execution ProcessID='2204' ThreadID='540'/><Channel>Microsoft-Windows-Sysmon/Operational</Channel><Computer>AttackDefense</Computer><Security UserID='S-1-5-18'/></System><EventData><Data Name='RuleName'>SMB</Data><Data Name='UtcTime'>2023-03-11 14:05:32.151</Data><Data Name='ProcessGuid'>{221ce7aa-7afe-640c-eb03-000000000000}</Data><Data Name='ProcessId'>4</Data><Data Name='Image'>System</Data><Data Name='User'>NT AUTHORITY\SYSTEM</Data><Data Name='Protocol'>tcp</Data><Data Name='Initiated'>false</Data><Data Name='SourceIsIpv6'>false</Data><Data Name='SourceIp'>10.10.21.3</Data><Data Name='SourceHostname'>ip-10-10-21-3.ap-southeast-1.compute.internal</Data><Data Name='SourcePort'>42498</Data><Data Name='SourcePortName'>-</Data><Data Name='DestinationIsIpv6'>false</Data><Data Name='DestinationIp'>10.0.28.224</Data><Data Name='DestinationHostname'>AttackDefense.ap-southeast-1.compute.internal</Data><Data Name='DestinationPort'>445</Data><Data Name='DestinationPortName'>microsoft-ds</Data></EventData></Event><Event xmlns='http://schemas.microsoft.com/win/2004/08/events/event'><System><Provider Name='Microsoft-Windows-Sysmon' Guid='{5770385f-c22a-43e0-bf4c-06f5698ffbd9}'/><EventID>3</EventID><Version>5</Version><Level>4</Level><Task>3</Task><Opcode>0</Opcode><Keywords>0x8000000000000000</Keywords><TimeCreated SystemTime='2023-03-11T14:05:33.247059100Z'/><EventRecordID>3810</EventRecordID><Correlation/><Execution ProcessID='2204' ThreadID='540'/><Channel>Microsoft-Windows-Sysmon/Operational</Channel><Computer>AttackDefense</Computer><Security UserID='S-1-5-18'/></System><EventData><Data Name='RuleName'>SMB</Data><Data Name='UtcTime'>2023-03-11 14:05:32.140</Data><Data Name='ProcessGuid'>{221ce7aa-7afe-640c-eb03-000000000000}</Data><Data Name='ProcessId'>4</Data><Data Name='Image'>System</Data><Data Name='User'>NT AUTHORITY\SYSTEM</Data><Data Name='Protocol'>tcp</Data><Data Name='Initiated'>false</Data><Data Name='SourceIsIpv6'>false</Data><Data Name='SourceIp'>10.10.21.3</Data><Data Name='SourceHostname'>ip-10-10-21-3.ap-southeast-1.compute.internal</Data><Data Name='SourcePort'>42496</Data><Data Name='SourcePortName'>-</Data><Data Name='DestinationIsIpv6'>false</Data><Data Name='DestinationIp'>10.0.28.224</Data><Data Name='DestinationHostname'>AttackDefense.ap-southeast-1.compute.internal</Data><Data Name='DestinationPort'>445</Data><Data Name='DestinationPortName'>microsoft-ds</Data></EventData></Event><Event xmlns='http://schemas.microsoft.com/win/2004/08/events/event'><System><Provider Name='Microsoft-Windows-Sysmon' Guid='{5770385f-c22a-43e0-bf4c-06f5698ffbd9}'/><EventID>3</EventID><Version>5</Version><Level>4</Level><Task>3</Task><Opcode>0</Opcode><Keywords>0x8000000000000000</Keywords><TimeCreated SystemTime='2023-03-11T14:05:33.247042400Z'/><EventRecordID>3809</EventRecordID><Correlation/><Execution ProcessID='2204' ThreadID='540'/><Channel>Microsoft-Windows-Sysmon/Operational</Channel><Computer>AttackDefense</Computer><Security UserID='S-1-5-18'/></System><EventData><Data Name='RuleName'>SMB</Data><Data Name='UtcTime'>2023-03-11 14:05:31.626</Data><Data Name='ProcessGuid'>{221ce7aa-7afe-640c-eb03-000000000000}</Data><Data Name='ProcessId'>4</Data><Data Name='Image'>System</Data><Data Name='User'>NT AUTHORITY\SYSTEM</Data><Data Name='Protocol'>tcp</Data><Data Name='Initiated'>false</Data><Data Name='SourceIsIpv6'>false</Data><Data Name='SourceIp'>10.10.21.3</Data><Data Name='SourceHostname'>ip-10-10-21-3.ap-southeast-1.compute.internal</Data><Data Name='SourcePort'>42494</Data><Data Name='SourcePortName'>-</Data><Data Name='DestinationIsIpv6'>false</Data><Data Name='DestinationIp'>10.0.28.224</Data><Data Name='DestinationHostname'>AttackDefense.ap-southeast-1.compute.internal</Data><Data Name='DestinationPort'>445</Data><Data Name='DestinationPortName'>microsoft-ds</Data></EventData></Event></Events>